Stock market proxy (CRPS NYSE, Amex and Nasdaq value-weighted index of all listed shares - value weighted daily return)
DATE,vwretd
1949-01-03,-0.013856
1949-01-04,0.004450
1949-01-05,0.010071
1949-01-06,0.020071
1949-01-07,0.007903
1949-01-08,0.000477
1949-01-10,-0.006931
1949-01-11,0.000487
1949-01-12,-0.000681
1949-01-13,-0.005290
1949-01-14,-0.008250
1949-01-15,0.002006
1949-01-17,0.002906
1949-01-18,0.002808
1949-01-19,0.002919
1949-01-20,0.004415
1949-01-21,-0.001395
1949-01-22,0.001479
1949-01-24,-0.003208
1949-01-25,-0.006397
1949-01-26,-0.003074
1949-01-27,-0.003844
1949-01-28,-0.004008
1949-01-29,0.001763
1949-01-31,-0.001364
1949-02-01,0.004940
1949-02-02,0.001838
1949-02-03,-0.002380
1949-02-04,-0.013092
1949-02-05,-0.014643
1949-02-07,-0.007222
1949-02-08,-0.001406
1949-02-09,0.005972
1949-02-10,-0.011671
1949-02-11,-0.000124
1949-02-14,0.001645
1949-02-15,0.003897
1949-02-16,0.005739
1949-02-17,0.008460
1949-02-18,-0.002068
1949-02-19,-0.001299
1949-02-21,-0.002400
1949-02-23,-0.007111
1949-02-24,-0.009074
1949-02-25,-0.001812
1949-02-26,0.004317
1949-02-28,0.008620
1949-03-01,0.005420
1949-03-02,-0.000201
1949-03-03,-0.000464
1949-03-04,0.002091
1949-03-05,0.008912
1949-03-07,0.005024
1949-03-08,0.003611
1949-03-09,-0.001604
1949-03-10,0.001134
1949-03-11,0.009190
1949-03-12,0.003474
1949-03-14,0.000046
1949-03-15,-0.006348
1949-03-16,-0.003759
1949-03-17,0.003879
1949-03-18,-0.002069
1949-03-19,-0.000390
1949-03-21,-0.001991
1949-03-22,-0.007414
1949-03-23,0.009603
1949-03-24,0.003756
1949-03-25,-0.005062
1949-03-26,0.000785
1949-03-28,0.001046
1949-03-29,0.017702
1949-03-30,0.002729
1949-03-31,-0.007955
1949-04-01,-0.006348
1949-04-02,0.003150
1949-04-04,0.001130
1949-04-05,0.000519
1949-04-06,-0.002003
1949-04-07,-0.002722
1949-04-08,0.001735
1949-04-09,0.002779
1949-04-11,-0.002157
1949-04-12,0.000940
1949-04-13,-0.000436
1949-04-14,-0.001759
1949-04-16,0.002930
1949-04-18,0.001083
1949-04-19,-0.003054
1949-04-20,-0.001832
1949-04-21,-0.014760
1949-04-22,0.000574
1949-04-23,0.004003
1949-04-25,-0.002636
1949-04-26,0.003611
1949-04-27,0.000551
1949-04-28,-0.005153
1949-04-29,-0.000197
1949-04-30,0.002049
1949-05-02,0.001519
1949-05-03,0.003709
1949-05-04,0.009630
1949-05-05,0.000451
1949-05-06,-0.003733
1949-05-07,-0.000294
1949-05-09,-0.002383
1949-05-10,-0.001632
1949-05-11,0.001613
1949-05-12,0.002621
1949-05-13,0.001136
1949-05-14,0.002734
1949-05-16,0.002400
1949-05-17,-0.002527
1949-05-18,-0.001920
1949-05-19,-0.005921
1949-05-20,-0.003842
1949-05-21,0.000360
1949-05-23,-0.008300
1949-05-24,-0.005768
1949-05-25,0.002646
1949-05-26,0.000840
1949-05-27,-0.001881
1949-05-31,-0.020220
1949-06-01,-0.002139
1949-06-02,0.001125
1949-06-03,-0.005499
1949-06-06,-0.015351
1949-06-07,0.001598
1949-06-08,0.006800
1949-06-09,-0.000180
1949-06-10,-0.007246
1949-06-13,-0.018401
1949-06-14,0.003416
1949-06-15,0.016818
1949-06-16,-0.001439
1949-06-17,0.001094
1949-06-20,0.012099
1949-06-21,0.001760
1949-06-22,-0.000881
1949-06-23,0.006227
1949-06-24,0.001224
1949-06-27,-0.000495
1949-06-28,-0.008293
1949-06-29,0.005766
1949-06-30,0.004963
1949-07-01,0.007144
1949-07-05,0.004628
1949-07-06,0.008765
1949-07-07,-0.000301
1949-07-08,0.000192
1949-07-11,0.001095
1949-07-12,0.005089
1949-07-13,0.009993
1949-07-14,0.002801
1949-07-15,-0.002542
1949-07-18,0.002921
1949-07-19,0.007141
1949-07-20,0.004094
1949-07-21,-0.003737
1949-07-22,0.000378
1949-07-25,0.002897
1949-07-26,0.005930
1949-07-27,0.001319
1949-07-28,-0.001858
1949-07-29,-0.000773
1949-08-01,0.005219
1949-08-02,0.003283
1949-08-03,-0.000099
1949-08-04,-0.000077
1949-08-05,0.011546
1949-08-08,0.010771
1949-08-09,-0.003522
1949-08-10,0.006274
1949-08-11,-0.002627
1949-08-12,-0.002797
1949-08-15,-0.002761
1949-08-16,0.003583
1949-08-17,0.010405
1949-08-18,0.004175
1949-08-19,-0.004590
1949-08-22,-0.003644
1949-08-23,-0.012189
1949-08-24,0.000950
1949-08-25,0.002601
1949-08-26,0.001694
1949-08-29,-0.006796
1949-08-30,0.003888
1949-08-31,0.001656
1949-09-01,0.006954
1949-09-02,0.000635
1949-09-06,-0.001451
1949-09-07,0.006426
1949-09-08,0.002264
1949-09-09,-0.001156
1949-09-12,0.008383
1949-09-13,0.014608
1949-09-14,-0.000822
1949-09-15,-0.005213
1949-09-16,0.003044
1949-09-19,-0.006087
1949-09-20,-0.022165
1949-09-21,0.014681
1949-09-22,0.006110
1949-09-23,0.004553
1949-09-26,-0.002376
1949-09-27,-0.007188
1949-09-28,0.009087
1949-09-29,0.002734
1949-09-30,-0.000815
1949-10-01,-0.004233
1949-10-03,0.004840
1949-10-04,0.008307
1949-10-05,0.003963
1949-10-06,0.003054
1949-10-07,0.001202
1949-10-08,0.001043
1949-10-10,-0.001079
1949-10-11,0.008372
1949-10-13,0.000277
1949-10-14,-0.002509
1949-10-15,-0.000769
1949-10-17,-0.009722
1949-10-18,0.007862
1949-10-19,0.004219
1949-10-20,-0.001274
1949-10-21,-0.000991
1949-10-22,0.000452
1949-10-24,-0.000009
1949-10-25,0.004432
1949-10-26,0.008500
1949-10-27,0.004500
1949-10-28,-0.005220
1949-10-29,0.000286
1949-10-31,-0.003942
1949-11-01,0.007449
1949-11-02,0.009102
1949-11-03,-0.001461
1949-11-04,0.000052
1949-11-05,0.001360
1949-11-07,-0.002001
1949-11-09,-0.000768
1949-11-10,-0.001089
1949-11-12,-0.000036
1949-11-14,-0.006738
1949-11-15,-0.006360
1949-11-16,0.005444
1949-11-17,0.007665
1949-11-18,0.010415
1949-11-19,0.002182
1949-11-21,-0.005687
1949-11-22,0.003134
1949-11-23,0.001978
1949-11-25,-0.005381
1949-11-26,0.001229
1949-11-28,-0.003808
1949-11-29,-0.000965
1949-11-30,0.002996
1949-12-01,0.006223
1949-12-02,0.009496
1949-12-03,0.006884
1949-12-05,0.001797
1949-12-06,-0.000971
1949-12-07,0.001333
1949-12-08,0.001323
1949-12-09,-0.000104
1949-12-10,0.001516
1949-12-12,0.005597
1949-12-13,0.006125
1949-12-14,0.003749
1949-12-15,0.002207
1949-12-16,-0.000843
1949-12-17,-0.000504
1949-12-19,-0.001998
1949-12-20,-0.005515
1949-12-21,-0.001410
1949-12-22,0.008031
1949-12-23,0.001899
1949-12-27,-0.005007
1949-12-28,0.005029
1949-12-29,0.002247
1949-12-30,0.004786
1949-12-31,-0.000780
1950-01-03,-0.005862
1950-01-04,0.010989
1950-01-05,0.004014
1950-01-06,0.002453
1950-01-07,0.006412
1950-01-09,0.001446
1950-01-10,-0.003540
1950-01-11,0.004276
1950-01-12,-0.018150
1950-01-13,-0.005146
1950-01-14,0.001510
1950-01-16,0.001718
1950-01-17,0.007631
1950-01-18,-0.000592
1950-01-19,0.001977
1950-01-20,0.002258
1950-01-21,0.001068
1950-01-23,-0.001786
1950-01-24,-0.003126
1950-01-25,-0.006002
1950-01-26,0.001473
1950-01-27,0.003591
1950-01-28,0.003277
1950-01-30,0.006663
1950-01-31,0.001509
1950-02-01,-0.000072
1950-02-02,0.009906
1950-02-03,0.003307
1950-02-04,0.002384
1950-02-06,-0.002341
1950-02-07,-0.004112
1950-02-08,0.001216
1950-02-09,0.004360
1950-02-10,-0.002168
1950-02-11,-0.000702
1950-02-14,-0.006221
1950-02-15,0.000945
1950-02-16,-0.001581
1950-02-17,0.006415
1950-02-18,0.004384
1950-02-20,-0.001370
1950-02-21,-0.001431
1950-02-23,0.001597
1950-02-24,0.003505
1950-02-25,-0.000764
1950-02-27,0.001360
1950-02-28,-0.003322
1950-03-01,0.003431
1950-03-02,0.000351
1950-03-03,0.003614
1950-03-04,0.002741
1950-03-06,0.000665
1950-03-07,-0.006783
1950-03-08,0.001816
1950-03-09,-0.006083
1950-03-10,-0.000504
1950-03-11,0.002676
1950-03-13,-0.000680
1950-03-14,0.005302
1950-03-15,0.013047
1950-03-16,0.002902
1950-03-17,-0.001849
1950-03-18,0.002031
1950-03-20,-0.001410
1950-03-21,0.000468
1950-03-22,0.005687
1950-03-23,0.000698
1950-03-24,-0.000367
1950-03-25,0.002828
1950-03-27,-0.008358
1950-03-28,0.002905
1950-03-29,-0.003395
1950-03-30,-0.009250
1950-03-31,0.000452
1950-04-01,0.002733
1950-04-03,0.008710
1950-04-04,0.001685
1950-04-05,0.003477
1950-04-06,0.009339
1950-04-08,0.002601
1950-04-10,0.000806
1950-04-11,-0.005668
1950-04-12,0.009669
1950-04-13,0.001264
1950-04-14,-0.001337
1950-04-15,-0.004298
1950-04-17,-0.000644
1950-04-18,0.004121
1950-04-19,0.001443
1950-04-20,-0.006750
1950-04-21,0.003469
1950-04-22,0.001019
1950-04-24,-0.007725
1950-04-25,0.000140
1950-04-26,-0.001675
1950-04-27,0.005765
1950-04-28,0.005992
1950-04-29,0.006086
1950-05-01,0.005692
1950-05-02,-0.004267
1950-05-03,0.007043
1950-05-04,-0.005583
1950-05-05,0.004318
1950-05-06,0.005601
1950-05-08,-0.000311
1950-05-09,0.003699
1950-05-10,0.000061
1950-05-11,0.002225
1950-05-12,-0.004082
1950-05-13,0.001661
1950-05-15,0.001755
1950-05-16,0.007432
1950-05-17,0.004035
1950-05-18,0.003371
1950-05-19,0.006218
1950-05-20,0.002078
1950-05-22,-0.004358
1950-05-23,0.003343
1950-05-24,-0.001189
1950-05-25,-0.000251
1950-05-26,-0.000072
1950-05-27,-0.000471
1950-05-29,0.003395
1950-05-31,0.002341
1950-06-01,-0.000881
1950-06-02,0.000439
1950-06-05,-0.008558
1950-06-06,0.007165
1950-06-07,0.004161
1950-06-08,0.008117
1950-06-09,0.005531
1950-06-12,0.004672
1950-06-13,-0.004986
1950-06-14,-0.011109
1950-06-15,-0.000070
1950-06-16,0.000211
1950-06-19,-0.003930
1950-06-20,-0.002739
1950-06-21,0.008740
1950-06-22,0.007539
1950-06-23,0.000814
1950-06-26,-0.052899
1950-06-27,-0.010249
1950-06-28,0.012800
1950-06-29,-0.035260
1950-06-30,0.013043
1950-07-03,-0.005508
1950-07-05,0.008258
1950-07-06,0.006963
1950-07-07,-0.011224
1950-07-10,-0.004732
1950-07-11,-0.013975
1950-07-12,-0.023632
1950-07-13,-0.009805
1950-07-14,0.012882
1950-07-17,-0.008315
1950-07-18,0.022750
1950-07-19,0.017516
1950-07-20,0.014804
1950-07-21,0.002130
1950-07-24,-0.005515
1950-07-25,-0.013066
1950-07-26,0.003261
1950-07-27,0.012094
1950-07-28,0.008122
1950-07-31,0.004303
1950-08-01,0.007998
1950-08-02,-0.000364
1950-08-03,0.003075
1950-08-04,0.005241
1950-08-07,0.011666
1950-08-08,0.001965
1950-08-09,0.005636
1950-08-10,0.002349
1950-08-11,-0.005685
1950-08-14,0.001402
1950-08-15,0.002729
1950-08-16,0.003149
1950-08-17,0.010159
1950-08-18,0.005800
1950-08-21,0.001449
1950-08-22,-0.001780
1950-08-23,0.007385
1950-08-24,0.000218
1950-08-25,-0.011613
1950-08-28,0.000319
1950-08-29,0.002578
1950-08-30,-0.002577
1950-08-31,-0.000934
1950-09-01,0.004973
1950-09-05,0.004693
1950-09-06,-0.005693
1950-09-07,0.003770
1950-09-08,0.008177
1950-09-11,-0.006359
1950-09-12,0.011492
1950-09-13,0.010708
1950-09-14,0.004441
1950-09-15,0.003955
1950-09-18,0.002763
1950-09-19,-0.003377
1950-09-20,-0.005002
1950-09-21,0.008017
1950-09-22,0.005558
1950-09-25,-0.001718
1950-09-26,-0.012456
1950-09-27,0.012545
1950-09-28,0.001144
1950-09-29,0.000875
1950-10-02,0.009846
1950-10-03,-0.002212
1950-10-04,0.012244
1950-10-05,-0.003527
1950-10-06,0.008045
1950-10-07,0.002854
1950-10-09,-0.008353
1950-10-10,-0.007244
1950-10-11,0.005328
1950-10-13,0.001116
1950-10-14,-0.004520
1950-10-16,-0.000435
1950-10-17,0.007709
1950-10-18,0.006570
1950-10-19,-0.000144
1950-10-20,-0.001752
1950-10-21,0.002397
1950-10-23,-0.000670
1950-10-24,0.002113
1950-10-25,-0.001432
1950-10-26,-0.020687
1950-10-27,0.005780
1950-10-28,0.001985
1950-10-30,-0.009193
1950-10-31,-0.006345
1950-11-01,0.004178
1950-11-02,0.009319
1950-11-03,0.003435
1950-11-04,-0.003348
1950-11-06,-0.021771
1950-11-08,0.014987
1950-11-09,0.013417
1950-11-10,0.007344
1950-11-13,0.004291
1950-11-14,0.002470
1950-11-15,-0.001376
1950-11-16,-0.001876
1950-11-17,0.008479
1950-11-18,0.005081
1950-11-20,0.000489
1950-11-21,-0.000076
1950-11-22,0.010837
1950-11-24,0.007305
1950-11-25,-0.000917
1950-11-27,-0.003000
1950-11-28,-0.028291
1950-11-29,-0.008352
1950-11-30,0.007317
1950-12-01,0.007666
1950-12-02,-0.006048
1950-12-04,-0.027873
1950-12-05,0.015781
1950-12-06,0.008745
1950-12-07,-0.001493
1950-12-08,0.002836
1950-12-09,0.003758
1950-12-11,0.009383
1950-12-12,0.000798
1950-12-13,0.000415
1950-12-14,-0.010302
1950-12-15,-0.003983
1950-12-16,0.015964
1950-12-18,0.010431
1950-12-19,0.005392
1950-12-20,0.002943
1950-12-21,0.001525
1950-12-22,0.003421
1950-12-26,-0.008033
1950-12-27,0.019904
1950-12-28,0.005473
1950-12-29,-0.000381
1950-12-30,0.001390
1951-01-02,0.015830
1951-01-03,-0.002561
1951-01-04,0.007119
1951-01-05,0.000560
1951-01-06,-0.000737
1951-01-08,0.004805
1951-01-09,0.005747
1951-01-10,-0.013436
1951-01-11,0.016032
1951-01-12,-0.003032
1951-01-13,0.001019
1951-01-15,0.005348
1951-01-16,0.007018
1951-01-17,0.005473
1951-01-18,-0.002945
1951-01-19,-0.001166
1951-01-20,0.001496
1951-01-22,-0.010078
1951-01-23,0.003228
1951-01-24,-0.003048
1951-01-25,-0.006869
1951-01-26,0.010143
1951-01-27,0.010653
1951-01-29,0.007135
1951-01-30,0.002752
1951-01-31,-0.002384
1951-02-01,0.005874
1951-02-02,0.007456
1951-02-03,0.003699
1951-02-05,0.003276
1951-02-06,-0.003567
1951-02-07,-0.002569
1951-02-08,0.005376
1951-02-09,0.004698
1951-02-10,0.001776
1951-02-13,0.001030
1951-02-14,-0.003036
1951-02-15,-0.002179
1951-02-16,0.003921
1951-02-17,0.000703
1951-02-19,-0.012035
1951-02-20,-0.001973
1951-02-21,0.004469
1951-02-23,0.002512
1951-02-24,0.002102
1951-02-26,-0.000357
1951-02-27,-0.008548
1951-02-28,0.001509
1951-03-01,0.003391
1951-03-02,0.004197
1951-03-03,-0.000261
1951-03-05,-0.005561
1951-03-06,-0.002040
1951-03-07,0.003996
1951-03-08,0.003399
1951-03-09,0.000682
1951-03-10,-0.001939
1951-03-12,-0.009800
1951-03-13,-0.015783
1951-03-14,-0.008611
1951-03-15,0.001233
1951-03-16,0.016342
1951-03-17,0.002197
1951-03-19,-0.005532
1951-03-20,-0.001520
1951-03-21,0.005850
1951-03-22,0.003271
1951-03-24,-0.010864
1951-03-26,0.000815
1951-03-27,0.000604
1951-03-28,-0.011214
1951-03-29,0.002534
1951-03-30,0.006228
1951-03-31,-0.002557
1951-04-02,-0.005354
1951-04-03,-0.002121
1951-04-04,0.004677
1951-04-05,0.014153
1951-04-06,0.003659
1951-04-07,-0.000827
1951-04-09,0.000499
1951-04-10,-0.001883
1951-04-11,-0.001568
1951-04-12,0.009941
1951-04-13,0.013071
1951-04-14,0.003993
1951-04-16,-0.005145
1951-04-17,0.001576
1951-04-18,0.003649
1951-04-19,-0.004521
1951-04-20,-0.000635
1951-04-21,0.000233
1951-04-23,-0.000184
1951-04-24,-0.004526
1951-04-25,0.001451
1951-04-26,0.008971
1951-04-27,0.009072
1951-04-28,0.001747
1951-04-30,-0.000315
1951-05-01,0.003164
1951-05-02,0.002852
1951-05-03,0.007360
1951-05-04,0.000463
1951-05-05,-0.002821
1951-05-07,-0.002083
1951-05-08,0.003479
1951-05-09,0.002347
1951-05-10,-0.004983
1951-05-11,-0.005332
1951-05-12,-0.005655
1951-05-14,-0.000877
1951-05-15,-0.015281
1951-05-16,-0.002889
1951-05-17,0.009713
1951-05-18,-0.015906
1951-05-19,0.000718
1951-05-21,-0.004229
1951-05-22,-0.003231
1951-05-23,-0.006476
1951-05-24,-0.004163
1951-05-25,0.001138
1951-05-26,0.001838
1951-05-28,0.005265
1951-05-29,0.007399
1951-05-31,0.005806
1951-06-01,-0.001381
1951-06-04,-0.009843
1951-06-05,0.001938
1951-06-06,0.009033
1951-06-07,0.005053
1951-06-08,-0.001930
1951-06-11,0.005070
1951-06-12,-0.004129
1951-06-13,0.000806
1951-06-14,0.009638
1951-06-15,0.006677
1951-06-18,-0.000452
1951-06-19,-0.001172
1951-06-20,-0.004432
1951-06-21,-0.005580
1951-06-22,-0.007970
1951-06-25,-0.015513
1951-06-26,0.002545
1951-06-27,0.004556
1951-06-28,-0.010894
1951-06-29,-0.007398
1951-07-02,0.006028
1951-07-03,0.007309
1951-07-05,0.015841
1951-07-06,0.000084
1951-07-09,0.002310
1951-07-10,-0.003648
1951-07-11,0.002294
1951-07-12,0.004412
1951-07-13,0.006985
1951-07-16,-0.007302
1951-07-17,0.006522
1951-07-18,-0.000346
1951-07-19,0.000794
1951-07-20,0.001699
1951-07-23,0.008357
1951-07-24,0.012098
1951-07-25,-0.001704
1951-07-26,0.005151
1951-07-27,0.002941
1951-07-30,0.006046
1951-07-31,-0.006207
1951-08-01,0.006598
1951-08-02,0.010405
1951-08-03,0.001631
1951-08-06,0.006700
1951-08-07,-0.000195
1951-08-08,-0.001742
1951-08-09,-0.003521
1951-08-10,-0.001727
1951-08-13,0.001249
1951-08-14,-0.000764
1951-08-15,0.003997
1951-08-16,0.005276
1951-08-17,0.002914
1951-08-20,-0.000594
1951-08-21,-0.003678
1951-08-22,-0.004682
1951-08-23,0.006359
1951-08-24,0.000480
1951-08-27,-0.001424
1951-08-28,0.001259
1951-08-29,0.008094
1951-08-30,0.006667
1951-08-31,0.001120
1951-09-04,0.000955
1951-09-05,0.007685
1951-09-06,0.003428
1951-09-07,0.004354
1951-09-10,0.004287
1951-09-11,-0.004536
1951-09-12,0.006412
1951-09-13,0.003318
1951-09-14,-0.000358
1951-09-17,-0.003032
1951-09-18,-0.001032
1951-09-19,0.000906
1951-09-20,-0.001375
1951-09-21,-0.007460
1951-09-24,-0.004787
1951-09-25,0.003649
1951-09-26,0.001659
1951-09-27,-0.004567
1951-09-28,-0.000324
1951-10-01,0.006401
1951-10-02,0.007193
1951-10-03,0.006181
1951-10-04,-0.001518
1951-10-05,0.001491
1951-10-06,0.000240
1951-10-08,-0.000971
1951-10-09,-0.004749
1951-10-10,-0.002311
1951-10-11,0.004597
1951-10-13,0.002792
1951-10-15,0.001954
1951-10-16,-0.004194
1951-10-17,-0.002728
1951-10-18,-0.001220
1951-10-19,-0.013680
1951-10-20,-0.008971
1951-10-22,-0.018199
1951-10-23,0.006683
1951-10-24,0.007273
1951-10-25,-0.004672
1951-10-26,-0.007209
1951-10-27,-0.015959
1951-10-29,0.008924
1951-10-30,0.000197
1951-10-31,0.010245
1951-11-01,0.006562
1951-11-02,-0.007452
1951-11-03,-0.008551
1951-11-05,0.000726
1951-11-07,-0.008513
1951-11-08,0.002050
1951-11-09,0.011302
1951-11-10,0.004936
1951-11-13,-0.001716
1951-11-14,0.002618
1951-11-15,-0.000478
1951-11-16,-0.001060
1951-11-17,0.000374
1951-11-19,-0.003638
1951-11-20,-0.001934
1951-11-21,-0.000689
1951-11-23,-0.010501
1951-11-24,-0.003762
1951-11-26,0.005887
1951-11-27,0.007949
1951-11-28,-0.001215
1951-11-29,0.004214
1951-11-30,0.009526
1951-12-01,0.002587
1951-12-03,0.003255
1951-12-04,0.004230
1951-12-05,0.000515
1951-12-06,0.009726
1951-12-07,0.002219
1951-12-08,0.001232
1951-12-10,0.000134
1951-12-11,-0.004991
1951-12-12,0.001276
1951-12-13,0.002934
1951-12-14,-0.000278
1951-12-15,-0.000391
1951-12-17,0.001429
1951-12-18,0.001150
1951-12-19,0.002939
1951-12-20,0.000151
1951-12-21,-0.002065
1951-12-22,0.000012
1951-12-24,-0.000338
1951-12-26,-0.006154
1951-12-27,0.008575
1951-12-28,0.004498
1951-12-29,-0.000308
1951-12-31,0.002628
1952-01-02,0.001654
1952-01-03,0.001463
1952-01-04,0.001926
1952-01-05,0.000808
1952-01-07,-0.001416
1952-01-08,-0.004413
1952-01-09,-0.002770
1952-01-10,0.006206
1952-01-11,0.004426
1952-01-12,0.004299
1952-01-14,0.001985
1952-01-15,-0.004428
1952-01-16,0.003209
1952-01-17,0.004231
1952-01-18,0.001837
1952-01-19,0.002927
1952-01-21,0.004143
1952-01-22,0.004939
1952-01-23,-0.003547
1952-01-24,0.001401
1952-01-25,0.001094
1952-01-26,0.000921
1952-01-28,0.001072
1952-01-29,0.000181
1952-01-30,-0.010889
1952-01-31,-0.004054
1952-02-01,0.006180
1952-02-02,0.003921
1952-02-04,-0.011074
1952-02-05,-0.002703
1952-02-06,0.003061
1952-02-07,0.001831
1952-02-08,0.005101
1952-02-09,0.000361
1952-02-11,-0.003078
1952-02-13,-0.006696
1952-02-14,-0.002536
1952-02-15,0.000080
1952-02-16,-0.000527
1952-02-18,-0.004049
1952-02-19,-0.014855
1952-02-20,-0.011107
1952-02-21,0.003251
1952-02-23,0.006789
1952-02-25,-0.002838
1952-02-26,-0.005099
1952-02-27,0.002173
1952-02-28,0.007246
1952-02-29,-0.000610
1952-03-01,0.000809
1952-03-03,0.002577
1952-03-04,0.013077
1952-03-05,0.002207
1952-03-06,-0.000023
1952-03-07,0.002109
1952-03-08,0.003140
1952-03-10,-0.004930
1952-03-11,0.002209
1952-03-12,0.002652
1952-03-13,0.000584
1952-03-14,0.002506
1952-03-15,0.002085
1952-03-17,0.000805
1952-03-18,-0.001230
1952-03-19,-0.002397
1952-03-20,0.003517
1952-03-21,0.000543
1952-03-22,-0.000034
1952-03-24,-0.001057
1952-03-25,-0.004030
1952-03-26,-0.000646
1952-03-27,0.007876
1952-03-28,0.006014
1952-03-29,0.005531
1952-03-31,0.001091
1952-04-01,-0.007709
1952-04-02,-0.000718
1952-04-03,0.000980
1952-04-04,-0.005220
1952-04-05,-0.001367
1952-04-07,-0.009250
1952-04-08,0.005729
1952-04-09,-0.000065
1952-04-10,0.003387
1952-04-12,0.000527
1952-04-14,-0.007668
1952-04-15,-0.010825
1952-04-16,-0.001324
1952-04-17,-0.008459
1952-04-18,0.004075
1952-04-19,0.000617
1952-04-21,0.006998
1952-04-22,-0.004371
1952-04-23,-0.004534
1952-04-24,-0.004176
1952-04-25,0.004131
1952-04-26,0.001524
1952-04-28,-0.002184
1952-04-29,-0.003254
1952-04-30,-0.006943
1952-05-01,-0.007016
1952-05-02,0.014294
1952-05-03,0.003052
1952-05-05,0.002924
1952-05-06,0.002591
1952-05-07,0.006410
1952-05-08,0.002801
1952-05-09,0.000199
1952-05-10,-0.000792
1952-05-12,-0.001432
1952-05-13,0.001680
1952-05-14,-0.003225
1952-05-15,-0.003543
1952-05-16,0.000632
1952-05-17,0.000207
1952-05-19,0.001404
1952-05-20,0.005061
1952-05-21,0.002744
1952-05-22,0.006451
1952-05-23,-0.000820
1952-05-24,-0.000051
1952-05-26,0.002143
1952-05-27,-0.001792
1952-05-28,-0.001340
1952-05-29,0.000028
1952-06-02,-0.001263
1952-06-03,-0.000744
1952-06-04,0.005635
1952-06-05,0.006585
1952-06-06,0.005523
1952-06-09,0.003770
1952-06-10,-0.003308
1952-06-11,0.002630
1952-06-12,0.000428
1952-06-13,0.002074
1952-06-16,-0.001491
1952-06-17,0.000766
1952-06-18,0.002367
1952-06-19,0.003038
1952-06-20,0.001426
1952-06-23,-0.001119
1952-06-24,0.000811
1952-06-25,0.003667
1952-06-26,0.002220
1952-06-27,0.002309
1952-06-30,0.003698
1952-07-01,0.005338
1952-07-02,-0.001628
1952-07-03,-0.000008
1952-07-07,-0.003452
1952-07-08,0.000451
1952-07-09,-0.002710
1952-07-10,-0.001974
1952-07-11,0.004971
1952-07-14,0.000772
1952-07-15,0.004893
1952-07-16,-0.000887
1952-07-17,-0.003379
1952-07-18,-0.006333
1952-07-21,0.002296
1952-07-22,0.002158
1952-07-23,0.004335
1952-07-24,0.003307
1952-07-25,-0.002162
1952-07-28,-0.000090
1952-07-29,0.002075
1952-07-30,0.002330
1952-07-31,0.001145
1952-08-01,0.000656
1952-08-04,-0.001335
1952-08-05,0.000437
1952-08-06,0.001602
1952-08-07,0.002453
1952-08-08,0.000067
1952-08-11,0.000206
1952-08-12,-0.006891
1952-08-13,-0.000105
1952-08-14,-0.000132
1952-08-15,-0.001939
1952-08-18,-0.010278
1952-08-19,0.000162
1952-08-20,0.002212
1952-08-21,0.001384
1952-08-22,0.000094
1952-08-25,-0.003604
1952-08-26,-0.000691
1952-08-27,0.003662
1952-08-28,0.002478
1952-08-29,0.002897
1952-09-02,0.003374
1952-09-03,0.002367
1952-09-04,-0.000819
1952-09-05,-0.001159
1952-09-08,-0.004156
1952-09-09,-0.010646
1952-09-10,-0.004451
1952-09-11,0.001557
1952-09-12,-0.002038
1952-09-15,-0.009538
1952-09-16,0.004210
1952-09-17,0.002787
1952-09-18,-0.001675
1952-09-19,0.002151
1952-09-22,0.000946
1952-09-23,0.003474
1952-09-24,0.003234
1952-09-25,0.000001
1952-09-26,-0.002687
1952-09-29,-0.000648
1952-09-30,-0.005553
1952-10-01,-0.002464
1952-10-02,-0.000045
1952-10-03,-0.001791
1952-10-06,-0.002793
1952-10-07,0.000354
1952-10-08,0.004841
1952-10-09,0.000390
1952-10-10,0.000012
1952-10-14,-0.003371
1952-10-15,-0.014680
1952-10-16,-0.006348
1952-10-17,0.011694
1952-10-20,-0.003116
1952-10-21,-0.001599
1952-10-22,-0.009655
1952-10-23,0.003510
1952-10-24,0.004069
1952-10-27,0.001309
1952-10-28,0.000442
1952-10-29,0.000574
1952-10-30,0.000010
1952-10-31,0.013770
1952-11-03,0.005641
1952-11-05,0.005023
1952-11-06,0.003908
1952-11-07,0.003958
1952-11-10,-0.000048
1952-11-12,-0.001551
1952-11-13,0.000583
1952-11-14,-0.000039
1952-11-17,0.001992
1952-11-18,0.014297
1952-11-19,0.007276
1952-11-20,-0.001496
1952-11-21,-0.000006
1952-11-24,0.006230
1952-11-25,0.001331
1952-11-26,0.006135
1952-11-28,0.004956
1952-12-01,0.001421
1952-12-02,0.002717
1952-12-03,-0.000198
1952-12-04,-0.003263
1952-12-05,0.001531
1952-12-08,0.004203
1952-12-09,0.004166
1952-12-10,0.000485
1952-12-11,0.000122
1952-12-12,0.002975
1952-12-15,0.001124
1952-12-16,-0.000240
1952-12-17,-0.001153
1952-12-18,0.000142
1952-12-19,0.004257
1952-12-22,0.004207
1952-12-23,-0.003418
1952-12-24,0.000650
1952-12-26,0.001313
1952-12-29,0.003496
1952-12-30,0.005127
1952-12-31,0.001074
1953-01-02,0.000837
1953-01-05,0.004582
1953-01-06,-0.005182
1953-01-07,-0.003096
1953-01-08,-0.000235
1953-01-09,-0.008587
1953-01-12,-0.006205
1953-01-13,0.005697
1953-01-14,0.000919
1953-01-15,0.001553
1953-01-16,-0.004278
1953-01-19,-0.000597
1953-01-20,0.004218
1953-01-21,-0.001071
1953-01-22,0.000631
1953-01-23,-0.001131
1953-01-26,-0.001556
1953-01-27,0.002010
1953-01-28,0.001913
1953-01-29,0.003168
1953-01-30,0.004929
1953-02-02,0.002028
1953-02-03,0.000563
1953-02-04,-0.001029
1953-02-05,-0.007965
1953-02-06,-0.008370
1953-02-09,-0.003610
1953-02-10,-0.001393
1953-02-11,0.001114
1953-02-13,0.004352
1953-02-16,-0.001522
1953-02-17,-0.004798
1953-02-18,0.000078
1953-02-19,0.002783
1953-02-20,0.001914
1953-02-24,0.006240
1953-02-25,0.006056
1953-02-26,0.002014
1953-02-27,-0.000000
1953-03-02,0.000709
1953-03-03,0.003623
1953-03-04,-0.008341
1953-03-05,0.000901
1953-03-06,0.003713
1953-03-09,0.000705
1953-03-10,0.001953
1953-03-11,0.006884
1953-03-12,-0.000038
1953-03-13,0.002504
1953-03-16,0.001789
1953-03-17,0.002882
1953-03-18,-0.000280
1953-03-19,0.000661
1953-03-20,-0.000679
1953-03-23,-0.005851
1953-03-24,0.005501
1953-03-25,-0.001435
1953-03-26,-0.004392
1953-03-27,0.002671
1953-03-30,-0.015214
1953-03-31,-0.011011
1953-04-01,0.000664
1953-04-02,-0.000300
1953-04-06,-0.021581
1953-04-07,0.002929
1953-04-08,0.007257
1953-04-09,-0.004071
1953-04-10,-0.001495
1953-04-13,-0.001843
1953-04-14,0.002774
1953-04-15,0.004967
1953-04-16,-0.002504
1953-04-17,-0.009594
1953-04-20,0.001898
1953-04-21,-0.001757
1953-04-22,-0.007484
1953-04-23,-0.011944
1953-04-24,0.000397
1953-04-27,0.004777
1953-04-28,0.004804
1953-04-29,0.005594
1953-04-30,-0.001158
1953-05-01,0.004042
1953-05-04,0.009221
1953-05-05,0.001126
1953-05-06,0.001679
1953-05-07,-0.004027
1953-05-08,0.002326
1953-05-11,0.000696
1953-05-12,-0.004645
1953-05-13,-0.000749
1953-05-14,0.004590
1953-05-15,0.000991
1953-05-18,-0.001838
1953-05-19,-0.001943
1953-05-20,0.009648
1953-05-21,0.003166
1953-05-22,-0.000095
1953-05-25,-0.001087
1953-05-26,-0.002850
1953-05-27,-0.007838
1953-05-28,-0.007132
1953-05-29,0.001781
1953-06-01,-0.014037
1953-06-02,0.001345
1953-06-03,-0.000132
1953-06-04,-0.008192
1953-06-05,0.002016
1953-06-08,-0.001994
1953-06-09,-0.019244
1953-06-10,-0.000791
1953-06-11,0.008583
1953-06-12,0.003376
1953-06-15,-0.008061
1953-06-16,-0.002942
1953-06-17,0.012491
1953-06-18,0.000295
1953-06-19,0.000177
1953-06-22,0.005219
1953-06-23,0.005772
1953-06-24,-0.000936
1953-06-25,0.004202
1953-06-26,-0.000414
1953-06-29,-0.001513
1953-06-30,-0.001135
1953-07-01,0.004031
1953-07-02,0.003446
1953-07-03,0.002719
1953-07-06,0.001310
1953-07-07,0.003591
1953-07-08,0.000481
1953-07-09,-0.003322
1953-07-10,-0.001202
1953-07-13,-0.009688
1953-07-14,-0.001179
1953-07-15,0.003057
1953-07-16,0.002282
1953-07-17,0.004921
1953-07-20,-0.004656
1953-07-21,-0.002373
1953-07-22,0.001082
1953-07-23,0.002149
1953-07-24,0.000443
1953-07-27,-0.005776
1953-07-28,0.000487
1953-07-29,0.005569
1953-07-30,0.009288
1953-07-31,0.008440
1953-08-03,0.003938
1953-08-04,-0.000197
1953-08-05,0.001739
1953-08-06,0.004061
1953-08-07,-0.000298
1953-08-10,-0.000735
1953-08-11,-0.000514
1953-08-12,0.004380
1953-08-13,-0.000008
1953-08-14,-0.003248
1953-08-17,-0.002387
1953-08-18,-0.004783
1953-08-19,-0.006180
1953-08-20,0.000488
1953-08-21,0.001461
1953-08-24,-0.011096
1953-08-25,-0.005326
1953-08-26,-0.002624
1953-08-27,-0.004144
1953-08-28,-0.002177
1953-08-31,-0.017442
1953-09-01,0.004224
1953-09-02,0.006494
1953-09-03,-0.002332
1953-09-04,0.002886
1953-09-08,0.002177
1953-09-09,0.000418
1953-09-10,-0.008640
1953-09-11,-0.014051
1953-09-14,-0.018393
1953-09-15,0.007389
1953-09-16,0.007382
1953-09-17,0.000652
1953-09-18,-0.005818
1953-09-21,-0.002360
1953-09-22,0.013332
1953-09-23,0.003651
1953-09-24,0.000125
1953-09-25,0.002845
1953-09-28,0.006013
1953-09-29,0.001087
1953-09-30,-0.003498
1953-10-01,0.006061
1953-10-02,0.003876
1953-10-05,-0.003937
1953-10-06,-0.005086
1953-10-07,0.007347
1953-10-08,0.002231
1953-10-09,0.000734
1953-10-13,-0.001952
1953-10-14,0.004420
1953-10-15,0.011869
1953-10-16,0.006318
1953-10-19,0.001682
1953-10-20,0.000657
1953-10-21,0.000370
1953-10-22,0.003243
1953-10-23,0.001187
1953-10-26,-0.002453
1953-10-27,-0.002838
1953-10-28,0.002280
1953-10-29,0.010157
1953-10-30,0.000548
1953-11-02,0.004231
1953-11-04,0.001073
1953-11-05,0.007037
1953-11-06,0.000608
1953-11-09,-0.000824
1953-11-10,-0.005427
1953-11-12,0.003000
1953-11-13,0.002455
1953-11-16,-0.005587
1953-11-17,-0.003963
1953-11-18,0.002348
1953-11-19,0.004445
1953-11-20,0.000526
1953-11-23,-0.001550
1953-11-24,0.005198
1953-11-25,0.002742
1953-11-27,0.006418
1953-11-30,0.005678
1953-12-01,0.001114
1953-12-02,0.006431
1953-12-03,0.001987
1953-12-04,-0.000954
1953-12-07,-0.001844
1953-12-08,-0.003605
1953-12-09,-0.000214
1953-12-10,-0.001456
1953-12-11,-0.000056
1953-12-14,-0.002243
1953-12-15,-0.000107
1953-12-16,0.008965
1953-12-17,-0.000597
1953-12-18,0.002726
1953-12-21,-0.001729
1953-12-22,-0.007928
1953-12-23,-0.000777
1953-12-24,0.003920
1953-12-28,-0.004364
1953-12-29,-0.006565
1953-12-30,0.006746
1953-12-31,0.001380
1954-01-04,0.007486
1954-01-05,0.006626
1954-01-06,0.002041
1954-01-07,-0.003193
1954-01-08,-0.003751
1954-01-11,-0.005112
1954-01-12,0.005082
1954-01-13,0.005278
1954-01-14,0.004556
1954-01-15,0.009077
1954-01-18,0.000767
1954-01-19,0.007189
1954-01-20,0.002744
1954-01-21,-0.000208
1954-01-22,0.002418
1954-01-25,0.003653
1954-01-26,0.007297
1954-01-27,-0.002574
1954-01-28,0.000356
1954-01-29,0.001941
1954-02-01,-0.002138
1954-02-02,-0.001272
1954-02-03,0.005744
1954-02-04,0.006826
1954-02-05,0.003619
1954-02-08,-0.000171
1954-02-09,0.000357
1954-02-10,-0.001419
1954-02-11,-0.001263
1954-02-12,0.003202
1954-02-15,-0.003233
1954-02-16,-0.007922
1954-02-17,0.002705
1954-02-18,0.004887
1954-02-19,-0.001188
1954-02-23,-0.003413
1954-02-24,-0.000632
1954-02-25,0.004240
1954-02-26,0.008666
1954-03-01,0.005212
1954-03-02,0.002591
1954-03-03,0.000197
1954-03-04,0.002394
1954-03-05,0.004215
1954-03-08,-0.002156
1954-03-09,0.002113
1954-03-10,0.003071
1954-03-11,0.004815
1954-03-12,-0.000937
1954-03-15,-0.003183
1954-03-16,0.000200
1954-03-17,0.001180
1954-03-18,0.005163
1954-03-19,0.003888
1954-03-22,-0.000548
1954-03-23,-0.006985
1954-03-24,-0.004631
1954-03-25,-0.000910
1954-03-26,0.006264
1954-03-29,0.004065
1954-03-30,0.003098
1954-03-31,0.007864
1954-04-01,0.007280
1954-04-02,0.000821
1954-04-05,0.000673
1954-04-06,-0.009048
1954-04-07,0.005627
1954-04-08,0.007257
1954-04-09,0.004392
1954-04-12,-0.000522
1954-04-13,0.001915
1954-04-14,0.007044
1954-04-15,0.003894
1954-04-19,-0.005333
1954-04-20,0.000392
1954-04-21,-0.000917
1954-04-22,0.002085
1954-04-23,0.004028
1954-04-26,0.001158
1954-04-27,-0.004148
1954-04-28,0.002295
1954-04-29,0.012299
1954-04-30,0.001266
1954-05-03,-0.001226
1954-05-04,0.001294
1954-05-05,-0.000474
1954-05-06,0.005254
1954-05-07,0.003973
1954-05-10,0.000842
1954-05-11,-0.003441
1954-05-12,0.007607
1954-05-13,-0.002552
1954-05-14,0.005132
1954-05-17,0.002242
1954-05-18,0.001664
1954-05-19,-0.001975
1954-05-20,0.003413
1954-05-21,0.005137
1954-05-24,0.000549
1954-05-25,-0.002293
1954-05-26,0.005521
1954-05-27,-0.001983
1954-05-28,0.002788
1954-06-01,0.001959
1954-06-02,-0.001673
1954-06-03,0.000994
1954-06-04,-0.001799
1954-06-07,-0.001423
1954-06-08,-0.020504
1954-06-09,-0.004551
1954-06-10,0.005651
1954-06-11,0.006636
1954-06-14,0.000570
1954-06-15,0.007391
1954-06-16,0.007408
1954-06-17,-0.000863
1954-06-18,0.000455
1954-06-21,0.001573
1954-06-22,0.000950
1954-06-23,0.001909
1954-06-24,0.005861
1954-06-25,0.000883
1954-06-28,0.006055
1954-06-29,0.000102
1954-06-30,-0.005604
1954-07-01,0.000206
1954-07-02,0.009865
1954-07-06,0.008710
1954-07-07,0.000440
1954-07-08,-0.001361
1954-07-09,0.004793
1954-07-12,0.001028
1954-07-13,-0.002616
1954-07-14,0.002577
1954-07-15,0.003088
1954-07-16,-0.003754
1954-07-19,-0.003065
1954-07-20,-0.002567
1954-07-21,0.007430
1954-07-22,0.008009
1954-07-23,0.001868
1954-07-26,0.000209
1954-07-27,0.004354
1954-07-28,0.002367
1954-07-29,0.003769
1954-07-30,0.004336
1954-08-02,0.002731
1954-08-03,0.002719
1954-08-04,0.000241
1954-08-05,-0.001773
1954-08-06,-0.012185
1954-08-09,-0.004163
1954-08-10,0.008443
1954-08-11,0.008581
1954-08-12,-0.001628
1954-08-13,0.002882
1954-08-16,0.007280
1954-08-17,-0.000092
1954-08-18,0.000897
1954-08-19,0.002664
1954-08-20,0.001266
1954-08-23,-0.006535
1954-08-24,-0.003522
1954-08-25,-0.006017
1954-08-26,-0.002851
1954-08-27,0.002421
1954-08-30,-0.009349
1954-08-31,-0.014762
1954-09-01,0.008313
1954-09-02,0.006584
1954-09-03,0.006393
1954-09-07,0.004724
1954-09-08,0.001143
1954-09-09,0.002216
1954-09-10,0.003512
1954-09-13,0.006444
1954-09-14,0.003172
1954-09-15,-0.001369
1954-09-16,0.003568
1954-09-17,0.006297
1954-09-20,-0.003680
1954-09-21,0.005565
1954-09-22,0.005879
1954-09-23,0.004028
1954-09-24,0.005117
1954-09-27,0.001996
1954-09-28,0.001086
1954-09-29,-0.003983
1954-09-30,-0.004082
1954-10-01,0.001079
1954-10-04,0.004854
1954-10-05,0.003384
1954-10-06,0.002346
1954-10-07,-0.001973
1954-10-08,-0.000262
1954-10-11,-0.006351
1954-10-12,-0.003615
1954-10-13,-0.000399
1954-10-14,-0.011623
1954-10-15,-0.003123
1954-10-18,0.003148
1954-10-19,0.003229
1954-10-20,0.006287
1954-10-21,0.001443
1954-10-22,0.001129
1954-10-25,-0.005859
1954-10-26,-0.000564
1954-10-27,-0.000045
1954-10-28,-0.002282
1954-10-29,-0.006906
1954-11-01,0.004561
1954-11-03,0.020054
1954-11-04,0.010448
1954-11-05,-0.000368
1954-11-08,0.008884
1954-11-09,0.003845
1954-11-10,0.003520
1954-11-11,0.007384
1954-11-12,0.002927
1954-11-15,-0.000694
1954-11-16,0.004996
1954-11-17,0.003612
1954-11-18,-0.004675
1954-11-19,0.003222
1954-11-22,0.005640
1954-11-23,0.011761
1954-11-24,0.002892
1954-11-26,0.007324
1954-11-29,0.002708
1954-11-30,-0.006094
1954-12-01,-0.004843
1954-12-02,0.006822
1954-12-03,0.009232
1954-12-06,0.007234
1954-12-07,0.002382
1954-12-08,-0.000119
1954-12-09,-0.003559
1954-12-10,-0.001718
1954-12-13,-0.001271
1954-12-14,-0.006875
1954-12-15,0.004150
1954-12-16,0.009551
1954-12-17,0.006119
1954-12-20,0.007255
1954-12-21,0.001565
1954-12-22,-0.000251
1954-12-23,0.001050
1954-12-27,-0.006616
1954-12-28,0.009204
1954-12-29,0.008248
1954-12-30,0.000803
1954-12-31,0.006020
1955-01-03,0.010733
1955-01-04,-0.004141
1955-01-05,-0.021294
1955-01-06,-0.013627
1955-01-07,0.011262
1955-01-10,0.014542
1955-01-11,-0.001949
1955-01-12,-0.002246
1955-01-13,-0.004848
1955-01-14,-0.003704
1955-01-17,-0.018908
1955-01-18,0.006712
1955-01-19,0.004906
1955-01-20,0.002595
1955-01-21,0.006605
1955-01-24,0.001359
1955-01-25,-0.000964
1955-01-26,0.007186
1955-01-27,0.001749
1955-01-28,0.004104
1955-01-31,0.007646
1955-02-01,0.004291
1955-02-02,-0.000980
1955-02-03,-0.001017
1955-02-04,0.010233
1955-02-07,0.002893
1955-02-08,-0.008025
1955-02-09,0.010616
1955-02-10,0.007919
1955-02-11,0.001743
1955-02-14,-0.002413
1955-02-15,0.003296
1955-02-16,-0.002542
1955-02-17,0.001317
1955-02-18,0.002881
1955-02-21,0.000775
1955-02-23,0.000804
1955-02-24,-0.005102
1955-02-25,-0.000869
1955-02-28,0.005261
1955-03-01,0.003270
1955-03-02,0.008214
1955-03-03,0.002605
1955-03-04,0.003783
1955-03-07,-0.003843
1955-03-08,-0.018457
1955-03-09,-0.012130
1955-03-10,0.007848
1955-03-11,-0.015481
1955-03-14,-0.024246
1955-03-15,0.019374
1955-03-16,0.009450
1955-03-17,0.004178
1955-03-18,0.001459
1955-03-21,-0.005392
1955-03-22,0.005262
1955-03-23,0.011897
1955-03-24,0.008564
1955-03-25,0.002655
1955-03-28,-0.003362
1955-03-29,0.000917
1955-03-30,-0.008835
1955-03-31,0.002272
1955-04-01,0.008241
1955-04-04,-0.001406
1955-04-05,0.003902
1955-04-06,0.001800
1955-04-07,0.004118
1955-04-11,0.002146
1955-04-12,0.004601
1955-04-13,0.002724
1955-04-14,0.000830
1955-04-15,0.004140
1955-04-18,0.005853
1955-04-19,-0.001459
1955-04-20,0.001806
1955-04-21,-0.000611
1955-04-22,-0.007203
1955-04-25,0.002700
1955-04-26,0.005661
1955-04-27,-0.003834
1955-04-28,-0.008187
1955-04-29,0.006203
1955-05-02,0.001239
1955-05-03,-0.008328
1955-05-04,0.001270
1955-05-05,0.004813
1955-05-06,0.003028
1955-05-09,0.001206
1955-05-10,-0.002041
1955-05-11,-0.009267
1955-05-12,-0.005641
1955-05-13,0.005767
1955-05-16,-0.010162
1955-05-17,-0.000359
1955-05-18,0.007876
1955-05-19,0.006959
1955-05-20,0.006636
1955-05-23,-0.006355
1955-05-24,0.001202
1955-05-25,0.005129
1955-05-26,0.007330
1955-05-27,0.001626
1955-05-31,0.000496
1955-06-01,0.001683
1955-06-02,0.003036
1955-06-03,0.006440
1955-06-06,0.005407
1955-06-07,0.006881
1955-06-08,0.005540
1955-06-09,-0.005137
1955-06-10,0.005023
1955-06-13,0.008898
1955-06-14,-0.000133
1955-06-15,0.006805
1955-06-16,0.001581
1955-06-17,0.002795
1955-06-20,0.002306
1955-06-21,0.004597
1955-06-22,0.001937
1955-06-23,0.001175
1955-06-24,0.001131
1955-06-27,0.000865
1955-06-28,-0.003407
1955-06-29,0.001288
1955-06-30,0.005528
1955-07-01,0.004130
1955-07-05,0.009173
1955-07-06,0.011858
1955-07-07,-0.013942
1955-07-08,-0.000819
1955-07-11,0.004663
1955-07-12,-0.001372
1955-07-13,-0.009385
1955-07-14,0.002142
1955-07-15,0.004214
1955-07-18,-0.001474
1955-07-19,-0.005794
1955-07-20,0.002366
1955-07-21,0.007693
1955-07-22,0.007210
1955-07-25,0.004782
1955-07-26,0.000000
1955-07-27,0.000673
1955-07-28,-0.004668
1955-07-29,-0.001225
1955-08-01,-0.011267
1955-08-02,0.001162
1955-08-03,0.002168
1955-08-04,-0.012403
1955-08-05,0.005278
1955-08-08,-0.004914
1955-08-09,-0.010486
1955-08-10,0.001481
1955-08-11,0.008602
1955-08-12,0.002849
1955-08-15,-0.001377
1955-08-16,-0.004905
1955-08-17,-0.000325
1955-08-18,0.000112
1955-08-19,0.001563
1955-08-22,-0.001072
1955-08-23,0.009283
1955-08-24,0.003976
1955-08-25,0.005096
1955-08-26,0.003905
1955-08-29,0.000793
1955-08-30,0.000214
1955-08-31,0.004885
1955-09-01,0.003011
1955-09-02,0.004472
1955-09-06,0.005693
1955-09-07,0.000450
1955-09-08,0.001981
1955-09-09,0.001371
1955-09-12,0.004764
1955-09-13,0.006213
1955-09-14,0.002186
1955-09-15,-0.001175
1955-09-16,0.004375
1955-09-19,0.000242
1955-09-20,-0.000207
1955-09-21,0.004352
1955-09-22,0.000538
1955-09-23,0.003979
1955-09-26,-0.065377
1955-09-27,0.021729
1955-09-28,0.012898
1955-09-29,-0.005908
1955-09-30,-0.004989
1955-10-03,-0.022472
1955-10-04,0.004895
1955-10-05,0.004972
1955-10-06,-0.004147
1955-10-07,-0.007883
1955-10-10,-0.025940
1955-10-11,-0.006856
1955-10-12,0.014023
1955-10-13,-0.001286
1955-10-14,-0.001561
1955-10-17,0.003202
1955-10-18,0.004265
1955-10-19,0.008269
1955-10-20,0.009368
1955-10-21,0.001082
1955-10-24,0.005730
1955-10-25,-0.004698
1955-10-26,-0.005925
1955-10-27,-0.002152
1955-10-28,0.002706
1955-10-31,-0.000789
1955-11-01,0.000284
1955-11-02,0.002120
1955-11-03,0.014102
1955-11-04,0.013395
1955-11-07,0.005899
1955-11-09,0.008309
1955-11-10,-0.001162
1955-11-11,0.007901
1955-11-14,0.014525
1955-11-15,0.001560
1955-11-16,-0.002190
1955-11-17,-0.003876
1955-11-18,-0.001650
1955-11-21,-0.005818
1955-11-22,0.008532
1955-11-23,0.002842
1955-11-25,0.003510
1955-11-28,-0.003928
1955-11-29,0.003386
1955-11-30,0.002398
1955-12-01,-0.001559
1955-12-02,0.002764
1955-12-05,0.005238
1955-12-06,0.001097
1955-12-07,-0.001083
1955-12-08,0.004771
1955-12-09,0.000594
1955-12-12,-0.006787
1955-12-13,0.000265
1955-12-14,-0.006286
1955-12-15,0.000244
1955-12-16,0.003058
1955-12-19,-0.000956
1955-12-20,-0.000805
1955-12-21,0.008231
1955-12-22,0.002200
1955-12-23,0.001653
1955-12-27,-0.002607
1955-12-28,-0.002335
1955-12-29,0.000660
1955-12-30,0.008297
1956-01-03,-0.006372
1956-01-04,-0.005212
1956-01-05,0.001372
1956-01-06,0.004586
1956-01-09,-0.012428
1956-01-10,-0.007456
1956-01-11,0.006436
1956-01-12,0.006107
1956-01-13,-0.000369
1956-01-16,-0.010033
1956-01-17,0.004729
1956-01-18,-0.007991
1956-01-19,-0.010172
1956-01-20,-0.007069
1956-01-23,-0.003595
1956-01-24,0.012855
1956-01-25,0.003708
1956-01-26,-0.005218
1956-01-27,-0.002264
1956-01-30,0.002153
1956-01-31,0.008214
1956-02-01,0.005840
1956-02-02,0.002094
1956-02-03,0.009046
1956-02-06,-0.000015
1956-02-07,-0.001924
1956-02-08,-0.010014
1956-02-09,-0.009901
1956-02-10,0.002918
1956-02-13,-0.000877
1956-02-14,-0.003743
1956-02-15,0.011747
1956-02-16,-0.001519
1956-02-17,0.014413
1956-02-20,0.000929
1956-02-21,0.001879
1956-02-23,0.010793
1956-02-24,0.006811
1956-02-27,-0.000412
1956-02-28,0.003857
1956-02-29,-0.002486
1956-03-01,0.005991
1956-03-02,0.007450
1956-03-05,0.006467
1956-03-06,-0.000809
1956-03-07,0.000048
1956-03-08,0.003895
1956-03-09,0.011637
1956-03-12,0.007551
1956-03-13,-0.000380
1956-03-14,0.006227
1956-03-15,0.006018
1956-03-16,0.000699
1956-03-19,0.005956
1956-03-20,0.002436
1956-03-21,-0.008728
1956-03-22,0.006071
1956-03-23,0.004454
1956-03-26,0.000380
1956-03-27,-0.005446
1956-03-28,0.003784
1956-03-29,0.002582
1956-04-02,0.006847
1956-04-03,-0.002665
1956-04-04,0.002737
1956-04-05,-0.004198
1956-04-06,0.005155
1956-04-09,-0.004904
1956-04-10,-0.013261
1956-04-11,0.007866
1956-04-12,-0.005467
1956-04-13,0.000585
1956-04-16,-0.000172
1956-04-17,-0.000445
1956-04-18,-0.001845
1956-04-19,-0.003491
1956-04-20,0.004815
1956-04-23,-0.000243
1956-04-24,-0.008034
1956-04-25,-0.002514
1956-04-26,0.007906
1956-04-27,0.009768
1956-04-30,0.006976
1956-05-01,-0.002851
1956-05-02,0.000708
1956-05-03,0.004349
1956-05-04,0.005535
1956-05-07,-0.002969
1956-05-08,-0.002889
1956-05-09,0.000255
1956-05-10,-0.013478
1956-05-11,0.001934
1956-05-14,-0.010827
1956-05-15,-0.005332
1956-05-16,-0.001328
1956-05-17,0.007439
1956-05-18,-0.002382
1956-05-21,-0.010434
1956-05-22,-0.012377
1956-05-23,-0.003956
1956-05-24,-0.012966
1956-05-25,0.000220
1956-05-28,-0.012018
1956-05-29,0.022511
1956-05-31,0.000913
1956-06-01,0.004924
1956-06-04,0.004635
1956-06-05,0.000948
1956-06-06,-0.003313
1956-06-07,0.006087
1956-06-08,-0.017661
1956-06-11,0.011998
1956-06-12,0.012879
1956-06-13,0.002619
1956-06-14,-0.002263
1956-06-15,0.002071
1956-06-18,-0.005816
1956-06-19,0.003385
1956-06-20,0.002815
1956-06-21,0.004969
1956-06-22,-0.000900
1956-06-25,-0.004188
1956-06-26,0.005892
1956-06-27,0.006093
1956-06-28,0.001521
1956-06-29,0.000465
1956-07-02,0.000465
1956-07-03,0.006052
1956-07-05,0.008156
1956-07-06,0.004593
1956-07-09,0.003773
1956-07-10,0.004336
1956-07-11,0.002525
1956-07-12,-0.002155
1956-07-13,0.004743
1956-07-16,0.006859
1956-07-17,0.003836
1956-07-18,-0.000802
1956-07-19,0.000204
1956-07-20,0.002226
1956-07-23,0.000737
1956-07-24,-0.000896
1956-07-25,0.001980
1956-07-26,0.002246
1956-07-27,-0.006517
1956-07-30,0.000208
1956-07-31,0.007164
1956-08-01,0.001644
1956-08-02,0.005216
1956-08-03,-0.001369
1956-08-06,-0.014074
1956-08-07,0.007595
1956-08-08,0.006141
1956-08-09,0.001011
1956-08-10,-0.004184
1956-08-13,-0.007618
1956-08-14,0.003703
1956-08-15,-0.000197
1956-08-16,-0.000775
1956-08-17,-0.000051
1956-08-20,-0.009352
1956-08-21,-0.010718
1956-08-22,-0.004240
1956-08-23,0.008396
1956-08-24,0.000767
1956-08-27,-0.005405
1956-08-28,-0.003517
1956-08-29,-0.004109
1956-08-30,-0.009306
1956-08-31,0.010529
1956-09-04,0.007663
1956-09-05,0.003724
1956-09-06,0.001182
1956-09-07,-0.005303
1956-09-10,-0.003996
1956-09-11,-0.006353
1956-09-12,-0.005309
1956-09-13,-0.001524
1956-09-14,0.004224
1956-09-17,-0.001941
1956-09-18,-0.007856
1956-09-19,-0.009317
1956-09-20,-0.002643
1956-09-21,0.007188
1956-09-24,-0.005240
1956-09-25,-0.013827
1956-09-26,-0.000414
1956-09-27,-0.004226
1956-09-28,-0.006644
1956-10-01,-0.015228
1956-10-02,0.017467
1956-10-03,0.014971
1956-10-04,-0.000457
1956-10-05,0.003697
1956-10-08,0.000243
1956-10-09,-0.004545
1956-10-10,0.010565
1956-10-11,0.001698
1956-10-12,0.002667
1956-10-15,0.000240
1956-10-16,-0.003768
1956-10-17,-0.006954
1956-10-18,0.001703
1956-10-19,-0.000198
1956-10-22,-0.002027
1956-10-23,-0.000595
1956-10-24,-0.003869
1956-10-25,-0.003010
1956-10-26,0.008915
1956-10-29,0.001789
1956-10-30,-0.001765
1956-10-31,-0.013561
1956-11-01,0.017693
1956-11-02,0.008260
1956-11-05,0.013897
1956-11-07,-0.006061
1956-11-08,-0.007128
1956-11-09,-0.004695
1956-11-12,0.005046
1956-11-13,-0.000068
1956-11-14,-0.006498
1956-11-15,-0.005194
1956-11-16,-0.000694
1956-11-19,-0.010316
1956-11-20,-0.005936
1956-11-21,-0.002232
1956-11-23,0.009431
1956-11-26,-0.003094
1956-11-27,0.000203
1956-11-28,-0.009973
1956-11-29,-0.002399
1956-11-30,0.015195
1956-12-03,0.016166
1956-12-04,-0.000380
1956-12-05,0.009981
1956-12-06,0.005156
1956-12-07,0.002772
1956-12-10,-0.002849
1956-12-11,-0.004463
1956-12-12,-0.006155
1956-12-13,0.007035
1956-12-14,0.001898
1956-12-17,-0.000325
1956-12-18,0.000243
1956-12-19,-0.002514
1956-12-20,-0.006068
1956-12-21,0.006038
1956-12-26,0.002621
1956-12-27,-0.000651
1956-12-28,0.002425
1956-12-31,0.003741
1957-01-02,-0.006774
1957-01-03,0.007923
1957-01-04,0.001605
1957-01-07,-0.004427
1957-01-08,-0.001062
1957-01-09,-0.001870
1957-01-10,0.003983
1957-01-11,-0.000940
1957-01-14,-0.006875
1957-01-15,-0.010997
1957-01-16,-0.000397
1957-01-17,-0.002751
1957-01-18,-0.011904
1957-01-21,-0.003228
1957-01-22,0.003307
1957-01-23,0.005566
1957-01-24,0.002553
1957-01-25,-0.004903
1957-01-28,-0.006686
1957-01-29,0.002412
1957-01-30,0.005435
1957-01-31,-0.002438
1957-02-01,-0.003851
1957-02-04,-0.001727
1957-02-05,-0.012499
1957-02-06,0.001606
1957-02-07,-0.003491
1957-02-08,-0.004171
1957-02-11,-0.017374
1957-02-12,-0.005462
1957-02-13,0.016039
1957-02-14,0.000464
1957-02-15,0.012615
1957-02-18,-0.002169
1957-02-19,0.001989
1957-02-20,0.004477
1957-02-21,-0.003724
1957-02-25,0.000225
1957-02-26,0.002019
1957-02-27,-0.001584
1957-02-28,-0.001760
1957-03-01,0.009061
1957-03-04,0.006799
1957-03-05,0.004328
1957-03-06,0.003435
1957-03-07,-0.002458
1957-03-08,-0.003439
1957-03-11,-0.005305
1957-03-12,-0.000034
1957-03-13,0.005743
1957-03-14,0.001149
1957-03-15,0.001353
1957-03-18,-0.003864
1957-03-19,0.003727
1957-03-20,0.001572
1957-03-21,0.000403
1957-03-22,-0.001391
1957-03-25,-0.004019
1957-03-26,0.001623
1957-03-27,0.003105
1957-03-28,0.003456
1957-03-29,-0.001251
1957-04-01,-0.000005
1957-04-02,0.006001
1957-04-03,0.003488
1957-04-04,-0.002323
1957-04-05,0.000852
1957-04-08,0.000664
1957-04-09,0.008537
1957-04-10,0.005392
1957-04-11,0.000773
1957-04-12,0.002174
1957-04-15,-0.001033
1957-04-16,0.000970
1957-04-17,0.002423
1957-04-18,0.007238
1957-04-22,0.001031
1957-04-23,0.005748
1957-04-24,0.001453
1957-04-25,-0.003108
1957-04-26,-0.001107
1957-04-29,0.003940
1957-04-30,0.001185
1957-05-01,0.005709
1957-05-02,0.007387
1957-05-03,-0.000579
1957-05-06,-0.001227
1957-05-07,-0.001792
1957-05-08,0.004053
1957-05-09,0.001540
1957-05-10,0.004416
1957-05-13,0.007267
1957-05-14,-0.004256
1957-05-15,0.002495
1957-05-16,0.004258
1957-05-17,0.003005
1957-05-20,0.002748
1957-05-21,0.000759
1957-05-22,-0.003238
1957-05-23,-0.000813
1957-05-24,0.001351
1957-05-27,-0.008768
1957-05-28,-0.001242
1957-05-29,0.008361
1957-05-31,0.004721
1957-06-03,-0.001634
1957-06-04,-0.001132
1957-06-05,0.000368
1957-06-06,0.006261
1957-06-07,0.000448
1957-06-10,-0.006302
1957-06-11,0.012591
1957-06-12,0.001717
1957-06-13,0.001846
1957-06-14,-0.000051
1957-06-17,0.001626
1957-06-18,-0.004207
1957-06-19,-0.009189
1957-06-20,-0.005698
1957-06-21,-0.005654
1957-06-24,-0.007362
1957-06-25,0.007053
1957-06-26,-0.001482
1957-06-27,0.003595
1957-06-28,0.002381
1957-07-01,0.001852
1957-07-02,0.008620
1957-07-03,0.008161
1957-07-05,0.008081
1957-07-08,0.003894
1957-07-09,-0.002628
1957-07-10,0.006651
1957-07-11,-0.003880
1957-07-12,0.004360
1957-07-15,0.000676
1957-07-16,-0.004842
1957-07-17,-0.005908
1957-07-18,-0.000847
1957-07-19,0.000326
1957-07-22,-0.002070
1957-07-23,-0.001096
1957-07-24,0.000874
1957-07-25,0.000030
1957-07-26,-0.003338
1957-07-29,-0.011221
1957-07-30,0.001417
1957-07-31,0.000078
1957-08-01,-0.002498
1957-08-02,-0.001214
1957-08-05,-0.008612
1957-08-06,-0.010970
1957-08-07,0.008410
1957-08-08,-0.003047
1957-08-09,0.000155
1957-08-12,-0.010767
1957-08-13,-0.000065
1957-08-14,-0.012748
1957-08-15,0.000774
1957-08-16,0.001654
1957-08-19,-0.019032
1957-08-20,0.007726
1957-08-21,0.005593
1957-08-22,-0.006792
1957-08-23,-0.013944
1957-08-26,-0.014150
1957-08-27,0.015884
1957-08-28,0.001314
1957-08-29,-0.004601
1957-08-30,0.016574
1957-09-03,0.004552
1957-09-04,-0.008466
1957-09-05,-0.003607
1957-09-06,-0.002559
1957-09-09,-0.008570
1957-09-10,-0.008858
1957-09-11,0.007937
1957-09-12,0.012592
1957-09-13,-0.000272
1957-09-16,-0.004794
1957-09-17,0.001646
1957-09-18,0.001490
1957-09-19,-0.006267
1957-09-20,-0.015742
1957-09-23,-0.021226
1957-09-24,0.006764
1957-09-25,-0.012515
1957-09-26,0.002231
1957-09-27,0.000020
1957-09-30,-0.003164
1957-10-01,0.007290
1957-10-02,0.008570
1957-10-03,0.000347
1957-10-04,-0.007077
1957-10-07,-0.018857
1957-10-08,-0.007842
1957-10-09,0.001900
1957-10-10,-0.025013
1957-10-11,-0.001278
1957-10-14,0.007300
1957-10-15,0.010511
1957-10-16,-0.007903
1957-10-17,-0.018071
1957-10-18,-0.008903
1957-10-21,-0.030342
1957-10-22,-0.005266
1957-10-23,0.044884
1957-10-24,0.000846
1957-10-25,-0.003388
1957-10-28,-0.004273
1957-10-29,0.006529
1957-10-30,0.008811
1957-10-31,0.001461
1957-11-01,-0.014259
1957-11-04,-0.000503
1957-11-06,0.002461
1957-11-07,0.006196
1957-11-08,-0.010239
1957-11-11,-0.001036
1957-11-12,-0.011591
1957-11-13,-0.001902
1957-11-14,-0.006116
1957-11-15,0.027010
1957-11-18,-0.008006
1957-11-19,-0.006051
1957-11-20,0.004055
1957-11-21,0.013994
1957-11-22,0.010177
1957-11-25,0.008125
1957-11-26,-0.025750
1957-11-27,0.028601
1957-11-29,0.012026
1957-12-02,-0.008035
1957-12-03,0.000499
1957-12-04,0.004432
1957-12-05,0.000553
1957-12-06,-0.005906
1957-12-09,-0.007496
1957-12-10,-0.008281
1957-12-11,-0.001476
1957-12-12,0.001394
1957-12-13,0.004620
1957-12-16,-0.014513
1957-12-17,-0.017181
1957-12-18,-0.000811
1957-12-19,0.010311
1957-12-20,-0.008214
1957-12-23,-0.000520
1957-12-24,0.001255
1957-12-26,0.010290
1957-12-27,-0.003436
1957-12-30,-0.005470
1957-12-31,0.010316
1958-01-02,0.009994
1958-01-03,0.013651
1958-01-06,-0.004201
1958-01-07,0.008149
1958-01-08,0.000136
1958-01-09,-0.006026
1958-01-10,-0.008857
1958-01-13,0.003086
1958-01-14,0.004730
1958-01-15,0.008361
1958-01-16,0.002176
1958-01-17,0.001111
1958-01-20,0.005568
1958-01-21,-0.000343
1958-01-22,-0.002159
1958-01-23,0.004019
1958-01-24,0.008948
1958-01-27,-0.002117
1958-01-28,0.000449
1958-01-29,0.005872
1958-01-30,-0.004162
1958-01-31,0.000364
1958-02-03,0.007749
1958-02-04,0.010584
1958-02-05,-0.004778
1958-02-06,-0.002150
1958-02-07,-0.007661
1958-02-10,-0.005653
1958-02-11,-0.008079
1958-02-12,-0.004089
1958-02-13,0.000265
1958-02-14,0.009471
1958-02-17,-0.005198
1958-02-18,0.001634
1958-02-19,0.000150
1958-02-20,-0.005623
1958-02-21,-0.000817
1958-02-24,-0.005321
1958-02-25,-0.001012
1958-02-26,0.007977
1958-02-27,-0.005318
1958-02-28,0.003627
1958-03-03,0.007005
1958-03-04,0.004430
1958-03-05,0.004516
1958-03-06,0.011772
1958-03-07,0.001888
1958-03-10,0.002046
1958-03-11,0.008200
1958-03-12,-0.001528
1958-03-13,0.000899
1958-03-14,-0.001463
1958-03-17,-0.008157
1958-03-18,-0.002147
1958-03-19,0.005060
1958-03-20,0.000047
1958-03-21,0.007453
1958-03-24,0.002754
1958-03-25,-0.002263
1958-03-26,-0.002438
1958-03-27,-0.002930
1958-03-28,0.001350
1958-03-31,-0.003023
1958-04-01,-0.003905
1958-04-02,-0.007877
1958-04-03,-0.002587
1958-04-07,-0.003842
1958-04-08,0.007601
1958-04-09,0.000491
1958-04-10,0.001022
1958-04-11,0.001766
1958-04-14,0.005834
1958-04-15,0.009558
1958-04-16,-0.007295
1958-04-17,0.003490
1958-04-18,0.010069
1958-04-21,0.004806
1958-04-22,-0.003504
1958-04-23,0.001110
1958-04-24,0.007455
1958-04-25,0.005043
1958-04-28,-0.003689
1958-04-29,-0.004305
1958-04-30,0.009431
1958-05-01,0.001624
1958-05-02,0.004231
1958-05-05,0.002555
1958-05-06,0.006061
1958-05-07,-0.001122
1958-05-08,0.001800
1958-05-09,0.000882
1958-05-12,-0.003937
1958-05-13,-0.002102
1958-05-14,-0.011088
1958-05-15,0.005426
1958-05-16,0.000690
1958-05-19,-0.002362
1958-05-20,0.008501
1958-05-21,-0.000529
1958-05-22,0.005282
1958-05-23,0.002823
1958-05-26,0.000047
1958-05-27,-0.001145
1958-05-28,0.001207
1958-05-29,0.005709
1958-06-02,0.004758
1958-06-03,0.003386
1958-06-04,0.000787
1958-06-05,0.001679
1958-06-06,0.002203
1958-06-09,-0.000950
1958-06-10,-0.001792
1958-06-11,0.000875
1958-06-12,0.005703
1958-06-13,0.005916
1958-06-16,0.003914
1958-06-17,0.003009
1958-06-18,-0.003669
1958-06-19,-0.011477
1958-06-20,0.005438
1958-06-23,-0.003546
1958-06-24,-0.003307
1958-06-25,0.002352
1958-06-26,0.005022
1958-06-27,0.002737
1958-06-30,0.006439
1958-07-01,0.000964
1958-07-02,0.001127
1958-07-03,0.003446
1958-07-07,0.002826
1958-07-08,-0.005092
1958-07-09,-0.003299
1958-07-10,0.004526
1958-07-11,0.006423
1958-07-14,-0.012545
1958-07-15,0.001515
1958-07-16,0.002282
1958-07-17,0.007565
1958-07-18,0.004020
1958-07-21,0.011720
1958-07-22,0.001835
1958-07-23,-0.000054
1958-07-24,0.005309
1958-07-25,0.006971
1958-07-28,0.003341
1958-07-29,-0.002759
1958-07-30,0.004028
1958-07-31,-0.000011
1958-08-01,0.007666
1958-08-04,0.009517
1958-08-05,-0.004860
1958-08-06,-0.004575
1958-08-07,0.007062
1958-08-08,0.005401
1958-08-11,0.003338
1958-08-12,-0.008049
1958-08-13,0.002302
1958-08-14,0.002229
1958-08-15,-0.008691
1958-08-18,-0.005439
1958-08-19,0.001881
1958-08-20,0.001399
1958-08-21,0.006017
1958-08-22,0.001979
1958-08-25,0.000726
1958-08-26,0.003826
1958-08-27,0.000558
1958-08-28,-0.005099
1958-08-29,0.002201
1958-09-02,0.005222
1958-09-03,0.003990
1958-09-04,-0.001642
1958-09-05,-0.001079
1958-09-08,0.003841
1958-09-09,0.005371
1958-09-10,-0.002602
1958-09-11,0.006569
1958-09-12,-0.002315
1958-09-15,0.008786
1958-09-16,0.006918
1958-09-17,-0.000559
1958-09-18,-0.004335
1958-09-19,0.006708
1958-09-22,-0.004114
1958-09-23,0.006634
1958-09-24,0.003819
1958-09-25,-0.003870
1958-09-26,0.002162
1958-09-29,0.004334
1958-09-30,0.003648
1958-10-01,-0.001975
1958-10-02,0.003222
1958-10-03,0.004276
1958-10-06,0.005685
1958-10-07,0.005281
1958-10-08,0.001271
1958-10-09,0.000657
1958-10-10,0.006198
1958-10-13,0.004010
1958-10-14,-0.007603
1958-10-15,-0.011868
1958-10-16,0.007705
1958-10-17,0.009361
1958-10-20,-0.002780
1958-10-21,-0.000401
1958-10-22,-0.003200
1958-10-23,-0.001632
1958-10-24,-0.002223
1958-10-27,-0.007682
1958-10-28,0.004551
1958-10-29,0.011205
1958-10-30,0.001578
1958-10-31,0.001586
1958-11-03,0.003987
1958-11-05,0.010323
1958-11-06,0.006312
1958-11-07,-0.001273
1958-11-10,0.006671
1958-11-11,0.007728
1958-11-12,0.001604
1958-11-13,-0.003652
1958-11-14,0.004976
1958-11-17,0.002625
1958-11-18,-0.001544
1958-11-19,0.001701
1958-11-20,0.000576
1958-11-21,-0.009013
1958-11-24,-0.024174
1958-11-25,-0.005952
1958-11-26,0.018450
1958-11-28,0.011544
1958-12-01,0.004064
1958-12-02,-0.003885
1958-12-03,0.001555
1958-12-04,0.000817
1958-12-05,-0.000505
1958-12-08,0.002201
1958-12-09,0.005216
1958-12-10,0.011569
1958-12-11,-0.002321
1958-12-12,-0.001374
1958-12-15,0.002498
1958-12-16,0.003277
1958-12-17,0.006274
1958-12-18,0.003310
1958-12-19,-0.001735
1958-12-22,-0.006341
1958-12-23,-0.005067
1958-12-24,0.013723
1958-12-29,0.008914
1958-12-30,0.004478
1958-12-31,0.004930
1959-01-02,0.004156
1959-01-05,0.003476
1959-01-06,-0.000915
1959-01-07,-0.011790
1959-01-08,0.009621
1959-01-09,0.006923
1959-01-12,0.001148
1959-01-13,-0.004700
1959-01-14,0.002954
1959-01-15,0.003892
1959-01-16,0.000191
1959-01-19,-0.001620
1959-01-20,0.001203
1959-01-21,0.005506
1959-01-22,-0.001898
1959-01-23,0.001140
1959-01-26,-0.004632
1959-01-27,0.000192
1959-01-28,-0.010742
1959-01-29,0.000994
1959-01-30,0.004240
1959-02-02,-0.002832
1959-02-03,0.001475
1959-02-04,-0.002882
1959-02-05,-0.003789
1959-02-06,-0.006687
1959-02-09,-0.013471
1959-02-10,0.014032
1959-02-11,0.000758
1959-02-12,-0.005507
1959-02-13,0.007900
1959-02-16,0.002353
1959-02-17,-0.002903
1959-02-18,0.004634
1959-02-19,0.009173
1959-02-20,0.008646
1959-02-24,-0.000139
1959-02-25,-0.003165
1959-02-26,0.002549
1959-02-27,0.001464
1959-03-02,0.005239
1959-03-03,0.008899
1959-03-04,0.001453
1959-03-05,0.002160
1959-03-06,-0.003461
1959-03-09,-0.000302
1959-03-10,0.003306
1959-03-11,0.001970
1959-03-12,0.004428
1959-03-13,0.001022
1959-03-16,-0.010542
1959-03-17,0.008450
1959-03-18,-0.001281
1959-03-19,-0.001252
1959-03-20,0.000869
1959-03-23,-0.009122
1959-03-24,0.001896
1959-03-25,-0.001267
1959-03-26,-0.001257
1959-03-30,-0.005972
1959-03-31,-0.000394
1959-04-01,0.003626
1959-04-02,0.005796
1959-04-03,0.007613
1959-04-06,0.002083
1959-04-07,-0.001288
1959-04-08,-0.004766
1959-04-09,-0.000387
1959-04-10,0.001694
1959-04-13,0.003421
1959-04-14,0.005463
1959-04-15,0.004150
1959-04-16,0.006629
1959-04-17,0.008006
1959-04-20,0.003629
1959-04-21,-0.001024
1959-04-22,-0.006077
1959-04-23,-0.002299
1959-04-24,0.005559
1959-04-27,0.003571
1959-04-28,-0.003210
1959-04-29,-0.002851
1959-04-30,-0.001920
1959-05-01,0.001328
1959-05-04,0.000406
1959-05-05,0.001927
1959-05-06,-0.001406
1959-05-07,-0.012529
1959-05-08,0.008098
1959-05-11,0.004172
1959-05-12,0.001133
1959-05-13,0.005321
1959-05-14,0.006680
1959-05-15,-0.003511
1959-05-18,-0.000467
1959-05-19,0.002472
1959-05-20,-0.002994
1959-05-21,0.000705
1959-05-22,0.003629
1959-05-25,-0.004437
1959-05-26,-0.000693
1959-05-27,0.002126
1959-05-28,0.003070
1959-05-29,0.004540
1959-06-01,-0.001029
1959-06-02,-0.006387
1959-06-03,0.000315
1959-06-04,-0.010712
1959-06-05,-0.001037
1959-06-08,-0.013837
1959-06-09,-0.006107
1959-06-10,0.015030
1959-06-11,0.001774
1959-06-12,0.000398
1959-06-15,-0.004763
1959-06-16,-0.006569
1959-06-17,0.009252
1959-06-18,-0.000337
1959-06-19,0.002008
1959-06-22,0.000047
1959-06-23,-0.000445
1959-06-24,0.004728
1959-06-25,0.005416
1959-06-26,0.004082
1959-06-29,0.006841
1959-06-30,0.002383
1959-07-01,0.008093
1959-07-02,0.005032
1959-07-06,0.005658
1959-07-07,0.004996
1959-07-08,0.001214
1959-07-09,-0.002309
1959-07-10,0.000658
1959-07-13,-0.008619
1959-07-14,0.003061
1959-07-15,0.001327
1959-07-16,-0.003579
1959-07-17,-0.002772
1959-07-20,-0.004739
1959-07-21,0.008409
1959-07-22,0.003554
1959-07-23,0.001266
1959-07-24,0.000114
1959-07-27,0.005220
1959-07-28,0.005198
1959-07-29,0.004267
1959-07-30,-0.002282
1959-07-31,0.000347
1959-08-03,0.003146
1959-08-04,-0.001863
1959-08-05,-0.004117
1959-08-06,-0.001419
1959-08-07,-0.006020
1959-08-10,-0.018985
1959-08-11,0.012154
1959-08-12,-0.001655
1959-08-13,-0.001925
1959-08-14,0.002378
1959-08-17,-0.002035
1959-08-18,-0.009005
1959-08-19,-0.005772
1959-08-20,0.014310
1959-08-21,-0.000498
1959-08-24,-0.004035
1959-08-25,0.002423
1959-08-26,0.001497
1959-08-27,0.009264
1959-08-28,-0.001764
1959-08-31,0.001940
1959-09-01,-0.011925
1959-09-02,0.000503
1959-09-03,-0.011473
1959-09-04,0.005702
1959-09-08,-0.013935
1959-09-09,-0.007669
1959-09-10,-0.005543
1959-09-11,0.007774
1959-09-14,-0.006696
1959-09-15,-0.006289
1959-09-16,0.000599
1959-09-17,-0.004701
1959-09-18,-0.006885
1959-09-21,-0.014984
1959-09-22,-0.002586
1959-09-23,0.013956
1959-09-24,0.016452
1959-09-25,-0.000171
1959-09-28,0.006679
1959-09-29,0.006008
1959-09-30,-0.010083
1959-10-01,0.001573
1959-10-02,0.004215
1959-10-05,-0.001090
1959-10-06,-0.000516
1959-10-07,-0.001737
1959-10-08,-0.001603
1959-10-09,0.003615
1959-10-12,0.005590
1959-10-13,-0.002750
1959-10-14,-0.007368
1959-10-15,0.002912
1959-10-16,0.008221
1959-10-19,-0.005371
1959-10-20,-0.005944
1959-10-21,-0.001656
1959-10-22,-0.009240
1959-10-23,0.010898
1959-10-26,0.006345
1959-10-27,0.008016
1959-10-28,0.000629
1959-10-29,-0.000817
1959-10-30,0.001937
1959-11-02,-0.001433
1959-11-04,-0.001373
1959-11-05,0.001166
1959-11-06,0.005533
1959-11-09,-0.001326
1959-11-10,0.000411
1959-11-11,0.000708
1959-11-12,-0.004776
1959-11-13,-0.005402
1959-11-16,-0.010250
1959-11-17,0.002666
1959-11-18,0.010397
1959-11-19,-0.000819
1959-11-20,0.000907
1959-11-23,0.001818
1959-11-24,0.004465
1959-11-25,0.001866
1959-11-27,0.004707
1959-11-30,0.009463
1959-12-01,0.006894
1959-12-02,-0.002000
1959-12-03,0.002886
1959-12-04,0.002356
1959-12-07,0.003049
1959-12-08,0.005658
1959-12-09,-0.006205
1959-12-10,0.001153
1959-12-11,-0.001582
1959-12-14,0.002718
1959-12-15,-0.002578
1959-12-16,0.001506
1959-12-17,-0.001213
1959-12-18,0.004564
1959-12-21,0.001087
1959-12-22,-0.001542
1959-12-23,-0.002578
1959-12-24,0.000995
1959-12-28,-0.001180
1959-12-29,0.004168
1959-12-30,0.007929
1959-12-31,0.002022
1960-01-04,0.000005
1960-01-05,0.007798
1960-01-06,-0.004387
1960-01-07,-0.006302
1960-01-08,-0.003181
1960-01-11,-0.011428
1960-01-12,-0.005640
1960-01-13,-0.005100
1960-01-14,0.005763
1960-01-15,0.000083
1960-01-18,-0.008130
1960-01-19,-0.009778
1960-01-20,-0.002773
1960-01-21,0.002360
1960-01-22,0.003016
1960-01-25,-0.010267
1960-01-26,0.001585
1960-01-27,-0.002537
1960-01-28,-0.009772
1960-01-29,-0.009598
1960-02-01,0.005172
1960-02-02,0.015571
1960-02-03,-0.008165
1960-02-04,-0.000581
1960-02-05,-0.004769
1960-02-08,-0.009838
1960-02-09,0.008983
1960-02-10,-0.005426
1960-02-11,-0.004899
1960-02-12,0.004667
1960-02-15,-0.004849
1960-02-16,-0.008772
1960-02-17,0.006324
1960-02-18,0.013689
1960-02-19,0.007340
1960-02-23,-0.004927
1960-02-24,-0.002821
1960-02-25,0.004639
1960-02-26,0.004324
1960-02-29,-0.000621
1960-03-01,-0.001338
1960-03-02,-0.006937
1960-03-03,-0.015326
1960-03-04,-0.003769
1960-03-07,-0.011056
1960-03-08,-0.009166
1960-03-09,0.011078
1960-03-10,-0.003207
1960-03-11,0.007462
1960-03-14,0.001970
1960-03-15,0.007949
1960-03-16,0.005396
1960-03-17,-0.001701
1960-03-18,0.000894
1960-03-21,0.001033
1960-03-22,0.003604
1960-03-23,0.007863
1960-03-24,0.004316
1960-03-25,0.000037
1960-03-28,-0.002220
1960-03-29,-0.001742
1960-03-30,-0.001386
1960-03-31,-0.006133
1960-04-01,0.002010
1960-04-04,0.001830
1960-04-05,0.005500
1960-04-06,0.010100
1960-04-07,0.000790
1960-04-08,-0.001994
1960-04-11,-0.003783
1960-04-12,0.002270
1960-04-13,-0.000141
1960-04-14,0.002663
1960-04-18,0.002326
1960-04-19,-0.007327
1960-04-20,-0.011571
1960-04-21,0.003360
1960-04-22,-0.002641
1960-04-25,-0.010142
1960-04-26,0.003682
1960-04-27,-0.000160
1960-04-28,-0.008444
1960-04-29,-0.003423
1960-05-02,-0.004886
1960-05-03,0.013757
1960-05-04,0.004163
1960-05-05,-0.003145
1960-05-06,-0.000970
1960-05-09,0.001013
1960-05-10,-0.005591
1960-05-11,0.002443
1960-05-12,0.005493
1960-05-13,0.009155
1960-05-16,-0.000538
1960-05-17,0.003901
1960-05-18,0.000321
1960-05-19,0.004454
1960-05-20,0.002159
1960-05-23,-0.000636
1960-05-24,-0.000495
1960-05-25,-0.000200
1960-05-26,0.001019
1960-05-27,0.000813
1960-05-31,0.001633
1960-06-01,0.001666
1960-06-02,0.003676
1960-06-03,0.002068
1960-06-06,0.011151
1960-06-07,0.009587
1960-06-08,0.007508
1960-06-09,0.001137
1960-06-10,0.000698
1960-06-13,0.000712
1960-06-14,0.000031
1960-06-15,-0.005269
1960-06-16,-0.000967
1960-06-17,-0.000861
1960-06-20,-0.003703
1960-06-21,-0.000864
1960-06-22,0.002200
1960-06-23,0.004688
1960-06-24,0.001638
1960-06-27,-0.005507
1960-06-28,-0.006779
1960-06-29,0.000537
1960-06-30,-0.000393
1960-07-01,0.002451
1960-07-05,-0.001119
1960-07-06,-0.001506
1960-07-07,0.005328
1960-07-08,0.002713
1960-07-11,-0.008789
1960-07-12,-0.010603
1960-07-13,-0.002443
1960-07-14,0.000032
1960-07-15,-0.000453
1960-07-18,-0.006168
1960-07-19,0.000227
1960-07-20,-0.001509
1960-07-21,-0.008672
1960-07-22,-0.006828
1960-07-25,-0.010919
1960-07-26,0.006932
1960-07-27,-0.006517
1960-07-28,0.008131
1960-07-29,0.017211
1960-08-01,-0.000274
1960-08-02,-0.008097
1960-08-03,-0.005164
1960-08-04,0.003212
1960-08-05,0.010440
1960-08-08,0.002024
1960-08-09,0.005654
1960-08-10,0.004384
1960-08-11,0.004270
1960-08-12,0.006954
1960-08-15,-0.000084
1960-08-16,0.002404
1960-08-17,0.003072
1960-08-18,-0.000129
1960-08-19,0.003215
1960-08-22,0.002844
1960-08-23,0.009109
1960-08-24,0.005067
1960-08-25,-0.004154
1960-08-26,-0.002690
1960-08-29,-0.002254
1960-08-30,-0.010114
1960-08-31,0.002277
1960-09-01,0.002254
1960-09-02,-0.001028
1960-09-06,-0.008834
1960-09-07,-0.012218
1960-09-08,-0.000406
1960-09-09,0.006175
1960-09-12,-0.006380
1960-09-13,0.001702
1960-09-14,-0.007396
1960-09-15,-0.003883
1960-09-16,-0.002057
1960-09-19,-0.023052
1960-09-20,0.003042
1960-09-21,0.010530
1960-09-22,-0.003714
1960-09-23,-0.008994
1960-09-26,-0.014636
1960-09-27,-0.002812
1960-09-28,-0.008657
1960-09-29,0.002854
1960-09-30,0.017793
1960-10-03,-0.002639
1960-10-04,-0.007338
1960-10-05,0.007008
1960-10-06,0.005956
1960-10-07,0.005495
1960-10-10,0.001472
1960-10-11,0.001071
1960-10-12,-0.001277
1960-10-13,0.008390
1960-10-14,0.005329
1960-10-17,-0.003651
1960-10-18,-0.004899
1960-10-19,-0.001995
1960-10-20,-0.007599
1960-10-21,-0.009745
1960-10-24,-0.012783
1960-10-25,-0.007590
1960-10-26,0.014381
1960-10-27,0.011257
1960-10-28,-0.004400
1960-10-31,-0.000657
1960-11-01,0.010073
1960-11-02,0.005248
1960-11-03,0.004191
1960-11-04,0.008560
1960-11-07,0.004138
1960-11-09,0.004267
1960-11-10,0.014242
1960-11-11,-0.004323
1960-11-14,-0.003753
1960-11-15,0.004919
1960-11-16,-0.001625
1960-11-17,-0.002565
1960-11-18,0.005209
1960-11-21,0.002937
1960-11-22,-0.003384
1960-11-23,0.002355
1960-11-25,0.006592
1960-11-28,-0.001223
1960-11-29,-0.003070
1960-11-30,-0.004965
1960-12-01,-0.003781
1960-12-02,0.001797
1960-12-05,-0.001793
1960-12-06,0.004584
1960-12-07,0.009450
1960-12-08,0.002255
1960-12-09,0.008878
1960-12-12,0.003918
1960-12-13,0.001375
1960-12-14,-0.000606
1960-12-15,-0.001836
1960-12-16,0.008961
1960-12-19,-0.001100
1960-12-20,-0.000594
1960-12-21,0.007200
1960-12-22,-0.002587
1960-12-23,0.000721
1960-12-27,0.001363
1960-12-28,0.004039
1960-12-29,0.004777
1960-12-30,0.000673
1961-01-03,-0.008631
1961-01-04,0.013248
1961-01-05,0.003964
1961-01-06,-0.000984
1961-01-09,0.006095
1961-01-10,0.002641
1961-01-11,0.002961
1961-01-12,0.002994
1961-01-13,0.004307
1961-01-16,-0.000258
1961-01-17,-0.003435
1961-01-18,0.006610
1961-01-19,0.001753
1961-01-20,0.003620
1961-01-23,0.005139
1961-01-24,0.002311
1961-01-25,0.000653
1961-01-26,0.001179
1961-01-27,0.009398
1961-01-30,0.011661
1961-01-31,-0.002868
1961-02-01,0.003281
1961-02-02,0.006769
1961-02-03,-0.001493
1961-02-06,-0.006153
1961-02-07,-0.000147
1961-02-08,0.009561
1961-02-09,-0.002121
1961-02-10,-0.007817
1961-02-13,-0.005307
1961-02-14,0.005794
1961-02-15,0.007702
1961-02-16,0.006161
1961-02-17,-0.002419
1961-02-20,0.004212
1961-02-21,0.000954
1961-02-23,0.004238
1961-02-24,0.003837
1961-02-27,0.007738
1961-02-28,0.001937
1961-03-01,0.000036
1961-03-02,0.006581
1961-03-03,0.001467
1961-03-06,0.001697
1961-03-07,-0.007259
1961-03-08,0.000721
1961-03-09,0.000745
1961-03-10,0.000828
1961-03-13,0.002555
1961-03-14,-0.003759
1961-03-15,0.003661
1961-03-16,0.009929
1961-03-17,0.005958
1961-03-20,0.004283
1961-03-21,-0.001425
1961-03-22,-0.000888
1961-03-23,-0.003180
1961-03-24,-0.001173
1961-03-27,-0.000700
1961-03-28,0.000733
1961-03-29,0.007719
1961-03-30,0.002246
1961-04-03,0.007799
1961-04-04,0.000286
1961-04-05,-0.002964
1961-04-06,0.002846
1961-04-07,0.005154
1961-04-10,0.008246
1961-04-11,0.000590
1961-04-12,-0.004433
1961-04-13,0.000345
1961-04-14,0.002335
1961-04-17,0.004760
1961-04-18,-0.007152
1961-04-19,-0.004924
1961-04-20,-0.000055
1961-04-21,-0.000119
1961-04-24,-0.021839
1961-04-25,0.014612
1961-04-26,0.004403
1961-04-27,-0.000944
1961-04-28,-0.002843
1961-05-01,-0.002053
1961-05-02,0.007795
1961-05-03,0.008178
1961-05-04,0.004214
1961-05-05,0.001536
1961-05-08,-0.000553
1961-05-09,0.001116
1961-05-10,-0.000184
1961-05-11,0.000259
1961-05-12,0.001324
1961-05-15,0.005578
1961-05-16,0.004478
1961-05-17,0.003505
1961-05-18,-0.006111
1961-05-19,0.004618
1961-05-22,-0.006182
1961-05-23,-0.001730
1961-05-24,-0.005082
1961-05-25,-0.002976
1961-05-26,0.006737
1961-05-31,0.001232
1961-06-01,-0.000178
1961-06-02,0.001916
1961-06-05,0.005132
1961-06-06,-0.002513
1961-06-07,-0.004018
1961-06-08,0.000745
1961-06-09,0.000194
1961-06-12,-0.006860
1961-06-13,-0.005399
1961-06-14,0.002203
1961-06-15,-0.004150
1961-06-16,-0.007692
1961-06-19,-0.009207
1961-06-20,0.008415
1961-06-21,0.000318
1961-06-22,-0.003828
1961-06-23,0.003739
1961-06-26,-0.010573
1961-06-27,0.000057
1961-06-28,0.002096
1961-06-29,-0.001192
1961-06-30,0.002067
1961-07-03,0.008429
1961-07-05,0.006278
1961-07-06,0.003067
1961-07-07,-0.000520
1961-07-10,-0.000631
1961-07-11,-0.001100
1961-07-12,-0.006000
1961-07-13,-0.006691
1961-07-14,0.006196
1961-07-17,-0.007640
1961-07-18,-0.005944
1961-07-19,0.004031
1961-07-20,0.000446
1961-07-21,0.002105
1961-07-24,-0.000542
1961-07-25,0.005872
1961-07-26,0.008655
1961-07-27,0.010918
1961-07-28,0.001616
1961-07-31,0.001067
1961-08-01,0.008796
1961-08-02,-0.005416
1961-08-03,0.005297
1961-08-04,0.006109
1961-08-07,0.001048
1961-08-08,0.002139
1961-08-09,-0.000010
1961-08-10,0.003650
1961-08-11,0.002011
1961-08-14,-0.005204
1961-08-15,-0.001964
1961-08-16,0.003336
1961-08-17,0.005207
1961-08-18,0.002787
1961-08-21,0.001673
1961-08-22,0.000217
1961-08-23,-0.006054
1961-08-24,-0.005368
1961-08-25,0.001244
1961-08-28,0.000306
1961-08-29,-0.000745
1961-08-30,0.004332
1961-08-31,0.003344
1961-09-01,0.002303
1961-09-05,-0.003335
1961-09-06,0.006727
1961-09-07,-0.002196
1961-09-08,-0.006714
1961-09-11,-0.008171
1961-09-12,0.009755
1961-09-13,0.000279
1961-09-14,-0.007320
1961-09-15,0.001041
1961-09-18,-0.006435
1961-09-19,-0.007824
1961-09-20,0.004624
1961-09-21,0.000469
1961-09-22,-0.004091
1961-09-25,-0.014105
1961-09-26,0.000246
1961-09-27,0.010213
1961-09-28,0.002148
1961-09-29,0.002701
1961-10-02,0.000348
1961-10-03,-0.000674
1961-10-04,0.006689
1961-10-05,0.008514
1961-10-06,0.002830
1961-10-09,0.000107
1961-10-10,0.002666
1961-10-11,0.000025
1961-10-12,-0.000016
1961-10-13,-0.001350
1961-10-16,-0.002478
1961-10-17,0.001072
1961-10-18,0.004769
1961-10-19,0.002214
1961-10-20,0.000318
1961-10-23,-0.006000
1961-10-24,-0.001450
1961-10-25,0.004814
1961-10-26,0.002038
1961-10-27,-0.001277
1961-10-30,0.001175
1961-10-31,0.003060
1961-11-01,0.002045
1961-11-02,0.005299
1961-11-03,0.005661
1961-11-06,0.007907
1961-11-08,0.011726
1961-11-09,-0.000141
1961-11-10,0.004378
1961-11-13,0.003337
1961-11-14,0.005473
1961-11-15,-0.000244
1961-11-16,-0.000249
1961-11-17,0.000129
1961-11-20,0.001533
1961-11-21,0.000824
1961-11-22,-0.000596
1961-11-24,0.002438
1961-11-27,-0.000040
1961-11-28,0.000046
1961-11-29,-0.000377
1961-11-30,-0.004675
1961-12-01,0.006175
1961-12-04,0.002295
1961-12-05,-0.001073
1961-12-06,0.001261
1961-12-07,-0.003594
1961-12-08,0.004524
1961-12-11,0.003801
1961-12-12,0.003082
1961-12-13,-0.001458
1961-12-14,-0.006967
1961-12-15,-0.000171
1961-12-18,-0.003651
1961-12-19,-0.006288
1961-12-20,-0.001756
1961-12-21,-0.003220
1961-12-22,0.000589
1961-12-26,0.000797
1961-12-27,0.008075
1961-12-28,0.000175
1961-12-29,-0.001534
1962-01-02,-0.007876
1962-01-03,0.002496
1962-01-04,-0.008128
1962-01-05,-0.013204
1962-01-08,-0.007302
1962-01-09,0.000300
1962-01-10,-0.002317
1962-01-11,0.006121
1962-01-12,0.003359
1962-01-15,-0.002234
1962-01-16,-0.005248
1962-01-17,-0.010051
1962-01-18,0.000561
1962-01-19,0.005706
1962-01-22,-0.000167
1962-01-23,-0.006856
1962-01-24,0.001974
1962-01-25,-0.001186
1962-01-26,-0.002734
1962-01-29,-0.002971
1962-01-30,0.003594
1962-01-31,0.009553
1962-02-01,0.005472
1962-02-02,0.007618
1962-02-05,0.001692
1962-02-06,0.002365
1962-02-07,0.007144
1962-02-08,0.001927
1962-02-09,-0.000928
1962-02-12,-0.000149
1962-02-13,0.000328
1962-02-14,-0.000479
1962-02-15,0.004198
1962-02-16,-0.002095
1962-02-19,-0.002250
1962-02-20,0.003309
1962-02-21,-0.004786
1962-02-23,-0.002167
1962-02-26,-0.005005
1962-02-27,0.001551
1962-02-28,0.001659
1962-03-01,0.003279
1962-03-02,-0.000457
1962-03-05,-0.002044
1962-03-06,-0.003063
1962-03-07,-0.001071
1962-03-08,0.007332
1962-03-09,0.002960
1962-03-12,0.000014
1962-03-13,0.002949
1962-03-14,0.003969
1962-03-15,0.001816
1962-03-16,-0.000768
1962-03-19,-0.001767
1962-03-20,-0.002591
1962-03-21,-0.002087
1962-03-22,-0.001436
1962-03-23,0.000972
1962-03-26,-0.007527
1962-03-27,-0.002579
1962-03-28,0.004914
1962-03-29,-0.000751
1962-03-30,-0.006554
1962-04-02,-0.002996
1962-04-03,-0.008082
1962-04-04,-0.005305
1962-04-05,0.006071
1962-04-06,-0.000754
1962-04-09,-0.007743
1962-04-10,0.003404
1962-04-11,-0.001847
1962-04-12,-0.010560
1962-04-13,0.001382
1962-04-16,-0.003674
1962-04-17,0.005192
1962-04-18,0.005441
1962-04-19,0.004874
1962-04-23,-0.001033
1962-04-24,-0.001102
1962-04-25,-0.011392
1962-04-26,-0.009430
1962-04-27,-0.010854
1962-04-30,-0.016709
1962-05-01,0.008145
1962-05-02,0.004598
1962-05-03,0.008231
1962-05-04,-0.004552
1962-05-07,-0.002957
1962-05-08,-0.011956
1962-05-09,-0.013033
1962-05-10,-0.010898
1962-05-11,-0.014586
1962-05-14,0.007737
1962-05-15,0.017593
1962-05-16,-0.000590
1962-05-17,-0.006242
1962-05-18,-0.001067
1962-05-21,-0.003844
1962-05-22,-0.019772
1962-05-23,-0.020047
1962-05-24,-0.009011
1962-05-25,-0.018911
1962-05-28,-0.069508
1962-05-29,0.049523
1962-05-31,0.027534
1962-06-01,-0.003053
1962-06-04,-0.035971
1962-06-05,0.004813
1962-06-06,0.014316
1962-06-07,0.000253
1962-06-08,0.000521
1962-06-11,-0.010849
1962-06-12,-0.026022
1962-06-13,-0.015420
1962-06-14,-0.020787
1962-06-15,0.029867
1962-06-18,-0.003985
1962-06-19,-0.002609
1962-06-20,-0.013879
1962-06-21,-0.022277
1962-06-22,-0.016965
1962-06-25,-0.003384
1962-06-26,-0.003617
1962-06-27,0.005613
1962-06-28,0.034094
1962-06-29,0.006048
1962-07-02,0.020478
1962-07-03,0.011296
1962-07-05,0.006013
1962-07-06,-0.010710
1962-07-09,0.006770
1962-07-10,0.012571
1962-07-11,0.009757
1962-07-12,0.005530
1962-07-13,-0.002836
1962-07-16,0.000082
1962-07-17,-0.017433
1962-07-18,-0.010187
1962-07-19,0.003909
1962-07-20,0.005979
1962-07-23,-0.000342
1962-07-24,-0.008062
1962-07-25,0.001840
1962-07-26,0.004972
1962-07-27,0.007491
1962-07-30,0.010032
1962-07-31,0.006988
1962-08-01,-0.007043
1962-08-02,0.003493
1962-08-03,0.002260
1962-08-06,-0.006051
1962-08-07,-0.006014
1962-08-08,0.003426
1962-08-09,-0.000790
1962-08-10,0.001862
1962-08-13,0.002097
1962-08-14,0.010046
1962-08-15,0.007257
1962-08-16,0.000355
1962-08-17,0.006010
1962-08-20,0.006034
1962-08-21,-0.003556
1962-08-22,0.011611
1962-08-23,-0.001243
1962-08-24,-0.001281
1962-08-27,-0.000489
1962-08-28,-0.010967
1962-08-29,-0.001789
1962-08-30,0.000139
1962-08-31,0.008209
1962-09-04,-0.009369
1962-09-05,-0.006823
1962-09-06,0.003908
1962-09-07,0.000101
1962-09-10,0.000558
1962-09-11,0.002512
1962-09-12,0.004305
1962-09-13,-0.002293
1962-09-14,0.003014
1962-09-17,0.002588
1962-09-18,-0.000578
1962-09-19,-0.001914
1962-09-20,-0.006768
1962-09-21,-0.014270
1962-09-24,-0.018231
1962-09-25,0.005654
1962-09-26,-0.013838
1962-09-27,-0.006291
1962-09-28,0.006773
1962-10-01,-0.012772
1962-10-02,0.010468
1962-10-03,0.001507
1962-10-04,0.007896
1962-10-05,0.006087
1962-10-08,0.000208
1962-10-09,0.003028
1962-10-10,0.000114
1962-10-11,-0.002832
1962-10-12,-0.001655
1962-10-15,0.004654
1962-10-16,-0.003108
1962-10-17,-0.004408
1962-10-18,-0.009271
1962-10-19,-0.013159
1962-10-22,-0.011673
1962-10-23,-0.026326
1962-10-24,0.028349
1962-10-25,-0.007561
1962-10-26,-0.002773
1962-10-29,0.021966
1962-10-30,0.014747
1962-10-31,0.000205
1962-11-01,0.009954
1962-11-02,0.010627
1962-11-05,0.010503
1962-11-07,0.007228
1962-11-08,-0.005797
1962-11-09,0.009890
1962-11-12,0.013781
1962-11-13,-0.001932
1962-11-14,0.011957
1962-11-15,-0.002377
1962-11-16,0.002903
1962-11-19,-0.004563
1962-11-20,0.009858
1962-11-21,0.007152
1962-11-23,0.011745
1962-11-26,-0.002790
1962-11-27,0.007280
1962-11-28,0.007485
1962-11-29,0.004503
1962-11-30,-0.002006
1962-12-03,-0.003995
1962-12-04,0.010718
1962-12-05,0.004217
1962-12-06,0.000720
1962-12-07,0.001909
1962-12-10,-0.012944
1962-12-11,0.000468
1962-12-12,0.004626
1962-12-13,-0.003429
1962-12-14,0.002128
1962-12-17,-0.003616
1962-12-18,-0.004820
1962-12-19,0.007624
1962-12-20,0.003263
1962-12-21,-0.002097
1962-12-24,-0.000521
1962-12-26,0.006192
1962-12-27,-0.001382
1962-12-28,0.000568
1962-12-31,0.002445
1963-01-02,-0.005009
1963-01-03,0.016469
1963-01-04,0.006896
1963-01-07,0.000946
1963-01-08,0.009031
1963-01-09,-0.001472
1963-01-10,0.001983
1963-01-11,0.002611
1963-01-14,0.005732
1963-01-15,-0.000920
1963-01-16,-0.006757
1963-01-17,0.006622
1963-01-18,0.000458
1963-01-21,0.001537
1963-01-22,0.002752
1963-01-23,0.002342
1963-01-24,0.001652
1963-01-25,0.002498
1963-01-28,0.003894
1963-01-29,0.000389
1963-01-30,-0.005378
1963-01-31,0.004609
1963-02-01,0.001922
1963-02-04,-0.002014
1963-02-05,-0.000736
1963-02-06,0.004697
1963-02-07,-0.002964
1963-02-08,0.000528
1963-02-11,-0.004841
1963-02-12,0.000281
1963-02-13,0.004821
1963-02-14,0.003187
1963-02-15,0.001370
1963-02-18,0.001688
1963-02-19,-0.004057
1963-02-20,-0.004971
1963-02-21,0.001220
1963-02-25,-0.005913
1963-02-26,0.000994
1963-02-27,-0.006276
1963-02-28,-0.011023
1963-03-01,-0.003240
1963-03-04,0.009084
1963-03-05,-0.000022
1963-03-06,0.001780
1963-03-07,0.005806
1963-03-08,0.001217
1963-03-11,0.002176
1963-03-12,0.002480
1963-03-13,0.003231
1963-03-14,-0.004251
1963-03-15,0.003955
1963-03-18,-0.004160
1963-03-19,-0.002217
1963-03-20,0.007190
1963-03-21,-0.001147
1963-03-22,0.004538
1963-03-25,0.000470
1963-03-26,0.002574
1963-03-27,0.004140
1963-03-28,-0.001091
1963-03-29,0.000092
1963-04-01,0.003741
1963-04-02,-0.000191
1963-04-03,0.007061
1963-04-04,0.006163
1963-04-05,0.005794
1963-04-08,0.003489
1963-04-09,-0.000648
1963-04-10,-0.002433
1963-04-11,0.006588
1963-04-15,0.003920
1963-04-16,0.000944
1963-04-17,-0.002148
1963-04-18,0.001015
1963-04-19,0.004775
1963-04-22,0.000608
1963-04-23,0.003578
1963-04-24,0.002721
1963-04-25,0.000714
1963-04-26,-0.000536
1963-04-29,-0.000767
1963-04-30,0.002193
1963-05-01,0.002607
1963-05-02,0.002699
1963-05-03,-0.001364
1963-05-06,-0.006189
1963-05-07,-0.000133
1963-05-08,0.007820
1963-05-09,0.004366
1963-05-10,0.003075
1963-05-13,0.000389
1963-05-14,-0.002578
1963-05-15,0.002517
1963-05-16,-0.002141
1963-05-17,0.001012
1963-05-20,-0.003820
1963-05-21,0.002233
1963-05-22,0.000512
1963-05-23,-0.000727
1963-05-24,-0.001073
1963-05-27,-0.000970
1963-05-28,0.001791
1963-05-29,0.004354
1963-05-31,0.005575
1963-06-03,-0.000577
1963-06-04,0.000123
1963-06-05,-0.002274
1963-06-06,0.000243
1963-06-07,-0.001815
1963-06-10,-0.005467
1963-06-11,0.001051
1963-06-12,0.004827
1963-06-13,-0.002449
1963-06-14,0.000610
1963-06-17,-0.003895
1963-06-18,0.001290
1963-06-19,0.000956
1963-06-20,-0.001111
1963-06-21,0.003271
1963-06-24,-0.000785
1963-06-25,-0.002238
1963-06-26,-0.009034
1963-06-27,-0.004796
1963-06-28,0.004052
1963-07-01,-0.006464
1963-07-02,0.007971
1963-07-03,0.006421
1963-07-05,0.004134
1963-07-08,-0.006111
1963-07-09,0.004604
1963-07-10,-0.001551
1963-07-11,-0.001456
1963-07-12,-0.001139
1963-07-15,-0.006031
1963-07-16,-0.000652
1963-07-17,-0.003157
1963-07-18,-0.005655
1963-07-19,-0.002507
1963-07-22,-0.006362
1963-07-23,0.000153
1963-07-24,0.004639
1963-07-25,-0.000289
1963-07-26,0.003571
1963-07-29,0.001080
1963-07-30,0.008450
1963-07-31,-0.001154
1963-08-01,-0.000683
1963-08-02,0.003002
1963-08-05,0.005681
1963-08-06,0.006058
1963-08-07,-0.001725
1963-08-08,0.001408
1963-08-09,0.006048
1963-08-12,0.002592
1963-08-13,0.002697
1963-08-14,0.003185
1963-08-15,0.004352
1963-08-16,0.001668
1963-08-19,-0.000345
1963-08-20,-0.000477
1963-08-21,-0.001006
1963-08-22,0.003851
1963-08-23,0.003484
1963-08-26,0.001924
1963-08-27,-0.004135
1963-08-28,0.007744
1963-08-29,0.001917
1963-08-30,0.004417
1963-09-03,0.002395
1963-09-04,0.000186
1963-09-05,0.004861
1963-09-06,-0.002460
1963-09-09,-0.003437
1963-09-10,0.005285
1963-09-11,0.002622
1963-09-12,-0.000755
1963-09-13,0.000409
1963-09-16,-0.001299
1963-09-17,0.000413
1963-09-18,-0.004036
1963-09-19,0.005392
1963-09-20,0.000678
1963-09-23,-0.004842
1963-09-24,0.003582
1963-09-25,-0.005537
1963-09-26,-0.007889
1963-09-27,-0.001686
1963-09-30,-0.005778
1963-10-01,0.006386
1963-10-02,0.001094
1963-10-03,0.006753
1963-10-04,0.000182
1963-10-07,-0.002101
1963-10-08,-0.001212
1963-10-09,-0.005868
1963-10-10,0.001001
1963-10-11,0.001462
1963-10-14,0.000620
1963-10-15,0.001748
1963-10-16,0.008859
1963-10-17,0.001521
1963-10-18,0.001035
1963-10-21,0.000435
1963-10-22,-0.005201
1963-10-23,0.000387
1963-10-24,0.003625
1963-10-25,0.008347
1963-10-28,0.004106
1963-10-29,-0.000244
1963-10-30,-0.007601
1963-10-31,0.002219
1963-11-01,-0.001358
1963-11-04,-0.004170
1963-11-06,-0.007479
1963-11-07,0.003473
1963-11-08,0.005506
1963-11-11,0.002176
1963-11-12,-0.003493
1963-11-13,0.000668
1963-11-14,-0.003919
1963-11-15,-0.007257
1963-11-18,-0.007208
1963-11-19,0.001058
1963-11-20,0.007509
1963-11-21,-0.012239
1963-11-22,-0.028516
1963-11-26,0.038959
1963-11-27,-0.001365
1963-11-29,0.013575
1963-12-02,0.005372
1963-12-03,-0.000384
1963-12-04,0.002732
1963-12-05,0.005885
1963-12-06,-0.003077
1963-12-09,-0.000945
1963-12-10,0.000745
1963-12-11,-0.001091
1963-12-12,-0.000049
1963-12-13,0.001730
1963-12-16,0.002579
1963-12-17,0.004490
1963-12-18,-0.001566
1963-12-19,-0.003262
1963-12-20,-0.001732
1963-12-23,-0.005761
1963-12-24,0.002389
1963-12-26,0.004966
1963-12-27,0.001944
1963-12-30,0.000884
1963-12-31,0.005799
1964-01-02,0.006113
1964-01-03,0.001933
1964-01-06,0.002638
1964-01-07,0.000586
1964-01-08,0.003430
1964-01-09,0.003163
1964-01-10,-0.000093
1964-01-13,-0.000619
1964-01-14,0.001741
1964-01-15,0.002726
1964-01-16,-0.000795
1964-01-17,0.000208
1964-01-20,-0.002320
1964-01-21,0.002380
1964-01-22,0.005020
1964-01-23,0.001173
1964-01-24,0.000582
1964-01-27,-0.001199
1964-01-28,-0.000176
1964-01-29,-0.005639
1964-01-30,0.000419
1964-01-31,0.004008
1964-02-03,-0.000089
1964-02-04,-0.001159
1964-02-05,-0.000698
1964-02-06,0.002534
1964-02-07,0.003804
1964-02-10,-0.001264
1964-02-11,0.003429
1964-02-12,0.003103
1964-02-13,0.000884
1964-02-14,-0.000309
1964-02-17,0.000300
1964-02-18,0.000202
1964-02-19,0.001259
1964-02-20,0.001017
1964-02-24,0.001156
1964-02-25,0.000515
1964-02-26,0.002875
1964-02-27,-0.002763
1964-02-28,0.002232
1964-03-02,0.002478
1964-03-03,0.002527
1964-03-04,-0.001818
1964-03-05,0.000205
1964-03-06,0.003261
1964-03-09,0.000224
1964-03-10,0.002797
1964-03-11,0.004084
1964-03-12,0.001902
1964-03-13,0.001230
1964-03-16,0.000574
1964-03-17,0.001956
1964-03-18,0.001100
1964-03-19,-0.000688
1964-03-20,-0.004001
1964-03-23,0.000377
1964-03-24,-0.001570
1964-03-25,0.002649
1964-03-26,0.002725
1964-03-30,-0.000843
1964-03-31,-0.001542
1964-04-01,0.003644
1964-04-02,0.005914
1964-04-03,0.002357
1964-04-06,0.000923
1964-04-07,-0.003224
1964-04-08,0.000269
1964-04-09,0.000168
1964-04-10,0.001930
1964-04-13,-0.000611
1964-04-14,0.001926
1964-04-15,0.001209
1964-04-16,0.001064
1964-04-17,0.003924
1964-04-20,-0.000598
1964-04-21,0.000447
1964-04-22,-0.000335
1964-04-23,-0.001639
1964-04-24,-0.007555
1964-04-27,-0.005177
1964-04-28,0.006447
1964-04-29,-0.003892
1964-04-30,-0.002311
1964-05-01,0.007781
1964-05-04,0.004598
1964-05-05,0.004546
1964-05-06,0.002735
1964-05-07,0.001111
1964-05-08,-0.001577
1964-05-11,-0.000069
1964-05-12,0.003349
1964-05-13,-0.002171
1964-05-14,-0.000874
1964-05-15,0.001615
1964-05-18,-0.003164
1964-05-19,-0.004326
1964-05-20,0.004348
1964-05-21,0.000919
1964-05-22,0.000693
1964-05-25,-0.001023
1964-05-26,-0.001568
1964-05-27,-0.001241
1964-05-28,0.001649
1964-06-01,-0.003167
1964-06-02,-0.005064
1964-06-03,-0.002621
1964-06-04,-0.010029
1964-06-05,0.004137
1964-06-08,-0.004578
1964-06-09,0.005657
1964-06-10,0.003812
1964-06-11,0.003039
1964-06-12,-0.001975
1964-06-15,0.004564
1964-06-16,0.005191
1964-06-17,0.005243
1964-06-18,0.000179
1964-06-19,0.001242
1964-06-22,0.002615
1964-06-23,-0.003524
1964-06-24,0.003538
1964-06-25,0.001927
1964-06-26,0.002774
1964-06-29,0.001773
1964-06-30,0.000469
1964-07-01,0.006220
1964-07-02,0.004017
1964-07-06,0.004259
1964-07-07,0.001579
1964-07-08,0.000268
1964-07-09,0.001359
1964-07-10,0.002061
1964-07-13,-0.000495
1964-07-14,-0.002644
1964-07-15,0.003738
1964-07-16,0.003161
1964-07-17,0.004523
1964-07-20,-0.002829
1964-07-21,-0.001701
1964-07-22,0.000318
1964-07-23,-0.000112
1964-07-24,-0.000171
1964-07-27,-0.004681
1964-07-28,-0.002268
1964-07-29,0.001310
1964-07-30,0.001397
1964-07-31,0.000822
1964-08-03,-0.002252
1964-08-04,-0.011021
1964-08-05,0.001663
1964-08-06,-0.008376
1964-08-07,0.005670
1964-08-10,0.000351
1964-08-11,0.000001
1964-08-12,0.005148
1964-08-13,0.002931
1964-08-14,-0.000889
1964-08-17,0.000030
1964-08-18,0.000732
1964-08-19,-0.000789
1964-08-20,-0.004210
1964-08-21,0.001753
1964-08-24,-0.001880
1964-08-25,-0.004806
1964-08-26,-0.001526
1964-08-27,0.004949
1964-08-28,0.003189
1964-08-31,-0.001841
1964-09-01,0.004609
1964-09-02,0.002195
1964-09-03,0.002709
1964-09-04,0.002277
1964-09-08,0.001377
1964-09-09,0.001970
1964-09-10,0.001016
1964-09-11,0.003512
1964-09-14,-0.002178
1964-09-15,-0.002195
1964-09-16,0.002870
1964-09-17,0.005959
1964-09-18,-0.003310
1964-09-21,0.004257
1964-09-22,0.000642
1964-09-23,0.000208
1964-09-24,0.001126
1964-09-25,0.002267
1964-09-28,0.000742
1964-09-29,0.000079
1964-09-30,-0.000232
1964-10-01,-0.001282
1964-10-02,0.002445
1964-10-05,0.004168
1964-10-06,0.000375
1964-10-07,-0.000082
1964-10-08,0.002596
1964-10-09,0.002141
1964-10-12,0.000740
1964-10-13,-0.002178
1964-10-14,-0.001639
1964-10-15,-0.006948
1964-10-16,0.007044
1964-10-19,0.001490
1964-10-20,0.002671
1964-10-21,-0.000318
1964-10-22,-0.001554
1964-10-23,0.002113
1964-10-26,-0.001570
1964-10-27,-0.000316
1964-10-28,-0.003330
1964-10-29,0.000565
1964-10-30,0.001845
1964-11-02,0.004539
1964-11-04,0.000026
1964-11-05,0.000114
1964-11-06,0.002090
1964-11-09,-0.000175
1964-11-10,-0.003921
1964-11-11,0.002691
1964-11-12,0.002038
1964-11-13,0.001268
1964-11-16,0.004352
1964-11-17,0.004564
1964-11-18,0.002492
1964-11-19,-0.000022
1964-11-20,0.001076
1964-11-23,-0.002401
1964-11-24,-0.002523
1964-11-25,-0.001973
1964-11-27,-0.002790
1964-11-30,-0.008366
1964-12-01,-0.009714
1964-12-02,0.002758
1964-12-03,0.003956
1964-12-04,0.001871
1964-12-07,-0.000043
1964-12-08,-0.003432
1964-12-09,-0.006512
1964-12-10,-0.000295
1964-12-11,0.002299
1964-12-14,-0.002380
1964-12-15,-0.003169
1964-12-16,0.003979
1964-12-17,0.003681
1964-12-18,0.004869
1964-12-21,0.000877
1964-12-22,-0.000468
1964-12-23,-0.001902
1964-12-24,0.000283
1964-12-28,-0.000827
1964-12-29,-0.002869
1964-12-30,0.005766
1964-12-31,0.005175
1965-01-04,-0.004324
1965-01-05,0.005029
1965-01-06,0.003668
1965-01-07,0.004114
1965-01-08,0.001788
1965-01-11,0.000733
1965-01-12,0.002923
1965-01-13,0.002876
1965-01-14,0.000238
1965-01-15,0.004310
1965-01-18,0.003014
1965-01-19,0.001833
1965-01-20,-0.000075
1965-01-21,-0.000832
1965-01-22,0.002608
1965-01-25,0.001734
1965-01-26,0.001258
1965-01-27,0.003133
1965-01-28,0.002701
1965-01-29,0.001257
1965-02-01,0.000341
1965-02-02,0.000717
1965-02-03,0.001519
1965-02-04,-0.000011
1965-02-05,-0.002274
1965-02-08,-0.003221
1965-02-09,0.003290
1965-02-10,-0.008236
1965-02-11,-0.009749
1965-02-12,0.006719
1965-02-15,-0.000372
1965-02-16,-0.003331
1965-02-17,0.001688
1965-02-18,0.003082
1965-02-19,0.002050
1965-02-23,0.004915
1965-02-24,0.006474
1965-02-25,0.000953
1965-02-26,0.002564
1965-03-01,-0.001367
1965-03-02,0.001904
1965-03-03,-0.000313
1965-03-04,-0.002818
1965-03-05,-0.001796
1965-03-08,0.000601
1965-03-09,-0.001362
1965-03-10,-0.000823
1965-03-11,0.003869
1965-03-12,0.003118
1965-03-15,0.000743
1965-03-16,-0.000861
1965-03-17,-0.001221
1965-03-18,-0.002421
1965-03-19,-0.000018
1965-03-22,-0.000056
1965-03-23,0.000593
1965-03-24,0.001948
1965-03-25,-0.002648
1965-03-26,-0.006729
1965-03-29,-0.002314
1965-03-30,0.002011
1965-03-31,0.000180
1965-04-01,0.001685
1965-04-02,0.002612
1965-04-05,0.000208
1965-04-06,-0.000381
1965-04-07,0.000765
1965-04-08,0.005325
1965-04-09,0.005663
1965-04-12,0.004530
1965-04-13,0.001455
1965-04-14,0.001914
1965-04-15,-0.000427
1965-04-19,0.003810
1965-04-20,-0.000228
1965-04-21,-0.002048
1965-04-22,0.004524
1965-04-23,0.001451
1965-04-26,0.000105
1965-04-27,0.001699
1965-04-28,-0.000342
1965-04-29,-0.000523
1965-04-30,0.001388
1965-05-03,0.000822
1965-05-04,0.002794
1965-05-05,0.002607
1965-05-06,0.002539
1965-05-07,-0.000450
1965-05-10,-0.000891
1965-05-11,-0.000690
1965-05-12,0.003803
1965-05-13,0.003381
1965-05-14,-0.001391
1965-05-17,-0.005227
1965-05-18,-0.000497
1965-05-19,0.002182
1965-05-20,-0.005082
1965-05-21,-0.004406
1965-05-24,-0.007340
1965-05-25,0.005545
1965-05-26,-0.002516
1965-05-27,-0.005613
1965-05-28,0.006090
1965-06-01,-0.006714
1965-06-02,-0.007744
1965-06-03,-0.002210
1965-06-04,0.002164
1965-06-07,-0.003478
1965-06-08,-0.010585
1965-06-09,-0.010066
1965-06-10,-0.004151
1965-06-11,0.004384
1965-06-14,-0.013353
1965-06-15,0.004791
1965-06-16,0.009025
1965-06-17,0.005963
1965-06-18,-0.004161
1965-06-21,-0.003711
1965-06-22,0.001923
1965-06-23,-0.006155
1965-06-24,-0.013337
1965-06-25,-0.006293
1965-06-28,-0.018758
1965-06-29,0.007898
1965-06-30,0.022139
1965-07-01,0.004641
1965-07-02,0.008178
1965-07-06,-0.001655
1965-07-07,-0.003344
1965-07-08,0.007981
1965-07-09,0.004061
1965-07-12,0.000031
1965-07-13,-0.001361
1965-07-14,0.003069
1965-07-15,-0.000791
1965-07-16,-0.000276
1965-07-19,-0.000879
1965-07-20,-0.012085
1965-07-21,-0.005424
1965-07-22,-0.002138
1965-07-23,0.002414
1965-07-26,-0.000088
1965-07-27,-0.001739
1965-07-28,0.002053
1965-07-29,0.007338
1965-07-30,0.006919
1965-08-02,0.002145
1965-08-03,0.001362
1965-08-04,0.004331
1965-08-05,0.000357
1965-08-06,0.003579
1965-08-09,-0.001146
1965-08-10,0.000548
1965-08-11,0.003386
1965-08-12,0.003078
1965-08-13,0.004588
1965-08-16,0.001298
1965-08-17,0.001801
1965-08-18,0.000352
1965-08-19,-0.002185
1965-08-20,-0.000719
1965-08-23,-0.001173
1965-08-24,0.001875
1965-08-25,0.001559
1965-08-26,0.003812
1965-08-27,0.001414
1965-08-30,0.000643
1965-08-31,-0.000374
1965-09-01,0.000584
1965-09-02,0.005716
1965-09-03,0.004734
1965-09-07,0.003417
1965-09-08,0.002899
1965-09-09,0.002620
1965-09-10,0.002427
1965-09-13,0.002522
1965-09-14,-0.004110
1965-09-15,0.004806
1965-09-16,0.005333
1965-09-17,0.000255
1965-09-20,0.000624
1965-09-21,-0.002597
1965-09-22,0.004797
1965-09-23,-0.003661
1965-09-24,0.002538
1965-09-27,0.005917
1965-09-28,-0.002257
1965-09-29,-0.004528
1965-09-30,-0.000465
1965-10-01,-0.000541
1965-10-04,0.002466
1965-10-05,0.005588
1965-10-06,-0.000646
1965-10-07,-0.000277
1965-10-08,0.004949
1965-10-11,0.005791
1965-10-12,-0.000269
1965-10-13,0.000235
1965-10-14,-0.001282
1965-10-15,0.002449
1965-10-18,0.002950
1965-10-19,0.001321
1965-10-20,0.000073
1965-10-21,0.001602
1965-10-22,-0.000405
1965-10-25,-0.003843
1965-10-26,0.005095
1965-10-27,0.003704
1965-10-28,-0.002808
1965-10-29,0.002760
1965-11-01,-0.000871
1965-11-03,0.001458
1965-11-04,0.002163
1965-11-05,0.001351
1965-11-08,-0.003312
1965-11-09,-0.002401
1965-11-10,-0.000751
1965-11-11,0.002823
1965-11-12,0.004873
1965-11-15,0.001355
1965-11-16,-0.001018
1965-11-17,0.001507
1965-11-18,-0.003264
1965-11-19,0.000373
1965-11-22,-0.005110
1965-11-23,0.001637
1965-11-24,0.002130
1965-11-26,0.002730
1965-11-29,-0.001234
1965-11-30,-0.001267
1965-12-01,-0.000005
1965-12-02,-0.002134
1965-12-03,0.000787
1965-12-06,-0.007577
1965-12-07,0.009558
1965-12-08,-0.000695
1965-12-09,0.003037
1965-12-10,0.002857
1965-12-13,0.001276
1965-12-14,0.000850
1965-12-15,0.001874
1965-12-16,0.001675
1965-12-17,0.000581
1965-12-20,-0.005268
1965-12-21,0.003577
1965-12-22,0.001596
1965-12-23,-0.001454
1965-12-27,-0.006304
1965-12-28,-0.000316
1965-12-29,0.003020
1965-12-30,0.003753
1965-12-31,0.002863
1966-01-03,-0.001823
1966-01-04,0.001291
1966-01-05,0.005880
1966-01-06,0.001962
1966-01-07,0.001328
1966-01-10,0.002453
1966-01-11,0.000923
1966-01-12,-0.001330
1966-01-13,0.002334
1966-01-14,0.001679
1966-01-17,0.003373
1966-01-18,0.002002
1966-01-19,-0.002712
1966-01-20,-0.002487
1966-01-21,0.001074
1966-01-24,0.002876
1966-01-25,0.001752
1966-01-26,-0.000740
1966-01-27,-0.000316
1966-01-28,-0.003109
1966-01-31,-0.004274
1966-02-01,-0.007775
1966-02-02,0.004113
1966-02-03,0.001619
1966-02-04,0.006022
1966-02-07,0.003783
1966-02-08,-0.000170
1966-02-09,0.005824
1966-02-10,-0.001556
1966-02-11,0.000300
1966-02-14,-0.000655
1966-02-15,-0.003978
1966-02-16,0.000388
1966-02-17,-0.004959
1966-02-18,-0.001992
1966-02-21,-0.005248
1966-02-23,-0.004156
1966-02-24,-0.005146
1966-02-25,0.003357
1966-02-28,0.001744
1966-03-01,-0.012650
1966-03-02,-0.010072
1966-03-03,0.004083
1966-03-04,-0.002681
1966-03-07,-0.012619
1966-03-08,0.000446
1966-03-09,0.008909
1966-03-10,-0.000050
1966-03-11,-0.000588
1966-03-14,-0.010933
1966-03-15,-0.007298
1966-03-16,0.005599
1966-03-17,0.003159
1966-03-18,0.004960
1966-03-21,0.008414
1966-03-22,0.003035
1966-03-23,-0.003107
1966-03-24,0.001962
1966-03-25,0.003500
1966-03-28,0.002188
1966-03-29,-0.004044
1966-03-30,-0.008441
1966-03-31,0.005604
1966-04-01,0.007760
1966-04-04,0.009154
1966-04-05,0.005867
1966-04-06,0.002565
1966-04-07,0.003154
1966-04-11,0.001176
1966-04-12,-0.002851
1966-04-13,0.001132
1966-04-14,0.003453
1966-04-15,0.000929
1966-04-18,-0.004016
1966-04-19,0.000405
1966-04-20,0.005291
1966-04-21,0.003477
1966-04-22,-0.001856
1966-04-25,-0.001452
1966-04-26,-0.000765
1966-04-27,-0.002806
1966-04-28,-0.006456
1966-04-29,0.000443
1966-05-02,-0.000980
1966-05-03,-0.010808
1966-05-04,-0.005425
1966-05-05,-0.017364
1966-05-06,-0.002577
1966-05-09,-0.015869
1966-05-10,0.008840
1966-05-11,0.001912
1966-05-12,-0.012467
1966-05-13,-0.009288
1966-05-16,-0.014670
1966-05-17,-0.009114
1966-05-18,0.018800
1966-05-19,-0.000987
1966-05-20,0.005100
1966-05-23,0.008834
1966-05-24,0.007393
1966-05-25,0.004276
1966-05-26,0.000817
1966-05-27,0.003436
1966-05-31,-0.013026
1966-06-01,0.000066
1966-06-02,-0.000391
1966-06-03,0.001372
1966-06-06,-0.007108
1966-06-07,-0.006690
1966-06-08,0.001741
1966-06-09,0.007233
1966-06-10,0.010937
1966-06-13,0.004872
1966-06-14,0.003513
1966-06-15,-0.003581
1966-06-16,-0.001978
1966-06-17,0.000324
1966-06-20,-0.000369
1966-06-21,0.003664
1966-06-22,0.002019
1966-06-23,-0.003788
1966-06-24,0.000231
1966-06-27,-0.006060
1966-06-28,-0.004609
1966-06-29,-0.009760
1966-06-30,-0.001761
1966-07-01,0.009788
1966-07-05,0.001638
1966-07-06,0.013781
1966-07-07,0.003639
1966-07-08,0.001725
1966-07-11,-0.001325
1966-07-12,-0.004790
1966-07-13,-0.006046
1966-07-14,0.005521
1966-07-15,0.003141
1966-07-18,-0.001052
1966-07-19,-0.007111
1966-07-20,-0.008705
1966-07-21,-0.000393
1966-07-22,-0.000852
1966-07-25,-0.018943
1966-07-26,-0.002253
1966-07-27,0.004898
1966-07-28,-0.003422
1966-07-29,-0.001833
1966-08-01,-0.014923
1966-08-02,0.000445
1966-08-03,0.009831
1966-08-04,0.008970
1966-08-05,0.001512
1966-08-08,-0.001525
1966-08-09,-0.001638
1966-08-10,-0.004128
1966-08-11,-0.000407
1966-08-12,0.002449
1966-08-15,-0.004705
1966-08-16,-0.012378
1966-08-17,-0.005625
1966-08-18,-0.012571
1966-08-19,-0.007442
1966-08-22,-0.017863
1966-08-23,-0.001172
1966-08-24,0.011572
1966-08-25,-0.012368
1966-08-26,-0.021981
1966-08-29,-0.025405
1966-08-30,0.016083
1966-08-31,0.016074
1966-09-01,0.006608
1966-09-02,-0.003142
1966-09-06,-0.005036
1966-09-07,-0.008907
1966-09-08,-0.003360
1966-09-09,0.003360
1966-09-12,0.021018
1966-09-13,0.005990
1966-09-14,0.009143
1966-09-15,0.010189
1966-09-16,-0.000116
1966-09-19,-0.004391
1966-09-20,-0.006557
1966-09-21,-0.016704
1966-09-22,0.002315
1966-09-23,-0.002870
1966-09-26,0.002557
1966-09-27,0.002903
1966-09-28,-0.011488
1966-09-29,-0.010739
1966-09-30,0.002932
1966-10-03,-0.021441
1966-10-04,0.000833
1966-10-05,-0.005566
1966-10-06,-0.010000
1966-10-07,-0.012238
1966-10-10,0.016751
1966-10-11,0.004989
1966-10-12,0.026427
1966-10-13,0.000090
1966-10-14,-0.002569
1966-10-17,0.010909
1966-10-18,0.016248
1966-10-19,-0.007118
1966-10-20,-0.002919
1966-10-21,0.003382
1966-10-24,0.002391
1966-10-25,0.005253
1966-10-26,0.008754
1966-10-27,0.008159
1966-10-28,0.000585
1966-10-31,-0.000266
1966-11-01,0.008265
1966-11-02,0.001397
1966-11-03,-0.003167
1966-11-04,0.003970
1966-11-07,-0.000197
1966-11-09,0.008422
1966-11-10,0.006491
1966-11-11,0.001294
1966-11-14,-0.005022
1966-11-15,0.004123
1966-11-16,0.008714
1966-11-17,-0.006305
1966-11-18,-0.005810
1966-11-21,-0.013432
1966-11-22,-0.004846
1966-11-23,0.007615
1966-11-25,0.008321
1966-11-28,-0.000296
1966-11-29,-0.002675
1966-11-30,0.000951
1966-12-01,-0.003652
1966-12-02,0.000416
1966-12-05,0.001198
1966-12-06,0.007159
1966-12-07,0.010244
1966-12-08,0.004117
1966-12-09,0.002354
1966-12-12,0.009791
1966-12-13,-0.002668
1966-12-14,0.000079
1966-12-15,-0.010191
1966-12-16,0.000404
1966-12-19,-0.002567
1966-12-20,-0.003624
1966-12-21,0.005479
1966-12-22,0.003997
1966-12-23,-0.002211
1966-12-27,-0.005160
1966-12-28,-0.004620
1966-12-29,-0.003530
1966-12-30,-0.000556
1967-01-03,0.000953
1967-01-04,0.001735
1967-01-05,0.013056
1967-01-06,0.007444
1967-01-09,0.008708
1967-01-10,0.000210
1967-01-11,0.008471
1967-01-12,0.005980
1967-01-13,0.006896
1967-01-16,-0.001745
1967-01-17,0.011321
1967-01-18,0.005266
1967-01-19,0.000762
1967-01-20,0.003961
1967-01-23,0.003518
1967-01-24,0.002213
1967-01-25,-0.006591
1967-01-26,0.000528
1967-01-27,0.004829
1967-01-30,0.005636
1967-01-31,-0.000678
1967-02-01,-0.001304
1967-02-02,0.003521
1967-02-03,0.007219
1967-02-06,-0.001309
1967-02-07,-0.001643
1967-02-08,0.008904
1967-02-09,-0.003716
1967-02-10,0.002763
1967-02-13,0.001515
1967-02-14,0.007408
1967-02-15,0.000698
1967-02-16,-0.004049
1967-02-17,0.000321
1967-02-20,-0.004769
1967-02-21,0.000161
1967-02-23,0.001476
1967-02-24,0.000930
1967-02-27,-0.010845
1967-02-28,0.003874
1967-03-01,0.009989
1967-03-02,0.005366
1967-03-03,0.001747
1967-03-06,-0.001128
1967-03-07,0.001658
1967-03-08,0.001805
1967-03-09,0.002922
1967-03-10,0.003786
1967-03-13,-0.004797
1967-03-14,-0.000871
1967-03-15,0.008821
1967-03-16,0.009062
1967-03-17,0.001622
1967-03-20,-0.000094
1967-03-21,-0.002647
1967-03-22,0.002820
1967-03-23,0.006916
1967-03-27,-0.000327
1967-03-28,0.001198
1967-03-29,-0.001048
1967-03-30,0.000630
1967-03-31,-0.004709
1967-04-03,-0.010896
1967-04-04,0.000219
1967-04-05,0.006502
1967-04-06,0.002122
1967-04-07,-0.006065
1967-04-10,-0.012133
1967-04-11,0.007099
1967-04-12,-0.000920
1967-04-13,0.006651
1967-04-14,0.010023
1967-04-17,0.006435
1967-04-18,0.008585
1967-04-19,0.001372
1967-04-20,0.002174
1967-04-21,0.002731
1967-04-24,0.002792
1967-04-25,0.005595
1967-04-26,-0.001028
1967-04-27,0.008192
1967-04-28,0.001672
1967-05-01,-0.000553
1967-05-02,0.000035
1967-05-03,0.002784
1967-05-04,0.003437
1967-05-05,0.001344
1967-05-08,0.002289
1967-05-09,-0.010093
1967-05-10,-0.001164
1967-05-11,0.004901
1967-05-12,-0.001839
1967-05-15,-0.007075
1967-05-16,0.005055
1967-05-17,-0.002472
1967-05-18,-0.001778
1967-05-19,-0.003806
1967-05-22,-0.002996
1967-05-23,-0.004028
1967-05-24,-0.011697
1967-05-25,0.009719
1967-05-26,-0.000990
1967-05-29,-0.004639
1967-05-31,-0.016292
1967-06-01,0.011922
1967-06-02,-0.003651
1967-06-05,-0.016203
1967-06-06,0.020335
1967-06-07,0.008412
1967-06-08,0.005713
1967-06-09,0.002749
1967-06-12,0.006573
1967-06-13,0.006015
1967-06-14,-0.001644
1967-06-15,0.001901
1967-06-16,0.000580
1967-06-19,0.000546
1967-06-20,-0.000171
1967-06-21,-0.002328
1967-06-22,-0.001989
1967-06-23,0.000718
1967-06-26,-0.003752
1967-06-27,-0.003218
1967-06-28,0.000804
1967-06-29,-0.004746
1967-06-30,-0.001313
1967-07-03,0.003469
1967-07-05,0.005626
1967-07-06,-0.000348
1967-07-07,0.004876
1967-07-10,0.004709
1967-07-11,0.004479
1967-07-12,-0.000069
1967-07-13,0.000853
1967-07-14,0.003725
1967-07-17,0.000833
1967-07-18,0.006990
1967-07-19,0.001091
1967-07-20,0.001372
1967-07-21,0.000554
1967-07-24,-0.003519
1967-07-25,0.000323
1967-07-26,0.004445
1967-07-27,0.003654
1967-07-28,0.002021
1967-07-31,0.003043
1967-08-01,0.006364
1967-08-02,0.003636
1967-08-03,-0.001615
1967-08-04,0.002673
1967-08-07,-0.001638
1967-08-08,0.001059
1967-08-09,0.001266
1967-08-10,-0.002613
1967-08-11,-0.004672
1967-08-14,-0.004743
1967-08-15,0.001132
1967-08-16,-0.002219
1967-08-17,0.001350
1967-08-18,0.001648
1967-08-21,-0.004763
1967-08-22,-0.005271
1967-08-23,-0.000960
1967-08-24,-0.005053
1967-08-25,-0.004006
1967-08-28,0.000380
1967-08-29,0.002540
1967-08-30,0.002838
1967-08-31,0.006387
1967-09-01,0.001670
1967-09-05,0.005303
1967-09-06,0.001722
1967-09-07,-0.000315
1967-09-08,0.000293
1967-09-11,0.001753
1967-09-12,0.004954
1967-09-13,0.009779
1967-09-14,0.001659
1967-09-15,0.000838
1967-09-18,0.002642
1967-09-19,-0.004331
1967-09-20,0.000637
1967-09-21,0.005776
1967-09-22,0.003094
1967-09-25,0.005055
1967-09-26,-0.008342
1967-09-27,0.000773
1967-09-28,0.000901
1967-09-29,0.000010
1967-10-02,-0.003654
1967-10-03,0.003295
1967-10-04,-0.000969
1967-10-05,0.002286
1967-10-06,0.005939
1967-10-09,0.002184
1967-10-10,-0.007106
1967-10-11,-0.004422
1967-10-12,-0.005968
1967-10-13,0.002329
1967-10-16,-0.008023
1967-10-17,-0.001756
1967-10-18,0.002415
1967-10-19,0.001017
1967-10-20,-0.001070
1967-10-23,-0.004677
1967-10-24,-0.005355
1967-10-25,0.001527
1967-10-26,0.004391
1967-10-27,0.000350
1967-10-30,-0.001613
1967-10-31,-0.008785
1967-11-01,-0.011815
1967-11-02,-0.004603
1967-11-03,-0.004562
1967-11-06,-0.002756
1967-11-08,-0.003293
1967-11-09,0.004230
1967-11-10,0.006020
1967-11-13,-0.002797
1967-11-14,-0.007153
1967-11-15,0.004187
1967-11-16,0.009608
1967-11-17,0.003613
1967-11-20,-0.013491
1967-11-21,0.017027
1967-11-22,0.006584
1967-11-24,0.002618
1967-11-27,0.003551
1967-11-28,0.005027
1967-11-29,0.000802
1967-11-30,-0.004361
1967-12-01,0.005410
1967-12-04,0.006582
1967-12-05,0.001175
1967-12-06,0.003729
1967-12-07,-0.000577
1967-12-08,-0.000646
1967-12-11,-0.001496
1967-12-12,0.000031
1967-12-13,0.004332
1967-12-14,0.001875
1967-12-15,-0.005344
1967-12-18,-0.002497
1967-12-19,-0.000845
1967-12-20,0.005606
1967-12-21,0.002562
1967-12-22,-0.001118
1967-12-26,0.001602
1967-12-27,0.006870
1967-12-28,-0.000230
1967-12-29,0.006389
1968-01-02,-0.002359
1968-01-03,-0.005273
1968-01-04,-0.002824
1968-01-05,0.006380
1968-01-08,0.007121
1968-01-09,-0.001177
1968-01-10,0.001549
1968-01-11,0.002740
1968-01-12,0.002159
1968-01-15,-0.001286
1968-01-16,-0.005291
1968-01-17,-0.000820
1968-01-18,0.000276
1968-01-19,-0.003211
1968-01-22,-0.013401
1968-01-23,-0.004882
1968-01-24,-0.004131
1968-01-25,0.000629
1968-01-26,0.002269
1968-01-29,-0.001547
1968-01-30,-0.005460
1968-01-31,-0.008073
1968-02-01,0.002757
1968-02-02,-0.003104
1968-02-05,-0.004354
1968-02-06,0.000828
1968-02-07,0.001476
1968-02-08,-0.013914
1968-02-09,-0.011766
1968-02-13,-0.010077
1968-02-14,0.012401
1968-02-15,0.002632
1968-02-16,-0.003645
1968-02-19,0.003469
1968-02-20,0.006294
1968-02-21,0.004483
1968-02-23,-0.004366
1968-02-26,-0.007448
1968-02-27,0.004073
1968-02-28,-0.005044
1968-02-29,-0.008567
1968-03-01,-0.004136
1968-03-04,-0.015027
1968-03-05,-0.004120
1968-03-06,0.017832
1968-03-07,-0.001386
1968-03-08,-0.000787
1968-03-11,0.013420
1968-03-12,0.001999
1968-03-13,-0.001550
1968-03-14,-0.020272
1968-03-15,0.007679
1968-03-18,0.006554
1968-03-19,-0.006265
1968-03-20,-0.000780
1968-03-21,-0.007908
1968-03-22,0.000151
1968-03-25,-0.001122
1968-03-26,0.006736
1968-03-27,0.008512
1968-03-28,-0.000610
1968-03-29,0.006994
1968-04-01,0.023754
1968-04-02,0.002264
1968-04-03,0.008890
1968-04-04,0.004772
1968-04-05,-0.005104
1968-04-08,0.017354
1968-04-10,0.007632
1968-04-11,0.009412
1968-04-15,0.002321
1968-04-16,0.001706
1968-04-17,0.003236
1968-04-18,0.003419
1968-04-19,-0.012008
1968-04-22,-0.004735
1968-04-23,0.012812
1968-04-24,0.002918
1968-04-25,0.003661
1968-04-26,0.003654
1968-04-29,0.003094
1968-04-30,0.001721
1968-05-01,0.003429
1968-05-02,0.006381
1968-05-03,0.001209
1968-05-06,-0.001614
1968-05-07,0.006030
1968-05-08,0.000689
1968-05-09,-0.004938
1968-05-10,0.003419
1968-05-13,-0.001461
1968-05-14,-0.000311
1968-05-15,-0.000309
1968-05-16,-0.004326
1968-05-17,-0.005630
1968-05-20,-0.004433
1968-05-21,0.005959
1968-05-22,0.003349
1968-05-23,-0.000976
1968-05-24,0.003224
1968-05-27,-0.000271
1968-05-28,0.006264
1968-05-29,0.003296
1968-05-31,0.007783
1968-06-03,0.012509
1968-06-04,0.005496
1968-06-05,-0.004303
1968-06-06,0.009123
1968-06-07,0.007046
1968-06-10,0.001388
1968-06-11,0.002532
1968-06-13,-0.003966
1968-06-14,-0.001305
1968-06-17,-0.010880
1968-06-18,-0.001011
1968-06-20,0.005280
1968-06-21,0.001841
1968-06-24,-0.003445
1968-06-25,-0.004052
1968-06-27,-0.001370
1968-06-28,-0.003138
1968-07-01,-0.002009
1968-07-02,0.004284
1968-07-03,0.012585
1968-07-08,0.010921
1968-07-09,0.002967
1968-07-11,0.001311
1968-07-12,-0.000375
1968-07-15,-0.001332
1968-07-16,-0.005013
1968-07-18,-0.002922
1968-07-19,-0.008977
1968-07-22,-0.013782
1968-07-23,-0.002267
1968-07-25,-0.012571
1968-07-26,0.002692
1968-07-29,-0.008440
1968-07-30,0.001423
1968-08-01,-0.005011
1968-08-02,-0.005157
1968-08-05,0.004084
1968-08-06,0.004866
1968-08-08,-0.002057
1968-08-09,0.000421
1968-08-12,0.009895
1968-08-13,0.004459
1968-08-15,-0.003372
1968-08-16,0.005998
1968-08-19,0.003612
1968-08-20,0.000224
1968-08-22,-0.002825
1968-08-23,0.000671
1968-08-26,0.002424
1968-08-27,-0.001551
1968-08-29,-0.000982
1968-08-30,0.002374
1968-09-03,0.003944
1968-09-04,0.006245
1968-09-05,0.007159
1968-09-06,0.004467
1968-09-09,0.001467
1968-09-10,-0.004641
1968-09-12,-0.001881
1968-09-13,0.003939
1968-09-16,0.004098
1968-09-17,0.002690
1968-09-19,0.002093
1968-09-20,0.001425
1968-09-23,0.005681
1968-09-24,0.003887
1968-09-26,-0.001531
1968-09-27,0.000915
1968-09-30,0.004192
1968-10-01,0.001954
1968-10-03,0.003881
1968-10-04,0.003092
1968-10-07,-0.000003
1968-10-08,-0.000191
1968-10-10,-0.004148
1968-10-11,0.000301
1968-10-14,0.001828
1968-10-15,0.002143
1968-10-17,0.005068
1968-10-18,0.007026
1968-10-21,0.001628
1968-10-22,-0.003111
1968-10-24,-0.005804
1968-10-25,0.003160
1968-10-28,-0.003147
1968-10-29,-0.005400
1968-10-31,0.000815
1968-11-01,-0.003411
1968-11-04,0.000414
1968-11-06,0.001840
1968-11-07,0.002897
1968-11-08,0.005535
1968-11-12,0.007622
1968-11-13,0.005827
1968-11-14,0.001307
1968-11-15,0.005847
1968-11-18,0.001804
1968-11-19,0.003037
1968-11-21,-0.000307
1968-11-22,0.004771
1968-11-25,0.002949
1968-11-26,0.006874
1968-11-27,0.004357
1968-11-29,0.005942
1968-12-02,-0.001407
1968-12-03,-0.000686
1968-12-05,-0.002470
1968-12-06,0.002888
1968-12-09,-0.001392
1968-12-10,-0.001568
1968-12-12,-0.000306
1968-12-13,0.003018
1968-12-16,-0.003693
1968-12-17,-0.004346
1968-12-19,0.002375
1968-12-20,-0.004490
1968-12-23,-0.010253
1968-12-24,-0.000918
1968-12-26,0.001382
1968-12-27,-0.003591
1968-12-30,-0.009981
1968-12-31,0.001111
1969-01-02,0.001054
1969-01-03,0.000122
1969-01-06,-0.014784
1969-01-07,-0.013493
1969-01-08,-0.005044
1969-01-09,0.004169
1969-01-10,-0.002629
1969-01-13,-0.006918
1969-01-14,0.007439
1969-01-15,0.006343
1969-01-16,0.005806
1969-01-17,-0.000685
1969-01-20,-0.001523
1969-01-21,-0.000957
1969-01-22,0.004045
1969-01-23,0.005481
1969-01-24,-0.000234
1969-01-27,0.000244
1969-01-28,0.000271
1969-01-29,0.001005
1969-01-30,-0.000016
1969-01-31,0.003800
1969-02-03,-0.000563
1969-02-04,0.000377
1969-02-05,0.001466
1969-02-06,0.003314
1969-02-07,0.001073
1969-02-11,0.000915
1969-02-12,-0.000329
1969-02-13,0.000706
1969-02-14,-0.000707
1969-02-17,-0.012435
1969-02-18,-0.011795
1969-02-19,-0.007788
1969-02-20,-0.009176
1969-02-24,-0.012579
1969-02-25,-0.007291
1969-02-26,0.004223
1969-02-27,-0.004366
1969-02-28,-0.000069
1969-03-03,0.001717
1969-03-04,0.010004
1969-03-05,0.003601
1969-03-06,-0.011575
1969-03-07,-0.001681
1969-03-10,0.003712
1969-03-11,0.004220
1969-03-12,-0.002623
1969-03-13,-0.006992
1969-03-14,-0.004827
1969-03-17,0.002221
1969-03-18,0.003144
1969-03-19,0.007123
1969-03-20,0.006581
1969-03-21,-0.001740
1969-03-24,-0.001368
1969-03-25,0.001506
1969-03-26,0.006519
1969-03-27,0.007121
1969-03-28,0.004108
1969-04-01,-0.001097
1969-04-02,-0.006768
1969-04-03,-0.000530
1969-04-07,-0.008552
1969-04-08,0.002431
1969-04-09,0.008183
1969-04-10,0.004647
1969-04-11,0.001178
1969-04-14,-0.001027
1969-04-15,-0.000700
1969-04-16,-0.008500
1969-04-17,0.001435
1969-04-18,0.004121
1969-04-21,-0.007398
1969-04-22,0.001858
1969-04-23,0.001276
1969-04-24,0.004366
1969-04-25,0.004670
1969-04-28,0.003699
1969-04-29,0.008457
1969-04-30,0.008935
1969-05-01,-0.000557
1969-05-02,0.004740
1969-05-05,0.004819
1969-05-06,0.004599
1969-05-07,-0.001617
1969-05-08,0.003739
1969-05-09,0.000982
1969-05-12,-0.001551
1969-05-13,0.004410
1969-05-14,0.007210
1969-05-15,-0.002767
1969-05-16,0.000456
1969-05-19,-0.008291
1969-05-20,-0.008132
1969-05-21,0.004428
1969-05-22,0.002050
1969-05-23,0.000050
1969-05-26,-0.001596
1969-05-27,-0.007757
1969-05-28,-0.002409
1969-05-29,0.002571
1969-06-02,-0.004721
1969-06-03,-0.003043
1969-06-04,-0.000365
1969-06-05,0.000843
1969-06-06,-0.006642
1969-06-09,-0.009556
1969-06-10,-0.007658
1969-06-11,-0.009927
1969-06-12,-0.013992
1969-06-13,0.003343
1969-06-16,-0.003867
1969-06-17,-0.005053
1969-06-18,-0.001961
1969-06-19,-0.008486
1969-06-20,-0.007028
1969-06-23,-0.006658
1969-06-24,0.011089
1969-06-25,-0.004069
1969-06-26,0.001958
1969-06-27,0.000923
1969-06-30,0.004847
1969-07-01,0.004875
1969-07-02,0.009085
1969-07-03,0.007779
1969-07-07,-0.006503
1969-07-08,-0.013697
1969-07-09,-0.007830
1969-07-10,-0.015861
1969-07-11,0.003073
1969-07-14,-0.013474
1969-07-15,-0.004222
1969-07-16,0.010889
1969-07-17,0.005329
1969-07-18,-0.007512
1969-07-22,-0.015375
1969-07-23,-0.005129
1969-07-24,-0.003973
1969-07-25,-0.010021
1969-07-28,-0.022513
1969-07-29,-0.008916
1969-07-30,0.005460
1969-07-31,0.022414
1969-08-01,0.019937
1969-08-04,-0.005092
1969-08-05,0.004302
1969-08-06,0.006863
1969-08-07,0.001223
1969-08-08,0.000074
1969-08-11,-0.005705
1969-08-12,-0.008044
1969-08-13,0.000487
1969-08-14,0.007898
1969-08-15,0.008121
1969-08-18,0.007598
1969-08-19,0.005615
1969-08-20,-0.000056
1969-08-21,0.002618
1969-08-22,0.006663
1969-08-25,-0.008998
1969-08-26,-0.007066
1969-08-27,0.002864
1969-08-28,0.004220
1969-08-29,0.007542
1969-09-02,-0.000740
1969-09-03,-0.006656
1969-09-04,-0.008322
1969-09-05,-0.006092
1969-09-08,-0.010367
1969-09-09,0.007667
1969-09-10,0.016643
1969-09-11,-0.006564
1969-09-12,0.000797
1969-09-15,0.006495
1969-09-16,0.001628
1969-09-17,-0.002702
1969-09-18,0.003360
1969-09-19,0.003881
1969-09-22,0.004287
1969-09-23,-0.000056
1969-09-24,-0.001608
1969-09-25,-0.007090
1969-09-26,-0.006588
1969-09-29,-0.006822
1969-09-30,-0.002984
1969-10-01,-0.006157
1969-10-02,0.008647
1969-10-03,-0.000589
1969-10-06,0.001714
1969-10-07,-0.002108
1969-10-08,-0.005068
1969-10-09,0.003498
1969-10-10,0.006617
1969-10-13,0.012835
1969-10-14,0.012841
1969-10-15,0.000790
1969-10-16,0.007169
1969-10-17,-0.000520
1969-10-20,0.003228
1969-10-21,0.008227
1969-10-22,0.006508
1969-10-23,-0.003182
1969-10-24,0.006998
1969-10-27,-0.000781
1969-10-28,-0.002677
1969-10-29,-0.008747
1969-10-30,0.001936
1969-10-31,0.003446
1969-11-03,-0.000447
1969-11-04,0.000877
1969-11-05,0.004763
1969-11-06,0.001694
1969-11-07,0.006571
1969-11-10,0.001121
1969-11-11,-0.003074
1969-11-12,-0.001167
1969-11-13,-0.005863
1969-11-14,-0.003860
1969-11-17,-0.007572
1969-11-18,-0.000689
1969-11-19,-0.005179
1969-11-20,-0.011027
1969-11-21,-0.006674
1969-11-24,-0.010416
1969-11-25,-0.002093
1969-11-26,0.003807
1969-11-28,0.006737
1969-12-01,-0.007177
1969-12-02,-0.006430
1969-12-03,-0.011929
1969-12-04,0.004090
1969-12-05,-0.003296
1969-12-08,-0.012398
1969-12-09,-0.001611
1969-12-10,-0.000511
1969-12-11,0.001058
1969-12-12,0.003227
1969-12-15,-0.002409
1969-12-16,-0.009796
1969-12-17,-0.005192
1969-12-18,0.016007
1969-12-19,0.008259
1969-12-22,-0.009566
1969-12-23,-0.005040
1969-12-24,0.012032
1969-12-26,0.008328
1969-12-29,-0.006958
1969-12-30,0.004125
1969-12-31,0.006069
1970-01-02,0.012137
1970-01-05,0.006375
1970-01-06,-0.007233
1970-01-07,-0.001272
1970-01-08,0.000564
1970-01-09,-0.002797
1970-01-12,-0.007766
1970-01-13,0.000737
1970-01-14,-0.002005
1970-01-15,0.000586
1970-01-16,-0.007462
1970-01-19,-0.013079
1970-01-20,0.001938
1970-01-21,0.001017
1970-01-22,0.001430
1970-01-23,-0.010282
1970-01-26,-0.011105
1970-01-27,-0.006204
1970-01-28,-0.009347
1970-01-29,-0.012877
1970-01-30,-0.008310
1970-02-02,0.008193
1970-02-03,0.012877
1970-02-04,-0.007084
1970-02-05,-0.003650
1970-02-06,0.006175
1970-02-09,0.008327
1970-02-10,-0.009082
1970-02-11,0.009372
1970-02-12,-0.001901
1970-02-13,-0.001460
1970-02-16,-0.000427
1970-02-17,-0.001850
1970-02-18,0.012109
1970-02-19,0.003125
1970-02-20,0.003433
1970-02-24,0.000125
1970-02-25,0.015230
1970-02-26,-0.004799
1970-02-27,0.007382
1970-03-02,0.001419
1970-03-03,0.005898
1970-03-04,-0.002036
1970-03-05,0.000019
1970-03-06,-0.006687
1970-03-09,-0.010391
1970-03-10,0.001629
1970-03-11,-0.000948
1970-03-12,-0.004613
1970-03-13,-0.006061
1970-03-16,-0.011047
1970-03-17,0.003957
1970-03-18,0.002744
1970-03-19,-0.002558
1970-03-20,-0.004938
1970-03-23,-0.001172
1970-03-24,0.010165
1970-03-25,0.021530
1970-03-26,0.001617
1970-03-30,-0.002582
1970-03-31,-0.000239
1970-04-01,0.004733
1970-04-02,-0.003671
1970-04-03,-0.004513
1970-04-06,-0.007911
1970-04-07,-0.003404
1970-04-08,-0.001822
1970-04-09,-0.000869
1970-04-10,-0.004459
1970-04-13,-0.008718
1970-04-14,-0.008662
1970-04-15,-0.002815
1970-04-16,-0.010950
1970-04-17,-0.003290
1970-04-20,0.002344
1970-04-21,-0.005541
1970-04-22,-0.014712
1970-04-23,-0.016257
1970-04-24,-0.004807
1970-04-27,-0.018022
1970-04-28,-0.014461
1970-04-29,0.020805
1970-04-30,-0.003427
1970-05-01,-0.001107
1970-05-04,-0.025519
1970-05-05,-0.010950
1970-05-06,0.012167
1970-05-07,0.006315
1970-05-08,-0.005080
1970-05-11,-0.010749
1970-05-12,-0.008986
1970-05-13,-0.017406
1970-05-14,-0.015238
1970-05-15,0.018802
1970-05-18,0.001300
1970-05-19,-0.019802
1970-05-20,-0.026236
1970-05-21,-0.020073
1970-05-22,-0.000755
1970-05-25,-0.032155
1970-05-26,-0.013322
1970-05-27,0.052971
1970-05-28,0.026665
1970-05-29,0.027087
1970-06-01,0.019024
1970-06-02,0.001177
1970-06-03,0.011289
1970-06-04,-0.014946
1970-06-05,-0.016787
1970-06-08,0.001479
1970-06-09,0.000311
1970-06-10,-0.009940
1970-06-11,-0.014009
1970-06-12,-0.003877
1970-06-15,0.002989
1970-06-16,0.022879
1970-06-17,-0.002092
1970-06-18,0.006074
1970-06-19,0.006925
1970-06-22,-0.006442
1970-06-23,-0.024444
1970-06-24,-0.011363
1970-06-25,-0.000475
1970-06-26,-0.007703
1970-06-29,-0.008364
1970-06-30,-0.002820
1970-07-01,0.003226
1970-07-02,-0.002009
1970-07-06,-0.015521
1970-07-07,-0.008552
1970-07-08,0.023686
1970-07-09,0.016037
1970-07-10,0.006852
1970-07-13,-0.000385
1970-07-14,-0.001250
1970-07-15,0.010221
1970-07-16,0.013513
1970-07-17,0.016899
1970-07-20,0.001632
1970-07-21,-0.009735
1970-07-22,0.001529
1970-07-23,0.012200
1970-07-24,-0.001970
1970-07-27,-0.001621
1970-07-28,0.002954
1970-07-29,0.004010
1970-07-30,0.000734
1970-07-31,-0.000256
1970-08-03,-0.011819
1970-08-04,0.002112
1970-08-05,-0.000491
1970-08-06,-0.001694
1970-08-07,0.003037
1970-08-10,-0.013927
1970-08-11,-0.005434
1970-08-12,-0.004501
1970-08-13,-0.008659
1970-08-14,0.004214
1970-08-17,0.001740
1970-08-18,0.010721
1970-08-19,0.009411
1970-08-20,0.007566
1970-08-21,0.020879
1970-08-24,0.023670
1970-08-25,0.003943
1970-08-26,0.003281
1970-08-27,-0.000936
1970-08-28,0.010095
1970-08-31,-0.003267
1970-09-01,-0.006034
1970-09-02,0.000110
1970-09-03,0.014842
1970-09-04,0.010800
1970-09-08,0.003839
1970-09-09,-0.002586
1970-09-10,-0.005566
1970-09-11,0.003723
1970-09-14,-0.004785
1970-09-15,-0.009554
1970-09-16,0.005965
1970-09-17,0.008380
1970-09-18,0.004582
1970-09-21,-0.008004
1970-09-22,-0.003281
1970-09-23,0.013467
1970-09-24,0.014618
1970-09-25,0.001850
1970-09-28,-0.000453
1970-09-29,0.006009
1970-09-30,-0.000781
1970-10-01,0.001389
1970-10-02,0.010870
1970-10-05,0.014690
1970-10-06,0.002339
1970-10-07,-0.000106
1970-10-08,-0.011245
1970-10-09,-0.009313
1970-10-12,-0.009741
1970-10-13,-0.002146
1970-10-14,0.001531
1970-10-15,0.004294
1970-10-16,-0.005698
1970-10-19,-0.013716
1970-10-20,0.005594
1970-10-21,-0.000531
1970-10-22,-0.004130
1970-10-23,0.004982
1970-10-26,-0.005040
1970-10-27,-0.002732
1970-10-28,0.003058
1970-10-29,-0.001735
1970-10-30,-0.000603
1970-11-02,0.003598
1970-11-03,0.008719
1970-11-04,0.002214
1970-11-05,-0.001649
1970-11-06,0.001097
1970-11-09,0.005170
1970-11-10,0.001617
1970-11-11,0.003074
1970-11-12,-0.011069
1970-11-13,-0.009395
1970-11-16,-0.001384
1970-11-17,0.000824
1970-11-18,-0.007519
1970-11-19,0.001180
1970-11-20,0.009683
1970-11-23,0.006372
1970-11-24,0.006127
1970-11-25,0.004692
1970-11-27,0.010012
1970-11-30,0.016698
1970-12-01,0.003059
1970-12-02,0.012166
1970-12-03,0.004659
1970-12-04,0.005921
1970-12-07,0.005818
1970-12-08,-0.004887
1970-12-09,0.000366
1970-12-10,0.003534
1970-12-11,0.003886
1970-12-14,-0.005731
1970-12-15,-0.001457
1970-12-16,0.001227
1970-12-17,0.003224
1970-12-18,0.002381
1970-12-21,-0.002625
1970-12-22,0.001325
1970-12-23,0.001690
1970-12-24,0.006854
1970-12-28,0.005500
1970-12-29,0.011284
1970-12-30,0.001899
1970-12-31,-0.000804
1971-01-04,-0.009419
1971-01-05,0.008244
1971-01-06,0.007569
1971-01-07,0.000709
1971-01-08,-0.001082
1971-01-11,-0.000889
1971-01-12,0.009861
1971-01-13,-0.000679
1971-01-14,0.003109
1971-01-15,0.003152
1971-01-18,0.003572
1971-01-19,0.003151
1971-01-20,0.000952
1971-01-21,0.004824
1971-01-22,0.006725
1971-01-25,0.004765
1971-01-26,0.002928
1971-01-27,-0.007022
1971-01-28,0.003853
1971-01-29,0.006744
1971-02-01,0.006799
1971-02-02,0.000694
1971-02-03,0.003095
1971-02-04,0.001727
1971-02-05,0.004561
1971-02-08,0.006016
1971-02-09,-0.000209
1971-02-10,-0.000792
1971-02-11,0.005158
1971-02-12,0.005964
1971-02-16,0.002556
1971-02-17,-0.004444
1971-02-18,-0.006688
1971-02-19,-0.009063
1971-02-22,-0.010391
1971-02-23,0.005327
1971-02-24,0.007343
1971-02-25,0.001649
1971-02-26,-0.002286
1971-03-01,0.003142
1971-03-02,0.000543
1971-03-03,0.000277
1971-03-04,0.010583
1971-03-05,0.010727
1971-03-08,0.004856
1971-03-09,0.001664
1971-03-10,-0.001047
1971-03-11,-0.000092
1971-03-12,0.001690
1971-03-15,0.011371
1971-03-16,0.004799
1971-03-17,0.000264
1971-03-18,0.001216
1971-03-19,-0.001629
1971-03-22,-0.003795
1971-03-23,-0.003109
1971-03-24,-0.005728
1971-03-25,0.000277
1971-03-26,0.003929
1971-03-29,0.000962
1971-03-30,0.002185
1971-03-31,0.001241
1971-04-01,0.000741
1971-04-02,0.002131
1971-04-05,0.001898
1971-04-06,0.005980
1971-04-07,0.004345
1971-04-08,0.001526
1971-04-12,0.006853
1971-04-13,0.000549
1971-04-14,0.003648
1971-04-15,0.001503
1971-04-16,0.000113
1971-04-19,0.004077
1971-04-20,-0.004705
1971-04-21,-0.002433
1971-04-22,0.002576
1971-04-23,0.004991
1971-04-26,0.000125
1971-04-27,0.004420
1971-04-28,0.003288
1971-04-29,-0.002336
1971-04-30,-0.006378
1971-05-03,-0.005664
1971-05-04,0.005786
1971-05-05,-0.000205
1971-05-06,-0.005595
1971-05-07,-0.003123
1971-05-10,-0.004755
1971-05-11,0.003133
1971-05-12,0.002707
1971-05-13,-0.001707
1971-05-14,-0.004182
1971-05-17,-0.015167
1971-05-18,0.000831
1971-05-19,0.002422
1971-05-20,0.002608
1971-05-21,-0.003283
1971-05-24,-0.008015
1971-05-25,-0.006222
1971-05-26,0.001593
1971-05-27,-0.000991
1971-05-28,0.002846
1971-06-01,0.006203
1971-06-02,0.008374
1971-06-03,0.002026
1971-06-04,0.002680
1971-06-07,-0.001298
1971-06-08,-0.007663
1971-06-09,-0.000440
1971-06-10,0.002965
1971-06-11,0.003488
1971-06-14,-0.007830
1971-06-15,0.000235
1971-06-16,0.001684
1971-06-17,-0.000197
1971-06-18,-0.014834
1971-06-21,-0.011770
1971-06-22,-0.002654
1971-06-23,0.008747
1971-06-24,-0.001639
1971-06-25,-0.001923
1971-06-28,-0.002347
1971-06-29,0.011233
1971-06-30,0.009344
1971-07-01,0.001055
1971-07-02,0.000654
1971-07-06,0.000870
1971-07-07,0.003733
1971-07-08,0.003509
1971-07-09,0.003400
1971-07-12,0.001173
1971-07-13,-0.012598
1971-07-14,-0.001580
1971-07-15,0.000563
1971-07-16,-0.001667
1971-07-19,-0.002099
1971-07-20,0.003868
1971-07-21,-0.000478
1971-07-22,-0.002214
1971-07-23,-0.001432
1971-07-26,-0.003101
1971-07-27,-0.009561
1971-07-28,-0.008094
1971-07-29,-0.012548
1971-07-30,-0.004472
1971-08-02,0.005307
1971-08-03,-0.016479
1971-08-04,-0.005796
1971-08-05,0.002913
1971-08-06,0.002738
1971-08-09,-0.007287
1971-08-10,0.000164
1971-08-11,0.012304
1971-08-12,0.014357
1971-08-13,-0.002764
1971-08-16,0.036012
1971-08-17,0.006490
1971-08-18,-0.012930
1971-08-19,-0.004442
1971-08-20,0.001845
1971-08-23,0.008987
1971-08-24,0.009503
1971-08-25,0.001096
1971-08-26,-0.001061
1971-08-27,0.002568
1971-08-30,-0.008725
1971-08-31,-0.004558
1971-09-01,0.000579
1971-09-02,0.002678
1971-09-03,0.013919
1971-09-07,0.005143
1971-09-08,0.002112
1971-09-09,-0.004644
1971-09-10,-0.003325
1971-09-13,-0.003241
1971-09-14,-0.007380
1971-09-15,0.003795
1971-09-16,-0.001561
1971-09-17,0.003084
1971-09-20,-0.003017
1971-09-21,-0.002989
1971-09-22,-0.008734
1971-09-23,-0.000919
1971-09-24,-0.001671
1971-09-27,-0.005621
1971-09-28,0.001900
1971-09-29,0.000282
1971-09-30,0.004852
1971-10-01,0.006341
1971-10-04,0.002867
1971-10-05,-0.000973
1971-10-06,0.007406
1971-10-07,0.002216
1971-10-08,-0.005967
1971-10-11,-0.002056
1971-10-12,0.003256
1971-10-13,-0.004932
1971-10-14,-0.008992
1971-10-15,-0.003800
1971-10-18,-0.004992
1971-10-19,-0.004064
1971-10-20,-0.013566
1971-10-21,0.000090
1971-10-22,-0.000399
1971-10-25,-0.004192
1971-10-26,-0.005019
1971-10-27,-0.010601
1971-10-28,0.001351
1971-10-29,0.004897
1971-11-01,-0.014762
1971-11-02,0.002890
1971-11-03,0.017136
1971-11-04,0.000420
1971-11-05,-0.002720
1971-11-08,-0.000827
1971-11-09,0.000923
1971-11-10,-0.011057
1971-11-11,-0.013561
1971-11-12,-0.000356
1971-11-15,-0.003305
1971-11-16,0.009296
1971-11-17,0.000964
1971-11-18,-0.007455
1971-11-19,-0.005948
1971-11-22,-0.009819
1971-11-23,-0.007939
1971-11-24,0.001971
1971-11-26,0.018340
1971-11-29,0.018154
1971-11-30,0.007362
1971-12-01,0.017491
1971-12-02,0.002983
1971-12-03,0.011949
1971-12-06,-0.004331
1971-12-07,0.004606
1971-12-08,0.001619
1971-12-09,0.000268
1971-12-10,0.008216
1971-12-13,0.003959
1971-12-14,-0.003807
1971-12-15,0.008256
1971-12-16,0.011187
1971-12-17,0.005260
1971-12-20,0.012602
1971-12-21,0.002443
1971-12-22,-0.005525
1971-12-23,-0.004247
1971-12-27,0.001687
1971-12-28,0.009274
1971-12-29,0.003196
1971-12-30,-0.003339
1971-12-31,0.004205
1972-01-03,-0.003310
1972-01-04,0.004103
1972-01-05,0.009874
1972-01-06,0.004760
1972-01-07,0.000322
1972-01-10,-0.000182
1972-01-11,0.003931
1972-01-12,-0.000476
1972-01-13,-0.005819
1972-01-14,0.004211
1972-01-17,0.003224
1972-01-18,0.004117
1972-01-19,-0.001374
1972-01-20,-0.000770
1972-01-21,-0.001763
1972-01-24,-0.010601
1972-01-25,0.001493
1972-01-26,-0.001439
1972-01-27,0.010961
1972-01-28,0.007529
1972-01-31,-0.000461
1972-02-01,0.001664
1972-02-02,0.005942
1972-02-03,-0.000261
1972-02-04,0.003635
1972-02-07,-0.003196
1972-02-08,0.001535
1972-02-09,0.007150
1972-02-10,0.000310
1972-02-11,-0.003936
1972-02-14,-0.004062
1972-02-15,0.004653
1972-02-16,0.005098
1972-02-17,-0.000404
1972-02-18,-0.002262
1972-02-22,0.000243
1972-02-23,0.001283
1972-02-24,0.001951
1972-02-25,0.006506
1972-02-28,0.001001
1972-02-29,0.004211
1972-03-01,0.008067
1972-03-02,0.000584
1972-03-03,0.005905
1972-03-06,0.007639
1972-03-07,0.001057
1972-03-08,0.001975
1972-03-09,0.000317
1972-03-10,-0.005295
1972-03-13,-0.009241
1972-03-14,0.002894
1972-03-15,0.000854
1972-03-16,-0.002567
1972-03-17,0.002796
1972-03-20,-0.003589
1972-03-21,-0.009267
1972-03-22,0.001573
1972-03-23,0.009609
1972-03-24,-0.001943
1972-03-27,-0.001994
1972-03-28,-0.000781
1972-03-29,-0.005782
1972-03-30,0.006156
1972-04-03,0.002357
1972-04-04,0.006011
1972-04-05,0.008296
1972-04-06,0.004141
1972-04-07,0.002651
1972-04-10,-0.001386
1972-04-11,0.003732
1972-04-12,0.003475
1972-04-13,-0.002593
1972-04-14,0.000398
1972-04-17,-0.002381
1972-04-18,0.001690
1972-04-19,-0.006037
1972-04-20,-0.001375
1972-04-21,-0.001357
1972-04-24,-0.006207
1972-04-25,-0.009786
1972-04-26,-0.002225
1972-04-27,0.001014
1972-04-28,0.005139
1972-05-01,-0.008860
1972-05-02,-0.005788
1972-05-03,-0.002229
1972-05-04,0.002410
1972-05-05,0.003868
1972-05-08,-0.004869
1972-05-09,-0.014296
1972-05-10,0.007084
1972-05-11,0.004282
1972-05-12,0.007026
1972-05-15,0.005128
1972-05-16,-0.002029
1972-05-17,0.002265
1972-05-18,0.009185
1972-05-19,0.009395
1972-05-22,0.005632
1972-05-23,0.000442
1972-05-24,0.004266
1972-05-25,0.002348
1972-05-26,0.001906
1972-05-30,-0.002869
1972-05-31,-0.007312
1972-06-01,0.002414
1972-06-02,0.001544
1972-06-05,-0.007595
1972-06-06,-0.005552
1972-06-07,-0.004759
1972-06-08,-0.002719
1972-06-09,-0.004373
1972-06-12,0.000836
1972-06-13,0.004438
1972-06-14,0.007729
1972-06-15,-0.000279
1972-06-16,-0.000770
1972-06-19,-0.001648
1972-06-20,0.003478
1972-06-21,0.001409
1972-06-22,-0.001501
1972-06-23,-0.004219
1972-06-26,-0.006869
1972-06-27,-0.000984
1972-06-28,-0.003249
1972-06-29,-0.001949
1972-06-30,0.003847
1972-07-03,0.003709
1972-07-05,0.005624
1972-07-06,0.007617
1972-07-07,-0.002550
1972-07-10,-0.005417
1972-07-11,-0.007151
1972-07-12,-0.005068
1972-07-13,-0.006074
1972-07-14,0.004631
1972-07-17,-0.008999
1972-07-18,-0.000675
1972-07-19,0.002546
1972-07-20,-0.003146
1972-07-21,0.007263
1972-07-24,0.010956
1972-07-25,-0.002807
1972-07-26,-0.001038
1972-07-27,-0.003159
1972-07-28,0.000509
1972-07-31,-0.000629
1972-08-01,0.009272
1972-08-02,0.008580
1972-08-03,0.007731
1972-08-04,0.003673
1972-08-07,0.001322
1972-08-08,0.000768
1972-08-09,0.001228
1972-08-10,0.002329
1972-08-11,0.008311
1972-08-14,0.004477
1972-08-15,-0.004073
1972-08-16,-0.002660
1972-08-17,-0.002046
1972-08-18,0.004053
1972-08-21,-0.000793
1972-08-22,0.005025
1972-08-23,-0.001440
1972-08-24,-0.010525
1972-08-25,-0.002451
1972-08-28,-0.004354
1972-08-29,0.001419
1972-08-30,0.001331
1972-08-31,0.004538
1972-09-01,0.004077
1972-09-05,-0.002543
1972-09-06,-0.005772
1972-09-07,-0.003048
1972-09-08,-0.001351
1972-09-11,-0.006767
1972-09-12,-0.009235
1972-09-13,0.003453
1972-09-14,0.000406
1972-09-15,-0.000846
1972-09-18,-0.001920
1972-09-19,-0.000256
1972-09-20,-0.000282
1972-09-21,-0.001841
1972-09-22,0.000740
1972-09-25,-0.004343
1972-09-26,0.001109
1972-09-27,0.013672
1972-09-28,0.006101
1972-09-29,0.001181
1972-10-02,-0.002855
1972-10-03,0.000912
1972-10-04,-0.002177
1972-10-05,-0.010586
1972-10-06,0.006293
1972-10-09,0.002429
1972-10-10,0.001379
1972-10-11,-0.004390
1972-10-12,-0.008058
1972-10-13,-0.006463
1972-10-16,-0.010180
1972-10-17,0.005984
1972-10-18,0.005804
1972-10-19,-0.001631
1972-10-20,0.010417
1972-10-23,0.009568
1972-10-24,0.003237
1972-10-25,-0.000186
1972-10-26,0.003505
1972-10-27,-0.002812
1972-10-30,-0.000086
1972-10-31,0.008802
1972-11-01,0.010266
1972-11-02,0.004952
1972-11-03,0.008505
1972-11-06,-0.001307
1972-11-08,-0.004578
1972-11-09,0.000966
1972-11-10,0.003226
1972-11-13,0.001049
1972-11-14,0.008267
1972-11-15,-0.003172
1972-11-16,0.005206
1972-11-17,0.003333
1972-11-20,0.000255
1972-11-21,0.004734
1972-11-22,0.006091
1972-11-24,0.002973
1972-11-27,-0.003472
1972-11-28,-0.001524
1972-11-29,0.000476
1972-11-30,0.002667
1972-12-01,0.006627
1972-12-04,0.003324
1972-12-05,-0.001809
1972-12-06,0.003491
1972-12-07,0.004420
1972-12-08,0.002123
1972-12-11,0.002145
1972-12-12,-0.003730
1972-12-13,-0.001581
1972-12-14,-0.003070
1972-12-15,0.000886
1972-12-18,-0.010268
1972-12-19,-0.003935
1972-12-20,-0.003279
1972-12-21,-0.006193
1972-12-22,0.005557
1972-12-26,0.002235
1972-12-27,0.004173
1972-12-29,0.010783
1973-01-02,0.008856
1973-01-03,0.003573
1973-01-04,-0.001947
1973-01-05,0.003295
1973-01-08,-0.000091
1973-01-09,-0.000831
1973-01-10,-0.002083
1973-01-11,0.005829
1973-01-12,-0.008033
1973-01-15,-0.008070
1973-01-16,-0.003329
1973-01-17,0.003654
1973-01-18,0.001370
1973-01-19,-0.001706
1973-01-22,-0.004995
1973-01-23,-0.001368
1973-01-24,-0.013524
1973-01-26,-0.003162
1973-01-29,-0.004889
1973-01-30,-0.001491
1973-01-31,0.001482
1973-02-01,-0.011110
1973-02-02,-0.003932
1973-02-05,-0.001646
1973-02-06,0.002181
1973-02-07,-0.007130
1973-02-08,-0.004372
1973-02-09,0.013438
1973-02-12,0.010785
1973-02-13,0.005310
1973-02-14,-0.013756
1973-02-15,-0.006437
1973-02-16,0.003653
1973-02-20,0.002253
1973-02-21,-0.007210
1973-02-22,-0.002602
1973-02-23,-0.010203
1973-02-26,-0.008446
1973-02-27,-0.011624
1973-02-28,0.006259
1973-03-01,-0.006962
1973-03-02,0.008664
1973-03-05,0.003797
1973-03-06,0.012810
1973-03-07,0.003973
1973-03-08,-0.001626
1973-03-09,-0.003335
1973-03-12,-0.000157
1973-03-13,0.004540
1973-03-14,0.002938
1973-03-15,-0.006894
1973-03-16,-0.004867
1973-03-19,-0.012064
1973-03-20,-0.003184
1973-03-21,-0.012491
1973-03-22,-0.016548
1973-03-23,0.000176
1973-03-26,0.007694
1973-03-27,0.014474
1973-03-28,0.000654
1973-03-29,0.009791
1973-03-30,-0.008697
1973-04-02,-0.011560
1973-04-03,-0.009601
1973-04-04,-0.005926
1973-04-05,-0.004318
1973-04-06,0.007123
1973-04-09,0.012538
1973-04-10,0.011086
1973-04-11,0.003972
1973-04-12,-0.000679
1973-04-13,-0.003843
1973-04-16,-0.005374
1973-04-17,-0.005481
1973-04-18,0.003578
1973-04-19,0.005372
1973-04-23,-0.005583
1973-04-24,-0.014551
1973-04-25,-0.015444
1973-04-26,0.003445
1973-04-27,-0.014855
1973-04-30,-0.002320
1973-05-01,0.000338
1973-05-02,0.012217
1973-05-03,0.014608
1973-05-04,0.007949
1973-05-07,-0.003925
1973-05-08,0.005890
1973-05-09,-0.004813
1973-05-10,-0.006499
1973-05-11,-0.011471
1973-05-14,-0.021448
1973-05-15,0.004093
1973-05-16,-0.001215
1973-05-17,-0.008539
1973-05-18,-0.018990
1973-05-21,-0.014489
1973-05-22,0.007460
1973-05-23,0.004451
1973-05-24,0.027986
1973-05-25,0.010054
1973-05-29,-0.002776
1973-05-30,-0.015261
1973-05-31,-0.008990
1973-06-01,-0.008863
1973-06-04,-0.010929
1973-06-05,0.013826
1973-06-06,-0.002507
1973-06-07,0.013221
1973-06-08,0.010990
1973-06-11,-0.002850
1973-06-12,0.014710
1973-06-13,-0.004474
1973-06-14,-0.009997
1973-06-15,-0.012353
1973-06-18,-0.014289
1973-06-19,0.002789
1973-06-20,0.004228
1973-06-21,-0.011009
1973-06-22,0.004220
1973-06-25,-0.013623
1973-06-26,0.008961
1973-06-27,0.003405
1973-06-28,0.009901
1973-06-29,-0.003149
1973-07-02,-0.011464
1973-07-03,-0.008732
1973-07-05,-0.001252
1973-07-06,-0.003698
1973-07-09,0.008207
1973-07-10,0.014235
1973-07-11,0.022112
1973-07-12,-0.000286
1973-07-13,-0.010342
1973-07-16,0.015015
1973-07-17,0.003180
1973-07-18,0.008281
1973-07-19,0.003797
1973-07-20,0.006697
1973-07-23,0.003312
1973-07-24,0.005825
1973-07-25,0.013412
1973-07-26,0.001431
1973-07-27,-0.002439
1973-07-30,-0.002853
1973-07-31,-0.008209
1973-08-01,-0.012667
1973-08-02,-0.000597
1973-08-03,-0.000574
1973-08-06,0.003134
1973-08-07,-0.001376
1973-08-08,-0.009270
1973-08-09,0.000244
1973-08-10,-0.007600
1973-08-13,-0.010435
1973-08-14,-0.009080
1973-08-15,0.002809
1973-08-16,-0.004783
1973-08-17,0.000546
1973-08-20,-0.007047
1973-08-21,-0.007315
1973-08-22,-0.004580
1973-08-23,0.013090
1973-08-24,-0.000945
1973-08-27,0.006939
1973-08-28,0.004973
1973-08-29,0.009204
1973-08-30,0.000498
1973-08-31,0.005278
1973-09-04,0.004313
1973-09-05,0.002058
1973-09-06,0.005247
1973-09-07,-0.001164
1973-09-10,-0.008210
1973-09-11,-0.005594
1973-09-12,-0.002195
1973-09-13,0.003238
1973-09-14,0.008646
1973-09-17,-0.000003
1973-09-18,-0.001739
1973-09-19,0.019304
1973-09-20,0.009292
1973-09-21,0.005206
1973-09-24,0.003393
1973-09-25,0.005621
1973-09-26,0.007407
1973-09-27,0.002541
1973-09-28,-0.004294
1973-10-01,-0.001185
1973-10-02,0.006113
1973-10-03,0.001138
1973-10-04,-0.003887
1973-10-05,0.011891
1973-10-08,0.004846
1973-10-09,-0.000676
1973-10-10,-0.011052
1973-10-11,0.016618
1973-10-12,0.004193
1973-10-15,-0.011185
1973-10-16,-0.000226
1973-10-17,-0.002468
1973-10-18,0.000175
1973-10-19,0.002234
1973-10-22,-0.010163
1973-10-23,0.003827
1973-10-24,0.003158
1973-10-25,0.001627
1973-10-26,0.007563
1973-10-29,-0.001959
1973-10-30,-0.014470
1973-10-31,-0.008385
1973-11-01,-0.005189
1973-11-02,-0.005697
1973-11-05,-0.015534
1973-11-06,-0.006926
1973-11-07,0.006517
1973-11-08,0.011075
1973-11-09,-0.014216
1973-11-12,-0.009082
1973-11-13,-0.002870
1973-11-14,-0.018368
1973-11-15,-0.000998
1973-11-16,0.011490
1973-11-19,-0.029836
1973-11-20,-0.022204
1973-11-21,0.010884
1973-11-23,-0.000830
1973-11-26,-0.029642
1973-11-27,-0.009169
1973-11-28,0.019861
1973-11-29,-0.003009
1973-11-30,-0.013208
1973-12-03,-0.020273
1973-12-04,-0.003909
1973-12-05,-0.017022
1973-12-06,0.022313
1973-12-07,0.022308
1973-12-10,0.015268
1973-12-11,-0.017258
1973-12-12,-0.025568
1973-12-13,-0.014614
1973-12-14,0.009668
1973-12-17,-0.006618
1973-12-18,0.018524
1973-12-19,0.000098
1973-12-20,-0.002686
1973-12-21,-0.009114
1973-12-24,-0.005818
1973-12-26,0.027060
1973-12-27,0.019734
1973-12-28,-0.000535
1973-12-31,0.002314
1974-01-02,0.003046
1974-01-03,0.023202
1974-01-04,-0.004664
1974-01-07,-0.004708
1974-01-08,-0.017044
1974-01-09,-0.027105
1974-01-10,-0.010763
1974-01-11,0.011934
1974-01-14,-0.000998
1974-01-15,0.007419
1974-01-16,0.014335
1974-01-17,0.016716
1974-01-18,-0.015007
1974-01-21,-0.002911
1974-01-22,0.009728
1974-01-23,0.005458
1974-01-24,-0.002033
1974-01-25,-0.000743
1974-01-28,-0.004665
1974-01-29,-0.001304
1974-01-30,0.010283
1974-01-31,-0.004044
1974-02-01,-0.011815
1974-02-04,-0.019106
1974-02-05,-0.003469
1974-02-06,0.003058
1974-02-07,0.001492
1974-02-08,-0.009050
1974-02-11,-0.016780
1974-02-12,0.000565
1974-02-13,-0.000072
1974-02-14,0.000466
1974-02-15,0.013283
1974-02-19,-0.000808
1974-02-20,0.012589
1974-02-21,0.012572
1974-02-22,0.008225
1974-02-25,-0.002049
1974-02-26,0.010023
1974-02-27,0.005296
1974-02-28,-0.001222
1974-03-01,-0.005819
1974-03-04,0.000323
1974-03-05,0.017454
1974-03-06,0.005843
1974-03-07,-0.009197
1974-03-08,0.007949
1974-03-11,0.010015
1974-03-12,0.002354
1974-03-13,0.005939
1974-03-14,0.000566
1974-03-15,-0.002916
1974-03-18,-0.012504
1974-03-19,-0.008244
1974-03-20,0.002875
1974-03-21,-0.001815
1974-03-22,-0.001327
1974-03-25,0.001954
1974-03-26,0.002237
1974-03-27,-0.013049
1974-03-28,-0.017912
1974-03-29,-0.007692
1974-04-01,-0.007396
1974-04-02,0.000469
1974-04-03,0.008364
1974-04-04,-0.000356
1974-04-05,-0.013579
1974-04-08,-0.010254
1974-04-09,0.005002
1974-04-10,-0.002038
1974-04-11,-0.002509
1974-04-15,-0.001370
1974-04-16,0.015836
1974-04-17,0.006990
1974-04-18,0.003927
1974-04-19,-0.009909
1974-04-22,-0.003770
1974-04-23,-0.017955
1974-04-24,-0.017294
1974-04-25,-0.009602
1974-04-26,0.006176
1974-04-29,-0.000223
1974-04-30,0.003317
1974-05-01,0.019512
1974-05-02,-0.000600
1974-05-03,-0.008006
1974-05-06,-0.001569
1974-05-07,0.001071
1974-05-08,-0.000043
1974-05-09,0.011203
1974-05-10,-0.015679
1974-05-13,-0.009810
1974-05-14,-0.000037
1974-05-15,-0.002324
1974-05-16,-0.006574
1974-05-17,-0.017504
1974-05-20,-0.004648
1974-05-21,0.000040
1974-05-22,-0.009446
1974-05-23,0.000350
1974-05-24,0.015121
1974-05-28,-0.001411
1974-05-29,-0.015601
1974-05-30,0.005309
1974-05-31,-0.001081
1974-06-03,0.018491
1974-06-04,0.012781
1974-06-05,0.002713
1974-06-06,0.017163
1974-06-07,0.007358
1974-06-10,0.006003
1974-06-11,-0.008254
1974-06-12,-0.004046
1974-06-13,0.002216
1974-06-14,-0.010101
1974-06-17,-0.013143
1974-06-18,-0.006435
1974-06-19,-0.007201
1974-06-20,-0.008238
1974-06-21,-0.009337
1974-06-24,0.000891
1974-06-25,0.012740
1974-06-26,-0.015207
1974-06-27,-0.015343
1974-06-28,-0.005334
1974-07-01,-0.001374
1974-07-02,-0.020680
1974-07-03,-0.001597
1974-07-05,-0.004734
1974-07-08,-0.031203
1974-07-09,0.002107
1974-07-10,-0.016413
1974-07-11,-0.001078
1974-07-12,0.039929
1974-07-15,0.008075
1974-07-16,-0.009927
1974-07-17,0.011180
1974-07-18,0.002519
1974-07-19,-0.000649
1974-07-22,0.003400
1974-07-23,0.010820
1974-07-24,0.003993
1974-07-25,-0.011400
1974-07-26,-0.016720
1974-07-29,-0.017642
1974-07-30,-0.005424
1974-07-31,-0.014630
1974-08-01,-0.006564
1974-08-02,-0.002231
1974-08-05,0.008702
1974-08-06,0.015614
1974-08-07,0.024621
1974-08-08,-0.011444
1974-08-09,-0.006243
1974-08-12,-0.011195
1974-08-13,-0.015999
1974-08-14,-0.021599
1974-08-15,-0.005617
1974-08-16,-0.007925
1974-08-19,-0.014170
1974-08-20,0.004267
1974-08-21,-0.017376
1974-08-22,-0.011336
1974-08-23,-0.015874
1974-08-26,0.007135
1974-08-27,-0.015367
1974-08-28,-0.003022
1974-08-29,-0.012301
1974-08-30,0.028001
1974-09-03,-0.021353
1974-09-04,-0.026580
1974-09-05,0.029309
1974-09-06,0.007741
1974-09-09,-0.022575
1974-09-10,-0.007687
1974-09-11,-0.008674
1974-09-12,-0.025519
1974-09-13,-0.021260
1974-09-16,0.014425
1974-09-17,0.016938
1974-09-18,0.004085
1974-09-19,0.033774
1974-09-20,0.003634
1974-09-23,-0.007073
1974-09-24,-0.018039
1974-09-25,-0.003682
1974-09-26,-0.016316
1974-09-27,-0.020732
1974-09-30,-0.023239
1974-10-01,-0.002261
1974-10-02,0.001464
1974-10-03,-0.016401
1974-10-04,0.001114
1974-10-07,0.037611
1974-10-08,-0.001088
1974-10-09,0.042640
1974-10-10,0.029514
1974-10-11,0.019873
1974-10-14,0.022934
1974-10-15,-0.015934
1974-10-16,-0.013412
1974-10-17,0.010779
1974-10-18,0.013884
1974-10-21,0.016583
1974-10-22,-0.002534
1974-10-23,-0.024916
1974-10-24,-0.011928
1974-10-25,-0.000275
1974-10-28,-0.000749
1974-10-29,0.034049
1974-10-30,0.019618
1974-10-31,-0.002929
1974-11-01,0.000038
1974-11-04,-0.009153
1974-11-05,0.025064
1974-11-06,-0.001118
1974-11-07,0.007415
1974-11-08,-0.002019
1974-11-11,0.003418
1974-11-12,-0.019253
1974-11-13,-0.004897
1974-11-14,-0.002434
1974-11-15,-0.013109
1974-11-18,-0.034982
1974-11-19,-0.016558
1974-11-20,-0.004192
1974-11-21,0.005054
1974-11-22,0.010843
1974-11-25,-0.001263
1974-11-26,0.008938
1974-11-27,0.006958
1974-11-29,0.000910
1974-12-02,-0.024422
1974-12-03,-0.014551
1974-12-04,0.002237
1974-12-05,-0.018961
1974-12-06,-0.017154
1974-12-09,0.005497
1974-12-10,0.022672
1974-12-11,0.006389
1974-12-12,-0.002837
1974-12-13,-0.005051
1974-12-16,-0.008662
1974-12-17,0.013338
1974-12-18,0.004909
1974-12-19,-0.003132
1974-12-20,-0.010933
1974-12-23,-0.014125
1974-12-24,0.013099
1974-12-26,0.008784
1974-12-27,-0.003912
1974-12-30,-0.000535
1974-12-31,0.021875
1975-01-02,0.025240
1975-01-03,0.008059
1975-01-06,0.007840
1975-01-07,0.000437
1975-01-08,-0.010596
1975-01-09,0.016434
1975-01-10,0.021184
1975-01-13,-0.003292
1975-01-14,-0.007660
1975-01-15,0.006939
1975-01-16,0.001562
1975-01-17,-0.012088
1975-01-20,0.000560
1975-01-21,-0.003720
1975-01-22,0.011075
1975-01-23,0.005461
1975-01-24,0.012639
1975-01-27,0.033293
1975-01-28,0.004716
1975-01-29,0.014972
1975-01-30,-0.010980
1975-01-31,0.009959
1975-02-03,0.012399
1975-02-04,-0.003060
1975-02-05,0.016428
1975-02-06,-0.001054
1975-02-07,-0.000318
1975-02-10,-0.002860
1975-02-11,0.001760
1975-02-12,0.015512
1975-02-13,0.013534
1975-02-14,0.005419
1975-02-18,-0.006821
1975-02-19,0.005054
1975-02-20,0.009380
1975-02-21,0.004667
1975-02-24,-0.012446
1975-02-25,-0.022030
1975-02-26,0.008497
1975-02-27,0.005101
1975-02-28,0.008502
1975-03-03,0.016929
1975-03-04,0.006875
1975-03-05,-0.007478
1975-03-06,0.008709
1975-03-07,0.007421
1975-03-10,0.007545
1975-03-11,-0.004783
1975-03-12,-0.008825
1975-03-13,0.002737
1975-03-14,0.013471
1975-03-17,0.014040
1975-03-18,-0.008657
1975-03-19,-0.008402
1975-03-20,-0.006604
1975-03-21,-0.001811
1975-03-24,-0.022471
1975-03-25,0.006013
1975-03-26,0.017614
1975-03-27,0.003756
1975-03-31,-0.005258
1975-04-01,-0.007779
1975-04-02,-0.001893
1975-04-03,-0.010225
1975-04-04,-0.005813
1975-04-07,-0.006551
1975-04-08,0.006214
1975-04-09,0.020003
1975-04-10,0.010127
1975-04-11,0.005914
1975-04-14,0.015667
1975-04-15,0.006944
1975-04-16,0.004216
1975-04-17,0.007672
1975-04-18,-0.008819
1975-04-21,0.010909
1975-04-22,-0.002391
1975-04-23,-0.010226
1975-04-24,-0.000239
1975-04-25,0.007182
1975-04-28,-0.003480
1975-04-29,-0.007264
1975-04-30,0.016260
1975-05-01,0.008524
1975-05-02,0.012518
1975-05-05,0.009584
1975-05-06,-0.012183
1975-05-07,0.004790
1975-05-08,0.007323
1975-05-09,0.011380
1975-05-12,0.000438
1975-05-13,0.008047
1975-05-14,0.007529
1975-05-15,-0.007242
1975-05-16,-0.009142
1975-05-19,0.000910
1975-05-20,-0.003699
1975-05-21,-0.010796
1975-05-22,0.003989
1975-05-23,0.013186
1975-05-27,-0.000607
1975-05-28,-0.006392
1975-05-29,0.000108
1975-05-30,0.016440
1975-06-02,0.014271
1975-06-03,0.003458
1975-06-04,-0.001672
1975-06-05,0.001350
1975-06-06,-0.000956
1975-06-09,-0.012261
1975-06-10,-0.008267
1975-06-11,0.001587
1975-06-12,-0.004872
1975-06-13,0.005080
1975-06-16,0.009660
1975-06-17,-0.008070
1975-06-18,-0.001577
1975-06-19,0.017545
1975-06-20,0.006787
1975-06-23,0.010409
1975-06-24,0.006578
1975-06-25,0.004446
1975-06-26,0.002300
1975-06-27,0.000362
1975-06-30,0.004664
1975-07-01,-0.003705
1975-07-02,-0.007675
1975-07-03,0.003485
1975-07-07,-0.007913
1975-07-08,-0.001491
1975-07-09,0.015420
1975-07-10,0.000971
1975-07-11,-0.000027
1975-07-14,0.005647
1975-07-15,0.004929
1975-07-16,-0.009550
1975-07-17,-0.008658
1975-07-18,-0.003168
1975-07-21,-0.006958
1975-07-22,-0.011497
1975-07-23,-0.014382
1975-07-24,-0.003182
1975-07-25,-0.007748
1975-07-28,-0.007102
1975-07-29,-0.006089
1975-07-30,0.006846
1975-07-31,0.000169
1975-08-01,-0.009491
1975-08-04,-0.009405
1975-08-05,-0.011128
1975-08-06,0.000220
1975-08-07,-0.000236
1975-08-08,-0.003275
1975-08-11,0.004791
1975-08-12,0.006692
1975-08-13,-0.011889
1975-08-14,-0.005350
1975-08-15,0.007610
1975-08-18,-0.001868
1975-08-19,-0.015457
1975-08-20,-0.019901
1975-08-21,-0.001221
1975-08-22,0.014165
1975-08-25,0.009531
1975-08-26,-0.011454
1975-08-27,0.004931
1975-08-28,0.022726
1975-08-29,0.007387
1975-09-02,-0.015351
1975-09-03,0.004694
1975-09-04,0.001714
1975-09-05,-0.006049
1975-09-08,0.001763
1975-09-09,-0.013158
1975-09-10,-0.011398
1975-09-11,-0.003755
1975-09-12,-0.002179
1975-09-15,-0.005267
1975-09-16,-0.009206
1975-09-17,0.001938
1975-09-18,0.018347
1975-09-19,0.022171
1975-09-22,-0.007967
1975-09-23,-0.001519
1975-09-24,0.009745
1975-09-25,-0.001628
1975-09-26,0.005086
1975-09-29,-0.012061
1975-09-30,-0.013783
1975-10-01,-0.011259
1975-10-02,0.008968
1975-10-03,0.023581
1975-10-06,0.010329
1975-10-07,-0.001153
1975-10-08,0.012057
1975-10-09,0.004452
1975-10-10,-0.000838
1975-10-13,0.013362
1975-10-14,-0.000376
1975-10-15,-0.000608
1975-10-16,0.001668
1975-10-17,-0.005947
1975-10-20,0.009252
1975-10-21,0.007878
1975-10-22,0.001734
1975-10-23,0.005051
1975-10-24,-0.012969
1975-10-27,-0.000922
1975-10-28,0.007887
1975-10-29,-0.012953
1975-10-30,-0.001554
1975-10-31,-0.002322
1975-11-03,-0.008989
1975-11-04,0.004316
1975-11-05,0.008316
1975-11-06,0.004379
1975-11-07,-0.001232
1975-11-10,0.000366
1975-11-11,0.006340
1975-11-12,0.014848
1975-11-13,-0.000235
1975-11-14,-0.000922
1975-11-17,0.005048
1975-11-18,-0.004951
1975-11-19,-0.010736
1975-11-20,-0.003667
1975-11-21,-0.000395
1975-11-24,0.003003
1975-11-25,0.009413
1975-11-26,0.003162
1975-11-28,0.003135
1975-12-01,-0.005352
1975-12-02,-0.015317
1975-12-03,-0.020241
1975-12-04,0.001524
1975-12-05,-0.010403
1975-12-08,0.001445
1975-12-09,0.001053
1975-12-10,0.009060
1975-12-11,-0.002209
1975-12-12,-0.000376
1975-12-15,0.002158
1975-12-16,0.009547
1975-12-17,0.003120
1975-12-18,0.003475
1975-12-19,-0.006057
1975-12-22,-0.007085
1975-12-23,0.005970
1975-12-24,0.008518
1975-12-26,0.009078
1975-12-29,-0.001370
1975-12-30,-0.003497
1975-12-31,0.006564
1976-01-02,0.008232
1976-01-05,0.018067
1976-01-06,0.012214
1976-01-07,0.005371
1976-01-08,0.006731
1976-01-09,0.004473
1976-01-12,0.013304
1976-01-13,-0.006916
1976-01-14,0.016059
1976-01-15,-0.003899
1976-01-16,0.004578
1976-01-19,0.012207
1976-01-20,0.004928
1976-01-21,-0.004607
1976-01-22,-0.001701
1976-01-23,0.011742
1976-01-26,0.004386
1976-01-27,-0.004936
1976-01-28,-0.004476
1976-01-29,0.016406
1976-01-30,0.007567
1976-02-02,0.001673
1976-02-03,0.004401
1976-02-04,0.008833
1976-02-05,-0.012541
1976-02-06,-0.008230
1976-02-09,0.002809
1976-02-10,0.007870
1976-02-11,0.004569
1976-02-12,-0.003436
1976-02-13,-0.003901
1976-02-17,-0.004781
1976-02-18,0.007820
1976-02-19,0.016150
1976-02-20,0.006970
1976-02-23,-0.002791
1976-02-24,0.004899
1976-02-25,-0.001644
1976-02-26,-0.014330
1976-02-27,-0.006408
1976-03-01,0.003109
1976-03-02,0.005799
1976-03-03,-0.005392
1976-03-04,-0.009328
1976-03-05,0.001518
1976-03-08,0.010130
1976-03-09,0.002661
1976-03-10,0.003824
1976-03-11,0.008563
1976-03-12,-0.008521
1976-03-15,-0.010995
1976-03-16,0.009886
1976-03-17,0.000025
1976-03-18,-0.003902
1976-03-19,0.001096
1976-03-22,0.000865
1976-03-23,0.013033
1976-03-24,0.010396
1976-03-25,-0.005262
1976-03-26,0.001086
1976-03-29,-0.003916
1976-03-30,-0.004011
1976-03-31,0.006346
1976-04-01,-0.004034
1976-04-02,0.000351
1976-04-05,0.011706
1976-04-06,-0.000586
1976-04-07,-0.011489
1976-04-08,-0.009503
1976-04-09,-0.010120
1976-04-12,-0.001766
1976-04-13,0.006580
1976-04-14,-0.005901
1976-04-15,0.003560
1976-04-19,0.006929
1976-04-20,0.014729
1976-04-21,0.003874
1976-04-22,-0.001983
1976-04-23,-0.006264
1976-04-26,0.000960
1976-04-27,-0.004937
1976-04-28,0.001835
1976-04-29,-0.000163
1976-04-30,-0.003746
1976-05-03,-0.008069
1976-05-04,0.005721
1976-05-05,-0.004098
1976-05-06,0.003097
1976-05-07,0.007625
1976-05-10,0.012356
1976-05-11,-0.000404
1976-05-12,-0.001332
1976-05-13,-0.005132
1976-05-14,-0.007416
1976-05-17,-0.002765
1976-05-18,0.001333
1976-05-19,-0.000159
1976-05-20,0.006351
1976-05-21,-0.005254
1976-05-24,-0.016277
1976-05-25,-0.000743
1976-05-26,-0.000468
1976-05-27,-0.000917
1976-05-28,0.007391
1976-06-01,-0.002364
1976-06-02,0.003088
1976-06-03,-0.000416
1976-06-04,-0.008600
1976-06-07,-0.004935
1976-06-08,0.001593
1976-06-09,-0.000286
1976-06-10,0.007844
1976-06-11,0.011761
1976-06-14,0.009919
1976-06-15,-0.003844
1976-06-16,0.005671
1976-06-17,0.014392
1976-06-18,0.002281
1976-06-21,0.004016
1976-06-22,-0.006642
1976-06-23,-0.002109
1976-06-24,0.006102
1976-06-25,0.000322
1976-06-28,-0.002150
1976-06-29,0.003784
1976-06-30,0.004679
1976-07-01,-0.006377
1976-07-02,0.004829
1976-07-06,-0.004356
1976-07-07,0.002588
1976-07-08,0.001809
1976-07-09,0.008941
1976-07-12,0.007749
1976-07-13,-0.001696
1976-07-14,0.002768
1976-07-15,-0.005794
1976-07-16,-0.004716
1976-07-19,-0.003086
1976-07-20,-0.006009
1976-07-21,0.000912
1976-07-22,0.001244
1976-07-23,0.001297
1976-07-26,-0.000584
1976-07-27,-0.004785
1976-07-28,-0.003759
1976-07-29,-0.001268
1976-07-30,0.004207
1976-08-02,-0.001435
1976-08-03,0.008921
1976-08-04,0.002380
1976-08-05,-0.004122
1976-08-06,-0.000048
1976-08-09,-0.002044
1976-08-10,0.007951
1976-08-11,-0.002310
1976-08-12,0.000833
1976-08-13,0.000775
1976-08-16,0.001772
1976-08-17,0.003176
1976-08-18,-0.001941
1976-08-19,-0.011407
1976-08-20,-0.008726
1976-08-23,-0.004042
1976-08-24,-0.005894
1976-08-25,0.007774
1976-08-26,-0.006071
1976-08-27,0.001170
1976-08-30,0.005324
1976-08-31,0.007044
1976-09-01,0.010178
1976-09-02,-0.000188
1976-09-03,0.003877
1976-09-07,0.006297
1976-09-08,-0.000838
1976-09-09,-0.004132
1976-09-10,0.002448
1976-09-13,-0.002684
1976-09-14,-0.002732
1976-09-15,0.002175
1976-09-16,0.008885
1976-09-17,0.008796
1976-09-20,0.001298
1976-09-21,0.012384
1976-09-22,-0.002570
1976-09-23,-0.004471
1976-09-24,-0.000766
1976-09-27,0.003760
1976-09-28,-0.011053
1976-09-29,-0.005092
1976-09-30,-0.001188
1976-10-01,-0.008872
1976-10-04,-0.001295
1976-10-05,-0.007147
1976-10-06,-0.004089
1976-10-07,0.005936
1976-10-08,-0.008055
1976-10-11,-0.008995
1976-10-12,-0.007691
1976-10-13,0.011085
1976-10-14,-0.011341
1976-10-15,0.001210
1976-10-18,0.005538
1976-10-19,-0.000324
1976-10-20,0.002515
1976-10-21,-0.007782
1976-10-22,-0.007374
1976-10-25,0.001045
1976-10-26,0.008767
1976-10-27,0.005780
1976-10-28,-0.000957
1976-10-29,0.011958
1976-11-01,0.002547
1976-11-03,-0.011320
1976-11-04,0.007904
1976-11-05,-0.011697
1976-11-08,-0.011186
1976-11-09,-0.003211
1976-11-10,-0.004468
1976-11-11,0.007083
1976-11-12,-0.002861
1976-11-15,0.005130
1976-11-16,0.002329
1976-11-17,0.006040
1976-11-18,0.012696
1976-11-19,0.001610
1976-11-22,0.006235
1976-11-23,-0.004055
1976-11-24,0.005305
1976-11-26,0.006719
1976-11-29,-0.005861
1976-11-30,-0.003029
1976-12-01,0.004503
1976-12-02,-0.002411
1976-12-03,0.005821
1976-12-06,0.008070
1976-12-07,0.000314
1976-12-08,0.005296
1976-12-09,0.005598
1976-12-10,0.002313
1976-12-13,0.000810
1976-12-14,0.004278
1976-12-15,0.000868
1976-12-16,-0.002613
1976-12-17,-0.003897
1976-12-20,-0.005206
1976-12-21,0.004662
1976-12-22,0.005064
1976-12-23,0.000793
1976-12-27,0.010985
1976-12-28,0.006521
1976-12-29,-0.003041
1976-12-30,0.005502
1976-12-31,0.006030
1977-01-03,-0.002615
1977-01-04,-0.009603
1977-01-05,-0.007331
1977-01-06,0.002050
1977-01-07,0.001023
1977-01-10,0.001314
1977-01-11,-0.009148
1977-01-12,-0.006458
1977-01-13,0.008292
1977-01-14,0.000017
1977-01-17,-0.001953
1977-01-18,-0.002764
1977-01-19,0.005108
1977-01-20,-0.007138
1977-01-21,0.003721
1977-01-24,0.000402
1977-01-25,-0.000253
1977-01-26,-0.006416
1977-01-27,-0.005508
1977-01-28,0.000482
1977-01-31,0.000213
1977-02-01,0.005350
1977-02-02,-0.000742
1977-02-03,-0.003638
1977-02-04,0.001962
1977-02-07,0.000693
1977-02-08,-0.002309
1977-02-09,-0.008314
1977-02-10,0.001110
1977-02-11,-0.005030
1977-02-14,0.004356
1977-02-15,0.002988
1977-02-16,0.003962
1977-02-17,-0.005082
1977-02-18,-0.002661
1977-02-22,-0.000183
1977-02-23,-0.002831
1977-02-24,-0.005927
1977-02-25,-0.001638
1977-02-28,0.002163
1977-03-01,0.008654
1977-03-02,-0.002038
1977-03-03,0.004438
1977-03-04,0.003615
1977-03-07,0.001316
1977-03-08,-0.003198
1977-03-09,-0.006821
1977-03-10,0.004648
1977-03-11,0.000813
1977-03-14,0.006357
1977-03-15,0.004600
1977-03-16,0.002146
1977-03-17,-0.000476
1977-03-18,-0.001822
1977-03-21,-0.004315
1977-03-22,-0.002004
1977-03-23,-0.007472
1977-03-24,-0.004475
1977-03-25,-0.005576
1977-03-28,-0.001238
1977-03-29,0.005652
1977-03-30,-0.010700
1977-03-31,-0.001161
1977-04-01,0.007804
1977-04-04,-0.008706
1977-04-05,-0.002727
1977-04-06,-0.000578
1977-04-07,0.003197
1977-04-11,0.005051
1977-04-12,0.012196
1977-04-13,0.000759
1977-04-14,0.008453
1977-04-15,0.000436
1977-04-18,-0.003832
1977-04-19,-0.003134
1977-04-20,0.003653
1977-04-21,-0.006251
1977-04-22,-0.011758
1977-04-25,-0.012226
1977-04-26,-0.000436
1977-04-27,0.008546
1977-04-28,0.002245
1977-04-29,0.002705
1977-05-02,0.005624
1977-05-03,0.004812
1977-05-04,0.005795
1977-05-05,0.002896
1977-05-06,-0.004003
1977-05-09,-0.001879
1977-05-10,0.003182
1977-05-11,-0.005430
1977-05-12,-0.000225
1977-05-13,0.003382
1977-05-16,0.004173
1977-05-17,0.002768
1977-05-18,0.005073
1977-05-19,-0.002965
1977-05-20,-0.003506
1977-05-23,-0.010977
1977-05-24,-0.004620
1977-05-25,-0.008088
1977-05-26,0.001576
1977-05-27,-0.006071
1977-05-31,-0.002285
1977-06-01,0.007395
1977-06-02,-0.001268
1977-06-03,0.008960
1977-06-06,-0.003661
1977-06-07,0.004446
1977-06-08,0.005334
1977-06-09,-0.000032
1977-06-10,0.003081
1977-06-13,0.003366
1977-06-14,0.009876
1977-06-15,-0.001638
1977-06-16,0.003151
1977-06-17,0.001667
1977-06-20,0.004466
1977-06-21,0.003379
1977-06-22,-0.001661
1977-06-23,0.002515
1977-06-24,0.005893
1977-06-27,-0.000954
1977-06-28,-0.006924
1977-06-29,-0.000563
1977-06-30,0.003618
1977-07-01,-0.002230
1977-07-05,0.000190
1977-07-06,-0.004296
1977-07-07,0.003364
1977-07-08,0.000184
1977-07-11,-0.002202
1977-07-12,-0.000706
1977-07-13,0.002018
1977-07-15,0.006186
1977-07-18,0.006242
1977-07-19,0.006621
1977-07-20,-0.000173
1977-07-21,-0.000952
1977-07-22,0.000799
1977-07-25,-0.006465
1977-07-26,-0.005309
1977-07-27,-0.015803
1977-07-28,-0.000037
1977-07-29,-0.000083
1977-08-01,0.003655
1977-08-02,-0.005851
1977-08-03,-0.001900
1977-08-04,0.005089
1977-08-05,0.000416
1977-08-08,-0.005668
1977-08-09,0.000876
1977-08-10,0.007228
1977-08-11,-0.005117
1977-08-12,-0.002932
1977-08-15,0.002396
1977-08-16,-0.003510
1977-08-17,-0.000224
1977-08-18,0.000020
1977-08-19,-0.002317
1977-08-22,0.002810
1977-08-23,-0.001251
1977-08-24,-0.003545
1977-08-25,-0.008891
1977-08-26,-0.000789
1977-08-29,0.008156
1977-08-30,-0.004624
1977-08-31,0.002681
1977-09-01,0.001602
1977-09-02,0.006516
1977-09-06,0.001902
1977-09-07,0.002816
1977-09-08,-0.006000
1977-09-09,-0.008268
1977-09-12,-0.002851
1977-09-13,0.000309
1977-09-14,0.003746
1977-09-15,0.003371
1977-09-16,-0.002815
1977-09-19,-0.005603
1977-09-20,0.000253
1977-09-21,-0.007121
1977-09-22,-0.000532
1977-09-23,-0.000074
1977-09-26,0.002611
1977-09-27,-0.001050
1977-09-28,0.000587
1977-09-29,0.005257
1977-09-30,0.007042
1977-10-03,0.002865
1977-10-04,-0.005799
1977-10-05,-0.003379
1977-10-06,0.003677
1977-10-07,0.000169
1977-10-10,-0.001506
1977-10-11,-0.007299
1977-10-12,-0.011012
1977-10-13,-0.006770
1977-10-14,0.000617
1977-10-17,-0.000954
1977-10-18,-0.000003
1977-10-19,-0.010241
1977-10-20,0.002069
1977-10-21,-0.002235
1977-10-24,-0.007595
1977-10-25,-0.008099
1977-10-26,0.009942
1977-10-27,0.003918
1977-10-28,0.003604
1977-10-31,-0.001679
1977-11-01,-0.009367
1977-11-02,-0.005859
1977-11-03,0.001639
1977-11-04,0.009574
1977-11-07,0.008343
1977-11-08,0.002033
1977-11-09,0.005305
1977-11-10,0.019176
1977-11-11,0.013101
1977-11-14,-0.004782
1977-11-15,0.006613
1977-11-16,-0.003127
1977-11-17,-0.001945
1977-11-18,0.002758
1977-11-21,-0.000511
1977-11-22,0.008878
1977-11-23,0.006179
1977-11-25,0.003713
1977-11-28,-0.004951
1977-11-29,-0.013594
1977-11-30,0.001945
1977-12-01,0.000997
1977-12-02,0.000400
1977-12-05,-0.003251
1977-12-06,-0.014843
1977-12-07,-0.001186
1977-12-08,0.002201
1977-12-09,0.006852
1977-12-12,0.000585
1977-12-13,-0.000164
1977-12-14,0.003645
1977-12-15,-0.003563
1977-12-16,-0.000699
1977-12-19,-0.006759
1977-12-20,-0.003380
1977-12-21,0.005983
1977-12-22,0.006834
1977-12-23,0.008815
1977-12-27,-0.000021
1977-12-28,0.000505
1977-12-29,0.003326
1977-12-30,0.002126
1978-01-03,-0.012489
1978-01-04,-0.003758
1978-01-05,-0.007036
1978-01-06,-0.012090
1978-01-09,-0.011563
1978-01-10,-0.006130
1978-01-11,-0.005139
1978-01-12,0.002101
1978-01-13,-0.000136
1978-01-16,-0.003271
1978-01-17,0.005404
1978-01-18,0.007144
1978-01-19,-0.003284
1978-01-20,-0.001773
1978-01-23,-0.006331
1978-01-24,0.000453
1978-01-25,0.001757
1978-01-26,-0.007469
1978-01-27,0.000012
1978-01-30,0.007652
1978-01-31,-0.000623
1978-02-01,0.007962
1978-02-02,0.003508
1978-02-03,-0.002644
1978-02-06,0.000190
1978-02-07,0.007771
1978-02-08,0.005442
1978-02-09,-0.003434
1978-02-10,-0.000986
1978-02-13,-0.002454
1978-02-14,-0.007581
1978-02-15,-0.002398
1978-02-16,-0.007537
1978-02-17,-0.000750
1978-02-21,-0.003544
1978-02-22,0.000872
1978-02-23,0.001932
1978-02-24,0.008601
1978-02-27,-0.006676
1978-02-28,-0.007542
1978-03-01,0.001160
1978-03-02,0.002283
1978-03-03,0.001554
1978-03-06,-0.005051
1978-03-07,0.004955
1978-03-08,0.005198
1978-03-09,0.002164
1978-03-10,0.010566
1978-03-13,0.001183
1978-03-14,0.004164
1978-03-15,-0.001445
1978-03-16,0.004528
1978-03-17,0.007447
1978-03-20,0.006078
1978-03-21,-0.009429
1978-03-22,-0.002342
1978-03-23,-0.000288
1978-03-27,-0.003959
1978-03-28,0.006344
1978-03-29,0.002334
1978-03-30,-0.001886
1978-03-31,-0.001848
1978-04-03,-0.006868
1978-04-04,0.004130
1978-04-05,0.008304
1978-04-06,0.002680
1978-04-07,0.004778
1978-04-10,0.003271
1978-04-11,-0.001833
1978-04-12,-0.000148
1978-04-13,0.009760
1978-04-14,0.018778
1978-04-17,0.014046
1978-04-18,-0.009989
1978-04-19,0.003768
1978-04-20,0.007269
1978-04-21,-0.000728
1978-04-24,0.012593
1978-04-25,0.007979
1978-04-26,0.001895
1978-04-27,-0.008304
1978-04-28,0.008929
1978-05-01,0.008555
1978-05-02,-0.002367
1978-05-03,-0.006979
1978-05-04,-0.000361
1978-05-05,0.007190
1978-05-08,-0.002306
1978-05-09,-0.001374
1978-05-10,0.001290
1978-05-11,0.011348
1978-05-12,0.008784
1978-05-15,0.006125
1978-05-16,0.006741
1978-05-17,0.003212
1978-05-18,-0.007155
1978-05-19,-0.004031
1978-05-22,0.008547
1978-05-23,-0.007978
1978-05-24,-0.009512
1978-05-25,-0.001578
1978-05-26,-0.001451
1978-05-30,0.002591
1978-05-31,0.004092
1978-06-01,0.001366
1978-06-02,0.007895
1978-06-05,0.016179
1978-06-06,0.004657
1978-06-07,-0.001216
1978-06-08,0.002353
1978-06-09,-0.001301
1978-06-12,-0.002530
1978-06-13,0.000880
1978-06-14,-0.000435
1978-06-15,-0.009242
1978-06-16,-0.008255
1978-06-19,-0.001604
1978-06-20,-0.009208
1978-06-21,-0.006250
1978-06-22,0.002466
1978-06-23,-0.002460
1978-06-26,-0.012313
1978-06-27,0.002240
1978-06-28,0.004014
1978-06-29,0.002518
1978-06-30,-0.000403
1978-07-03,-0.002875
1978-07-05,-0.008194
1978-07-06,0.000093
1978-07-07,0.006002
1978-07-10,0.003579
1978-07-11,0.006205
1978-07-12,0.003759
1978-07-13,0.000451
1978-07-14,0.012528
1978-07-17,0.002754
1978-07-18,-0.007714
1978-07-19,0.011321
1978-07-20,0.000413
1978-07-21,-0.002799
1978-07-24,-0.000578
1978-07-25,0.006881
1978-07-26,0.006052
1978-07-27,0.005456
1978-07-28,0.004819
1978-07-31,0.007340
1978-08-01,0.001241
1978-08-02,0.021251
1978-08-03,0.004749
1978-08-04,0.004619
1978-08-07,-0.001478
1978-08-08,0.004918
1978-08-09,0.005300
1978-08-10,-0.005681
1978-08-11,0.003456
1978-08-14,0.001183
1978-08-15,-0.001125
1978-08-16,0.007488
1978-08-17,0.005654
1978-08-18,-0.002003
1978-08-21,-0.007671
1978-08-22,0.003089
1978-08-23,0.006245
1978-08-24,0.002931
1978-08-25,0.000593
1978-08-28,-0.007183
1978-08-29,-0.005556
1978-08-30,0.001929
1978-08-31,-0.001621
1978-09-01,0.004649
1978-09-05,0.005570
1978-09-06,0.008384
1978-09-07,0.001604
1978-09-08,0.013036
1978-09-11,0.002400
1978-09-12,0.001031
1978-09-13,-0.004982
1978-09-14,-0.010463
1978-09-15,-0.009080
1978-09-18,-0.010311
1978-09-19,-0.007191
1978-09-20,-0.009184
1978-09-21,-0.000005
1978-09-22,0.000785
1978-09-25,0.000047
1978-09-26,0.007249
1978-09-27,-0.008278
1978-09-28,0.002486
1978-09-29,0.005416
1978-10-02,0.003459
1978-10-03,-0.002609
1978-10-04,0.004041
1978-10-05,0.002615
1978-10-06,0.002737
1978-10-09,0.009406
1978-10-10,-0.001129
1978-10-11,0.008724
1978-10-12,-0.004422
1978-10-13,-0.002741
1978-10-16,-0.017963
1978-10-17,-0.016696
1978-10-18,-0.009444
1978-10-19,-0.012884
1978-10-20,-0.017597
1978-10-23,-0.001947
1978-10-24,-0.005545
1978-10-25,-0.001859
1978-10-26,-0.016797
1978-10-27,-0.018928
1978-10-30,0.000293
1978-10-31,-0.017355
1978-11-01,0.041263
1978-11-02,-0.008841
1978-11-03,0.005728
1978-11-06,-0.007689
1978-11-07,-0.015357
1978-11-08,0.004627
1978-11-09,0.001579
1978-11-10,0.005162
1978-11-13,-0.016179
1978-11-14,-0.009714
1978-11-15,0.003253
1978-11-16,0.010542
1978-11-17,0.009744
1978-11-20,0.009328
1978-11-21,-0.001114
1978-11-22,0.006222
1978-11-24,0.005077
1978-11-27,0.002705
1978-11-28,-0.007548
1978-11-29,-0.013535
1978-11-30,0.009270
1978-12-01,0.016133
1978-12-04,0.000570
1978-12-05,0.012566
1978-12-06,0.002113
1978-12-07,-0.003377
1978-12-08,-0.003800
1978-12-11,0.004648
1978-12-12,-0.004767
1978-12-13,-0.005532
1978-12-14,0.000066
1978-12-15,-0.006862
1978-12-18,-0.021555
1978-12-19,0.007257
1978-12-20,0.004710
1978-12-21,0.001175
1978-12-22,0.016867
1978-12-26,0.010412
1978-12-27,-0.008250
1978-12-28,-0.003480
1978-12-29,-0.000669
1979-01-02,0.006261
1979-01-03,0.011472
1979-01-04,0.009765
1979-01-05,0.006824
1979-01-08,-0.002450
1979-01-09,0.005268
1979-01-10,-0.005179
1979-01-11,0.004687
1979-01-12,0.008065
1979-01-15,0.006737
1979-01-16,-0.010853
1979-01-17,-0.000487
1979-01-18,0.004372
1979-01-19,0.000172
1979-01-22,0.000727
1979-01-23,0.006379
1979-01-24,-0.003192
1979-01-25,0.009610
1979-01-26,0.006513
1979-01-29,-0.002080
1979-01-30,-0.003208
1979-01-31,-0.010954
1979-02-01,0.000655
1979-02-02,-0.002862
1979-02-05,-0.012486
1979-02-06,0.000026
1979-02-07,-0.008773
1979-02-08,0.005728
1979-02-09,0.003017
1979-02-12,0.003040
1979-02-13,0.007921
1979-02-14,-0.001022
1979-02-15,-0.000159
1979-02-16,0.000795
1979-02-20,0.006371
1979-02-21,-0.002345
1979-02-22,-0.005175
1979-02-23,-0.005302
1979-02-26,-0.000973
1979-02-27,-0.016553
1979-02-28,0.001144
1979-03-01,0.006992
1979-03-02,0.001469
1979-03-05,0.011381
1979-03-06,-0.001871
1979-03-07,0.006811
1979-03-08,0.010646
1979-03-09,0.000447
1979-03-12,0.001930
1979-03-13,0.002752
1979-03-14,-0.000321
1979-03-15,0.002276
1979-03-16,0.008017
1979-03-19,0.003781
1979-03-20,-0.004948
1979-03-21,0.006899
1979-03-22,0.004485
1979-03-23,0.000346
1979-03-26,-0.004629
1979-03-27,0.013347
1979-03-28,-0.003157
1979-03-29,0.000117
1979-03-30,-0.002900
1979-04-02,-0.006468
1979-04-03,0.013824
1979-04-04,0.003410
1979-04-05,0.006024
1979-04-06,-0.000115
1979-04-09,-0.002581
1979-04-10,0.004797
1979-04-11,-0.008549
1979-04-12,-0.001816
1979-04-16,-0.007965
1979-04-17,-0.000321
1979-04-18,0.005386
1979-04-19,-0.003202
1979-04-20,0.000580
1979-04-23,0.003205
1979-04-24,0.005478
1979-04-25,0.003732
1979-04-26,-0.004285
1979-04-27,-0.002068
1979-04-30,-0.000198
1979-05-01,0.000206
1979-05-02,0.000820
1979-05-03,0.000463
1979-05-04,-0.009084
1979-05-07,-0.017892
1979-05-08,-0.000037
1979-05-09,0.003612
1979-05-10,-0.008439
1979-05-11,0.001447
1979-05-14,-0.004552
1979-05-15,0.001006
1979-05-16,0.002494
1979-05-17,0.014931
1979-05-18,0.001277
1979-05-21,0.002905
1979-05-22,0.004994
1979-05-23,-0.003059
1979-05-24,0.001793
1979-05-25,0.003540
1979-05-29,-0.001023
1979-05-30,-0.009033
1979-05-31,0.000499
1979-06-01,0.001395
1979-06-04,0.002317
1979-06-05,0.012148
1979-06-06,0.006813
1979-06-07,0.006111
1979-06-08,-0.001499
1979-06-11,0.003170
1979-06-12,0.009257
1979-06-13,-0.003168
1979-06-14,-0.001559
1979-06-15,0.001018
1979-06-18,-0.005398
1979-06-19,0.000564
1979-06-20,0.001743
1979-06-21,0.004533
1979-06-22,0.004725
1979-06-25,-0.004592
1979-06-26,-0.003942
1979-06-27,0.005901
1979-06-28,0.005739
1979-06-29,0.000602
1979-07-02,-0.008685
1979-07-03,0.001590
1979-07-05,0.004034
1979-07-06,0.010521
1979-07-09,0.008067
1979-07-10,-0.002819
1979-07-11,-0.005654
1979-07-12,-0.007233
1979-07-13,-0.003046
1979-07-16,0.004498
1979-07-17,-0.009034
1979-07-18,-0.002354
1979-07-19,0.000243
1979-07-20,0.002832
1979-07-23,-0.002466
1979-07-24,0.003424
1979-07-25,0.010578
1979-07-26,0.001476
1979-07-27,0.001633
1979-07-30,0.001513
1979-07-31,0.005920
1979-08-01,0.003769
1979-08-02,0.000661
1979-08-03,-0.000445
1979-08-06,0.002464
1979-08-07,0.011967
1979-08-08,0.003713
1979-08-09,-0.002508
1979-08-10,0.008380
1979-08-13,0.008846
1979-08-14,0.001687
1979-08-15,0.007393
1979-08-16,-0.001542
1979-08-17,0.003052
1979-08-20,0.005521
1979-08-21,0.000841
1979-08-22,0.001922
1979-08-23,-0.002427
1979-08-24,0.000343
1979-08-27,0.005684
1979-08-28,-0.000695
1979-08-29,0.000375
1979-08-30,0.000221
1979-08-31,0.003959
1979-09-04,-0.015723
1979-09-05,-0.012015
1979-09-06,0.005599
1979-09-07,0.008513
1979-09-10,0.005462
1979-09-11,-0.006363
1979-09-12,0.003841
1979-09-13,0.000699
1979-09-14,0.009450
1979-09-17,-0.000850
1979-09-18,-0.007081
1979-09-19,0.002613
1979-09-20,0.017086
1979-09-21,-0.000042
1979-09-24,-0.007511
1979-09-25,0.000515
1979-09-26,0.002773
1979-09-27,0.001654
1979-09-28,-0.006631
1979-10-01,-0.005362
1979-10-02,0.008444
1979-10-03,0.001639
1979-10-04,0.005946
1979-10-05,0.009200
1979-10-08,-0.011874
1979-10-09,-0.034279
1979-10-10,-0.018912
1979-10-11,0.000098
1979-10-12,-0.002767
1979-10-15,-0.012062
1979-10-16,-0.002104
1979-10-17,0.003339
1979-10-18,0.002408
1979-10-19,-0.020408
1979-10-22,-0.014312
1979-10-23,-0.003693
1979-10-24,0.002554
1979-10-25,-0.003118
1979-10-26,0.006885
1979-10-29,0.002174
1979-10-30,0.017862
1979-10-31,-0.005525
1979-11-01,0.008564
1979-11-02,0.002344
1979-11-05,-0.006187
1979-11-06,-0.005342
1979-11-07,-0.011927
1979-11-08,0.005769
1979-11-09,0.012722
1979-11-12,0.017838
1979-11-13,-0.003075
1979-11-14,0.004340
1979-11-15,0.007904
1979-11-16,-0.001558
1979-11-19,0.004867
1979-11-20,-0.004313
1979-11-21,0.001160
1979-11-23,0.008420
1979-11-26,0.021896
1979-11-27,-0.001771
1979-11-28,0.004182
1979-11-29,0.001210
1979-11-30,-0.004343
1979-12-03,-0.002366
1979-12-04,0.008670
1979-12-05,0.005276
1979-12-06,0.007359
1979-12-07,-0.003306
1979-12-10,0.002692
1979-12-11,-0.001513
1979-12-12,0.001414
1979-12-13,0.002122
1979-12-14,0.010806
1979-12-17,0.005099
1979-12-18,-0.008828
1979-12-19,-0.000917
1979-12-20,0.001808
1979-12-21,-0.005386
1979-12-24,0.000858
1979-12-26,0.001389
1979-12-27,0.001457
1979-12-28,0.000614
1979-12-31,0.000990
1980-01-02,-0.020089
1980-01-03,-0.006510
1980-01-04,0.013735
1980-01-07,0.004369
1980-01-08,0.019340
1980-01-09,0.001714
1980-01-10,0.008958
1980-01-11,0.002361
1980-01-14,0.003998
1980-01-15,0.005925
1980-01-16,0.000683
1980-01-17,-0.001927
1980-01-18,0.002400
1980-01-21,0.008928
1980-01-22,-0.006371
1980-01-23,0.015326
1980-01-24,0.003041
1980-01-25,-0.000166
1980-01-28,0.010314
1980-01-29,-0.005532
1980-01-30,0.010758
1980-01-31,-0.006642
1980-02-01,0.007284
1980-02-04,-0.004598
1980-02-05,0.002471
1980-02-06,0.009265
1980-02-07,0.005055
1980-02-08,0.013678
1980-02-11,-0.006879
1980-02-12,0.006227
1980-02-13,0.002573
1980-02-14,-0.014436
1980-02-15,-0.008113
1980-02-19,-0.006289
1980-02-20,0.015708
1980-02-21,-0.008052
1980-02-22,-0.003617
1980-02-25,-0.013514
1980-02-26,0.006311
1980-02-27,-0.011478
1980-02-28,0.000233
1980-02-29,0.009930
1980-03-03,-0.008626
1980-03-04,-0.000181
1980-03-05,-0.014992
1980-03-06,-0.023723
1980-03-07,-0.017405
1980-03-10,-0.008084
1980-03-11,0.012893
1980-03-12,-0.006550
1980-03-13,-0.010131
1980-03-14,-0.003340
1980-03-17,-0.031946
1980-03-18,0.014168
1980-03-19,0.004809
1980-03-20,-0.010289
1980-03-21,-0.007213
1980-03-24,-0.031109
1980-03-25,-0.005046
1980-03-26,-0.005467
1980-03-27,-0.018623
1980-03-28,0.030149
1980-03-31,0.015188
1980-04-01,0.003701
1980-04-02,0.008570
1980-04-03,-0.003685
1980-04-07,-0.019375
1980-04-08,0.010763
1980-04-09,0.019665
1980-04-10,0.009389
1980-04-11,-0.000828
1980-04-14,-0.009605
1980-04-15,-0.002081
1980-04-16,-0.010580
1980-04-17,-0.004936
1980-04-18,-0.003360
1980-04-21,-0.008350
1980-04-22,0.034531
1980-04-23,0.004073
1980-04-24,0.007911
1980-04-25,0.005293
1980-04-28,0.004338
1980-04-29,0.003712
1980-04-30,0.003369
1980-05-01,-0.005908
1980-05-02,0.001930
1980-05-05,0.008024
1980-05-06,0.001027
1980-05-07,0.008429
1980-05-08,-0.007125
1980-05-09,-0.011516
1980-05-12,0.000250
1980-05-13,0.012732
1980-05-14,0.006876
1980-05-15,0.001803
1980-05-16,0.004667
1980-05-19,0.002797
1980-05-20,-0.000478
1980-05-21,0.001355
1980-05-22,0.012380
1980-05-23,0.015204
1980-05-27,0.007515
1980-05-28,0.006502
1980-05-29,-0.014640
1980-05-30,0.007401
1980-06-02,-0.002135
1980-06-03,-0.001560
1980-06-04,0.017491
1980-06-05,0.002358
1980-06-06,0.004674
1980-06-09,0.004311
1980-06-10,0.008129
1980-06-11,0.011279
1980-06-12,-0.002718
1980-06-13,0.003191
1980-06-16,0.001893
1980-06-17,0.000778
1980-06-18,0.001535
1980-06-19,-0.012738
1980-06-20,-0.003847
1980-06-23,0.004242
1980-06-24,0.006217
1980-06-25,0.012665
1980-06-26,-0.003258
1980-06-27,-0.000650
1980-06-30,-0.014220
1980-07-01,0.005997
1980-07-02,0.006945
1980-07-03,0.014021
1980-07-07,0.007726
1980-07-08,-0.002593
1980-07-09,0.001133
1980-07-10,-0.007739
1980-07-11,0.007526
1980-07-14,0.017163
1980-07-15,-0.004618
1980-07-16,0.002438
1980-07-17,0.014358
1980-07-18,0.003558
1980-07-21,0.003722
1980-07-22,-0.002439
1980-07-23,-0.000968
1980-07-24,-0.000588
1980-07-25,-0.007316
1980-07-28,0.004719
1980-07-29,0.007937
1980-07-30,0.000618
1980-07-31,-0.003933
1980-08-01,-0.001730
1980-08-04,-0.003378
1980-08-05,-0.000038
1980-08-06,0.006677
1980-08-07,0.014641
1980-08-08,0.003222
1980-08-11,0.009677
1980-08-12,-0.007159
1980-08-13,-0.002478
1980-08-14,0.015313
1980-08-15,0.003787
1980-08-18,-0.017907
1980-08-19,-0.005832
1980-08-20,0.010826
1980-08-21,0.015040
1980-08-22,0.005932
1980-08-25,-0.004551
1980-08-26,-0.001138
1980-08-27,-0.009061
1980-08-28,-0.011290
1980-08-29,0.002920
1980-09-02,0.010539
1980-09-03,0.019454
1980-09-04,-0.003451
1980-09-05,-0.002840
1980-09-08,-0.011305
1980-09-09,0.005732
1980-09-10,0.007322
1980-09-11,0.007586
1980-09-12,0.001168
1980-09-15,0.000804
1980-09-16,0.009234
1980-09-17,0.014921
1980-09-18,-0.003466
1980-09-19,0.005597
1980-09-22,0.008199
1980-09-23,-0.006231
1980-09-24,0.006537
1980-09-25,-0.011300
1980-09-26,-0.019834
1980-09-29,-0.023875
1980-09-30,0.015499
1980-10-01,0.013854
1980-10-02,0.007365
1980-10-03,0.010994
1980-10-06,0.017377
1980-10-07,-0.004504
1980-10-08,0.005048
1980-10-09,-0.003065
1980-10-10,-0.003792
1980-10-13,0.012112
1980-10-14,0.000266
1980-10-15,0.012657
1980-10-16,-0.011410
1980-10-17,-0.004421
1980-10-20,0.007146
1980-10-21,-0.005720
1980-10-22,0.001926
1980-10-23,-0.017670
1980-10-24,0.002392
1980-10-27,-0.013921
1980-10-28,0.000975
1980-10-29,-0.002095
1980-10-30,-0.014858
1980-10-31,0.010168
1980-11-03,0.011665
1980-11-05,0.017037
1980-11-06,-0.017688
1980-11-07,0.001776
1980-11-10,0.002561
1980-11-11,0.012748
1980-11-12,0.023210
1980-11-13,0.015160
1980-11-14,0.005426
1980-11-17,0.004191
1980-11-18,0.014199
1980-11-19,-0.003228
1980-11-20,0.009507
1980-11-21,-0.007624
1980-11-24,-0.005725
1980-11-25,0.008462
1980-11-26,0.005847
1980-11-28,0.003653
1980-12-01,-0.021246
1980-12-02,-0.002727
1980-12-03,-0.000590
1980-12-04,-0.000958
1980-12-05,-0.019118
1980-12-08,-0.026472
1980-12-09,-0.001651
1980-12-10,-0.015740
1980-12-11,-0.011309
1980-12-12,0.014859
1980-12-15,0.001605
1980-12-16,0.007485
1980-12-17,0.016168
1980-12-18,0.004134
1980-12-19,0.007119
1980-12-22,0.013764
1980-12-23,-0.002912
1980-12-24,0.004054
1980-12-26,0.004888
1980-12-29,-0.010363
1980-12-30,0.002016
1980-12-31,0.003983
1981-01-02,0.006105
1981-01-05,0.009826
1981-01-06,0.000370
1981-01-07,-0.025806
1981-01-08,-0.013230
1981-01-09,0.004276
1981-01-12,0.000957
1981-01-13,-0.002215
1981-01-14,0.003061
1981-01-15,0.005897
1981-01-16,0.005151
1981-01-19,-0.002288
1981-01-20,-0.018382
1981-01-21,-0.003009
1981-01-22,-0.007630
1981-01-23,0.000063
1981-01-26,-0.004451
1981-01-27,0.010451
1981-01-28,-0.004235
1981-01-29,-0.000343
1981-01-30,-0.004687
1981-02-02,-0.021861
1981-02-03,0.010978
1981-02-04,0.002822
1981-02-05,0.009811
1981-02-06,0.008590
1981-02-09,-0.009191
1981-02-10,-0.000914
1981-02-11,-0.006941
1981-02-12,-0.005914
1981-02-13,-0.002344
1981-02-17,0.004683
1981-02-18,0.004640
1981-02-19,-0.013938
1981-02-20,-0.000987
1981-02-23,0.006074
1981-02-24,0.002164
1981-02-25,0.007200
1981-02-26,0.011857
1981-02-27,0.009717
1981-03-02,0.006262
1981-03-03,-0.008779
1981-03-04,0.001999
1981-03-05,-0.004884
1981-03-06,-0.000352
1981-03-09,0.008067
1981-03-10,-0.004477
1981-03-11,-0.002799
1981-03-12,0.022601
1981-03-13,0.000794
1981-03-16,0.010821
1981-03-17,-0.004202
1981-03-18,0.002554
1981-03-19,-0.004228
1981-03-20,0.006941
1981-03-23,0.010877
1981-03-24,-0.005241
1981-03-25,0.015900
1981-03-26,-0.003936
1981-03-27,-0.009736
1981-03-30,-0.002231
1981-03-31,0.010563
1981-04-01,0.005771
1981-04-02,0.000216
1981-04-03,-0.004311
1981-04-06,-0.010748
1981-04-07,0.000003
1981-04-08,0.003588
1981-04-09,0.004015
1981-04-10,0.000486
1981-04-13,-0.010237
1981-04-14,-0.004887
1981-04-15,0.010461
1981-04-16,0.004719
1981-04-20,0.005443
1981-04-21,-0.008851
1981-04-22,-0.000457
1981-04-23,-0.000161
1981-04-24,0.008121
1981-04-27,0.002525
1981-04-28,-0.009114
1981-04-29,-0.008792
1981-04-30,0.000710
1981-05-01,-0.001025
1981-05-04,-0.014797
1981-05-05,-0.003168
1981-05-06,0.004477
1981-05-07,0.007817
1981-05-08,0.001471
1981-05-11,-0.013504
1981-05-12,0.007046
1981-05-13,0.000454
1981-05-14,0.006441
1981-05-15,0.006943
1981-05-18,0.002143
1981-05-19,-0.002829
1981-05-20,0.001681
1981-05-21,-0.000451
1981-05-22,0.000116
1981-05-26,0.009821
1981-05-27,0.007074
1981-05-28,-0.001431
1981-05-29,-0.004610
1981-06-01,-0.002002
1981-06-02,-0.013995
1981-06-03,0.000495
1981-06-04,0.002138
1981-06-05,0.009141
1981-06-08,-0.000060
1981-06-09,-0.002745
1981-06-10,0.002762
1981-06-11,0.010614
1981-06-12,0.000026
1981-06-15,0.000720
1981-06-16,-0.010994
1981-06-17,0.007584
1981-06-18,-0.011091
1981-06-19,0.004702
1981-06-22,-0.001890
1981-06-23,0.009783
1981-06-24,-0.004823
1981-06-25,0.002025
1981-06-26,-0.000994
1981-06-29,-0.006283
1981-06-30,-0.005768
1981-07-01,-0.009198
1981-07-02,-0.009135
1981-07-06,-0.010877
1981-07-07,0.003927
1981-07-08,0.001408
1981-07-09,0.007228
1981-07-10,0.001410
1981-07-13,0.001764
1981-07-14,-0.000052
1981-07-15,0.004352
1981-07-16,0.002670
1981-07-17,0.003403
1981-07-20,-0.014928
1981-07-21,-0.004036
1981-07-22,-0.007962
1981-07-23,0.001567
1981-07-24,0.008448
1981-07-27,0.008608
1981-07-28,-0.005179
1981-07-29,0.000213
1981-07-30,0.005791
1981-07-31,0.007547
1981-08-03,-0.003017
1981-08-04,0.004591
1981-08-05,0.011532
1981-08-06,0.001899
1981-08-07,-0.004090
1981-08-10,0.003864
1981-08-11,0.009367
1981-08-12,-0.001855
1981-08-13,0.001661
1981-08-14,-0.006128
1981-08-17,-0.009512
1981-08-18,-0.010311
1981-08-19,0.002562
1981-08-20,0.002088
1981-08-21,-0.009568
1981-08-24,-0.029357
1981-08-25,-0.004504
1981-08-26,-0.000887
1981-08-27,-0.010092
1981-08-28,0.005075
1981-08-31,-0.010813
1981-09-01,0.002002
1981-09-02,0.003100
1981-09-03,-0.019324
1981-09-04,-0.009655
1981-09-08,-0.020095
1981-09-09,0.002473
1981-09-10,0.015635
1981-09-11,0.012247
1981-09-14,-0.007388
1981-09-15,-0.006108
1981-09-16,-0.008393
1981-09-17,-0.014882
1981-09-18,-0.008531
1981-09-21,0.005801
1981-09-22,-0.004168
1981-09-23,-0.011641
1981-09-24,-0.003716
1981-09-25,-0.023983
1981-09-28,0.020667
1981-09-29,0.008656
1981-09-30,0.002953
1981-10-01,0.008003
1981-10-02,0.020420
1981-10-05,0.003231
1981-10-06,-0.000706
1981-10-07,0.015939
1981-10-08,0.009238
1981-10-09,-0.004806
1981-10-12,-0.001844
1981-10-13,-0.001739
1981-10-14,-0.015606
1981-10-15,0.005799
1981-10-16,-0.003080
1981-10-19,-0.001684
1981-10-20,0.010210
1981-10-21,-0.000813
1981-10-22,-0.002921
1981-10-23,-0.007364
1981-10-26,-0.003816
1981-10-27,0.009715
1981-10-28,0.002155
1981-10-29,-0.003661
1981-10-30,0.022451
1981-11-02,0.019569
1981-11-03,0.005292
1981-11-04,0.001320
1981-11-05,-0.006341
1981-11-06,-0.004460
1981-11-09,0.003983
1981-11-10,-0.003455
1981-11-11,0.001966
1981-11-12,0.002526
1981-11-13,-0.011724
1981-11-16,-0.012650
1981-11-17,0.006025
1981-11-18,-0.004244
1981-11-19,0.004753
1981-11-20,0.009217
1981-11-23,-0.000640
1981-11-24,0.013283
1981-11-25,0.004014
1981-11-27,0.008301
1981-11-30,0.008654
1981-12-01,-0.002075
1981-12-02,-0.010126
1981-12-03,0.003655
1981-12-04,0.007177
1981-12-07,-0.007690
1981-12-08,-0.004707
1981-12-09,0.005378
1981-12-10,0.002165
1981-12-11,-0.005615
1981-12-14,-0.015711
1981-12-15,0.000979
1981-12-16,-0.003297
1981-12-17,0.004338
1981-12-18,0.006622
1981-12-21,-0.004301
1981-12-22,-0.003569
1981-12-23,-0.003376
1981-12-24,0.002520
1981-12-28,-0.002522
1981-12-29,-0.005276
1981-12-30,0.004195
1981-12-31,0.003596
1982-01-04,0.001818
1982-01-05,-0.020240
1982-01-06,-0.007794
1982-01-07,-0.002600
1982-01-08,0.005063
1982-01-11,-0.023051
1982-01-12,-0.004801
1982-01-13,-0.012785
1982-01-14,0.005156
1982-01-15,0.006503
1982-01-18,0.005947
1982-01-19,-0.009173
1982-01-20,-0.006159
1982-01-21,0.002781
1982-01-22,-0.003751
1982-01-25,-0.003150
1982-01-26,-0.002033
1982-01-27,0.004332
1982-01-28,0.026347
1982-01-29,0.011782
1982-02-01,-0.018227
1982-02-02,0.003227
1982-02-03,-0.008967
1982-02-04,-0.001229
1982-02-05,0.007909
1982-02-08,-0.021617
1982-02-09,-0.008727
1982-02-10,0.006623
1982-02-11,-0.001038
1982-02-12,-0.000239
1982-02-16,-0.004050
1982-02-17,-0.001421
1982-02-18,0.001091
1982-02-19,-0.004236
1982-02-22,-0.012255
1982-02-23,-0.001675
1982-02-24,0.014707
1982-02-25,-0.000178
1982-02-26,-0.001420
1982-03-01,0.003080
1982-03-02,-0.003918
1982-03-03,-0.015077
1982-03-04,-0.010252
1982-03-05,-0.006608
1982-03-08,-0.016474
1982-03-09,0.007801
1982-03-10,0.005903
1982-03-11,-0.001073
1982-03-12,-0.008048
1982-03-15,0.005342
1982-03-16,-0.000355
1982-03-17,-0.001134
1982-03-18,0.011965
1982-03-19,0.003308
1982-03-22,0.019610
1982-03-23,0.006241
1982-03-24,-0.004175
1982-03-25,0.003315
1982-03-26,-0.008676
1982-03-29,0.001628
1982-03-30,0.000533
1982-03-31,-0.001709
1982-04-01,0.014203
1982-04-02,0.010993
1982-04-05,-0.002764
1982-04-06,0.005346
1982-04-07,0.002004
1982-04-08,0.006658
1982-04-12,-0.001376
1982-04-13,0.000284
1982-04-14,-0.001131
1982-04-15,0.003887
1982-04-16,0.004895
1982-04-19,-0.000635
1982-04-20,-0.009057
1982-04-21,0.002273
1982-04-22,0.010912
1982-04-23,0.011269
1982-04-26,0.004899
1982-04-27,-0.008835
1982-04-28,-0.005349
1982-04-29,-0.008338
1982-04-30,0.001897
1982-05-03,0.003199
1982-05-04,0.006496
1982-05-05,0.001432
1982-05-06,0.008702
1982-05-07,0.007749
1982-05-10,-0.006786
1982-05-11,0.008798
1982-05-12,-0.002766
1982-05-13,-0.005476
1982-05-14,-0.000694
1982-05-17,-0.010179
1982-05-18,-0.007713
1982-05-19,-0.007192
1982-05-20,-0.003841
1982-05-21,0.002203
1982-05-24,-0.000256
1982-05-25,-0.002512
1982-05-26,-0.012034
1982-05-27,-0.004025
1982-05-28,-0.002984
1982-06-01,-0.003792
1982-06-02,0.002981
1982-06-03,-0.002115
1982-06-04,-0.014892
1982-06-07,-0.001151
1982-06-08,-0.004257
1982-06-09,-0.006606
1982-06-10,0.004335
1982-06-11,0.015920
1982-06-14,-0.011101
1982-06-15,-0.003299
1982-06-16,-0.005612
1982-06-17,-0.010310
1982-06-18,-0.004937
1982-06-21,-0.000213
1982-06-22,0.008804
1982-06-23,0.016058
1982-06-24,-0.001916
1982-06-25,-0.005766
1982-06-28,0.007854
1982-06-29,-0.000249
1982-06-30,-0.003343
1982-07-01,-0.007524
1982-07-02,-0.007128
1982-07-06,-0.003430
1982-07-07,-0.001556
1982-07-08,0.000716
1982-07-09,0.011648
1982-07-12,0.006619
1982-07-13,-0.000780
1982-07-14,0.006406
1982-07-15,0.000771
1982-07-16,0.004951
1982-07-19,-0.001692
1982-07-20,0.005830
1982-07-21,0.000372
1982-07-22,0.001031
1982-07-23,-0.001849
1982-07-26,-0.006484
1982-07-27,-0.007547
1982-07-28,-0.015096
1982-07-29,-0.001313
1982-07-30,-0.004203
1982-08-02,0.015885
1982-08-03,-0.007751
1982-08-04,-0.013996
1982-08-05,-0.007283
1982-08-06,-0.011623
1982-08-09,-0.007402
1982-08-10,-0.001573
1982-08-11,-0.002942
1982-08-12,-0.002857
1982-08-13,0.011019
1982-08-16,0.003884
1982-08-17,0.041060
1982-08-18,0.002050
1982-08-19,0.002360
1982-08-20,0.031238
1982-08-23,0.025883
1982-08-24,-0.001773
1982-08-25,0.020328
1982-08-26,0.010786
1982-08-27,-0.010170
1982-08-30,0.003883
1982-08-31,0.014666
1982-09-01,-0.008228
1982-09-02,0.015626
1982-09-03,0.018386
1982-09-07,-0.009535
1982-09-08,0.006650
1982-09-09,0.000111
1982-09-10,-0.007382
1982-09-13,0.008524
1982-09-14,0.008515
1982-09-15,0.008266
1982-09-16,-0.001445
1982-09-17,-0.008625
1982-09-20,-0.000856
1982-09-21,0.017114
1982-09-22,-0.004614
1982-09-23,-0.001896
1982-09-24,-0.002690
1982-09-27,0.001705
1982-09-28,-0.001855
1982-09-29,-0.011834
1982-09-30,-0.008366
1982-10-01,0.011144
1982-10-04,-0.002732
1982-10-05,0.004406
1982-10-06,0.029036
1982-10-07,0.021311
1982-10-08,0.017785
1982-10-11,0.023137
1982-10-12,0.000416
1982-10-13,0.018512
1982-10-14,-0.012748
1982-10-15,-0.005678
1982-10-18,0.020443
1982-10-19,-0.000200
1982-10-20,0.018648
1982-10-21,0.000043
1982-10-22,0.000618
1982-10-25,-0.035817
1982-10-26,0.005256
1982-10-27,0.008621
1982-10-28,-0.009881
1982-10-29,0.002176
1982-11-01,0.012241
1982-11-02,0.015665
1982-11-03,0.035754
1982-11-04,-0.003142
1982-11-05,0.004632
1982-11-08,-0.009309
1982-11-09,0.017080
1982-11-10,-0.010205
1982-11-11,0.004541
1982-11-12,-0.010204
1982-11-15,-0.016991
1982-11-16,-0.013237
1982-11-17,0.016682
1982-11-18,0.004666
1982-11-19,-0.006485
1982-11-22,-0.018867
1982-11-23,-0.007660
1982-11-24,0.007170
1982-11-26,0.007196
1982-11-29,-0.004588
1982-11-30,0.027918
1982-12-01,0.003582
1982-12-02,0.000119
1982-12-03,-0.000387
1982-12-06,0.018266
1982-12-07,0.006580
1982-12-08,-0.004322
1982-12-09,-0.011221
1982-12-10,-0.005133
1982-12-13,0.001970
1982-12-14,-0.015358
1982-12-15,-0.016237
1982-12-16,-0.000727
1982-12-17,0.014598
1982-12-20,-0.007587
1982-12-21,0.013782
1982-12-22,0.002771
1982-12-23,0.006149
1982-12-27,0.014304
1982-12-28,-0.007813
1982-12-29,0.003532
1982-12-30,-0.004926
1982-12-31,0.003699
1983-01-03,-0.014013
1983-01-04,0.017079
1983-01-05,0.006079
1983-01-06,0.023671
1983-01-07,0.001316
1983-01-10,0.011369
1983-01-11,-0.005186
1983-01-12,0.006125
1983-01-13,-0.004699
1983-01-14,0.006538
1983-01-17,0.002462
1983-01-18,-0.001558
1983-01-19,-0.007410
1983-01-20,0.005262
1983-01-21,-0.014856
1983-01-24,-0.027551
1983-01-25,0.010896
1983-01-26,0.000841
1983-01-27,0.017735
1983-01-28,0.002515
1983-01-31,0.005829
1983-02-01,-0.011421
1983-02-02,0.000381
1983-02-03,0.007357
1983-02-04,0.013003
1983-02-07,0.005824
1983-02-08,-0.006481
1983-02-09,-0.003238
1983-02-10,0.015347
1983-02-11,0.001860
1983-02-14,0.008933
1983-02-15,-0.001436
1983-02-16,-0.004853
1983-02-17,-0.000619
1983-02-18,0.004418
1983-02-22,-0.014115
1983-02-23,0.007629
1983-02-24,0.017121
1983-02-25,0.001178
1983-02-28,-0.010408
1983-03-01,0.015689
1983-03-02,0.009164
1983-03-03,0.007947
1983-03-04,0.001889
1983-03-07,0.000343
1983-03-08,-0.013045
1983-03-09,0.009429
1983-03-10,-0.004651
1983-03-11,-0.003208
1983-03-14,-0.004055
1983-03-15,0.002285
1983-03-16,-0.007738
1983-03-17,-0.002091
1983-03-18,0.002051
1983-03-21,0.006878
1983-03-22,-0.001812
1983-03-23,0.012126
1983-03-24,0.004118
1983-03-25,-0.002578
1983-03-28,-0.005463
1983-03-29,-0.001178
1983-03-30,0.009967
1983-03-31,-0.001108
1983-04-04,-0.000282
1983-04-05,-0.005460
1983-04-06,-0.006292
1983-04-07,0.003594
1983-04-08,0.006177
1983-04-11,0.013077
1983-04-12,0.004762
1983-04-13,0.007298
1983-04-14,0.008753
1983-04-15,0.005110
1983-04-18,0.006220
1983-04-19,-0.005623
1983-04-20,0.011711
1983-04-21,-0.002022
1983-04-22,0.002739
1983-04-25,-0.008800
1983-04-26,0.015201
1983-04-27,-0.000801
1983-04-28,0.008968
1983-04-29,0.007844
1983-05-02,-0.011874
1983-05-03,0.000596
1983-05-04,0.008339
1983-05-05,0.008816
1983-05-06,0.011973
1983-05-09,0.000432
1983-05-10,0.002652
1983-05-11,-0.005073
1983-05-12,-0.003404
1983-05-13,0.004770
1983-05-16,-0.009530
1983-05-17,0.003776
1983-05-18,0.000476
1983-05-19,-0.006663
1983-05-20,0.000037
1983-05-23,0.007053
1983-05-24,0.012795
1983-05-25,0.005354
1983-05-26,-0.001841
1983-05-27,-0.003565
1983-05-31,-0.011352
1983-06-01,0.000095
1983-06-02,0.008008
1983-06-03,0.004295
1983-06-06,0.003241
1983-06-07,-0.009224
1983-06-08,-0.008099
1983-06-09,0.002796
1983-06-10,0.006823
1983-06-13,0.011686
1983-06-14,0.004449
1983-06-15,0.008839
1983-06-16,0.010842
1983-06-17,0.000270
1983-06-20,-0.000819
1983-06-21,0.007582
1983-06-22,0.003292
1983-06-23,-0.001965
1983-06-24,0.001964
1983-06-27,-0.011621
1983-06-28,-0.018035
1983-06-29,0.004601
1983-06-30,0.008826
1983-07-01,0.005953
1983-07-05,-0.012514
1983-07-06,0.010550
1983-07-07,-0.004097
1983-07-08,-0.002115
1983-07-11,0.004909
1983-07-12,-0.013889
1983-07-13,-0.002446
1983-07-14,0.003386
1983-07-15,-0.009653
1983-07-18,-0.003899
1983-07-19,0.005022
1983-07-20,0.023642
1983-07-21,0.001018
1983-07-22,0.000200
1983-07-25,0.003279
1983-07-26,0.003997
1983-07-27,-0.014831
1983-07-28,-0.015697
1983-07-29,-0.014221
1983-08-01,-0.004675
1983-08-02,-0.000239
1983-08-03,0.005496
1983-08-04,-0.011558
1983-08-05,0.002951
1983-08-08,-0.014800
1983-08-09,0.003360
1983-08-10,0.008072
1983-08-11,0.001370
1983-08-12,0.005785
1983-08-15,0.008569
1983-08-16,-0.003130
1983-08-17,0.009542
1983-08-18,-0.007185
1983-08-19,0.001575
1983-08-22,0.001123
1983-08-23,-0.009567
1983-08-24,-0.008620
1983-08-25,-0.002904
1983-08-26,0.006521
1983-08-29,0.000034
1983-08-30,0.002037
1983-08-31,0.010113
1983-09-01,0.000573
1983-09-02,0.006845
1983-09-06,0.015024
1983-09-07,0.000801
1983-09-08,0.000316
1983-09-09,-0.001306
1983-09-12,-0.008121
1983-09-13,-0.005571
1983-09-14,0.002776
1983-09-15,-0.004344
1983-09-16,0.008400
1983-09-19,0.010670
1983-09-20,0.007635
1983-09-21,-0.003813
1983-09-22,0.007511
1983-09-23,-0.000999
1983-09-26,0.001788
1983-09-27,-0.008777
1983-09-28,-0.002454
1983-09-29,-0.003697
1983-09-30,-0.006763
1983-10-03,-0.003057
1983-10-04,0.002782
1983-10-05,0.006762
1983-10-06,0.013117
1983-10-07,0.003199
1983-10-10,0.007693
1983-10-11,-0.011389
1983-10-12,-0.005652
1983-10-13,-0.000282
1983-10-14,0.000291
1983-10-17,0.001481
1983-10-18,-0.015484
1983-10-19,-0.007779
1983-10-20,0.002040
1983-10-21,-0.006769
1983-10-24,-0.001050
1983-10-25,0.002976
1983-10-26,-0.005568
1983-10-27,-0.003305
1983-10-28,-0.007451
1983-10-31,-0.000640
1983-11-01,0.000054
1983-11-02,0.008294
1983-11-03,-0.005603
1983-11-04,-0.005427
1983-11-07,-0.003675
1983-11-08,-0.001818
1983-11-09,0.011179
1983-11-10,0.003910
1983-11-11,0.011902
1983-11-14,0.003933
1983-11-15,-0.005147
1983-11-16,0.004143
1983-11-17,0.000889
1983-11-18,-0.003945
1983-11-21,0.005020
1983-11-22,0.004250
1983-11-23,0.000860
1983-11-25,0.002638
1983-11-28,-0.002958
1983-11-29,0.007495
1983-11-30,-0.006439
1983-12-01,0.000711
1983-12-02,-0.006176
1983-12-05,0.000088
1983-12-06,-0.001750
1983-12-07,0.002297
1983-12-08,-0.004432
1983-12-09,0.000168
1983-12-12,0.001665
1983-12-13,-0.003488
1983-12-14,-0.009241
1983-12-15,-0.008078
1983-12-16,0.003166
1983-12-19,-0.000523
1983-12-20,-0.002148
1983-12-21,0.007845
1983-12-22,-0.001333
1983-12-23,0.000185
1983-12-27,0.006868
1983-12-28,0.002511
1983-12-29,-0.001335
1983-12-30,0.002336
1984-01-03,-0.004344
1984-01-04,0.014762
1984-01-05,0.012746
1984-01-06,0.004296
1984-01-09,-0.002152
1984-01-10,-0.003871
1984-01-11,-0.000719
1984-01-12,-0.000106
1984-01-13,-0.003366
1984-01-16,0.000049
1984-01-17,0.003087
1984-01-18,-0.001362
1984-01-19,-0.002826
1984-01-20,-0.005557
1984-01-23,-0.008842
1984-01-24,0.003471
1984-01-25,-0.005670
1984-01-26,-0.004177
1984-01-27,-0.002169
1984-01-30,-0.008460
1984-01-31,0.001389
1984-02-01,-0.004185
1984-02-02,0.003037
1984-02-03,-0.012919
1984-02-06,-0.016164
1984-02-07,0.001627
1984-02-08,-0.016362
1984-02-09,-0.004763
1984-02-10,0.005280
1984-02-13,-0.009340
1984-02-14,0.009503
1984-02-15,-0.001106
1984-02-16,-0.001481
1984-02-17,-0.002398
1984-02-21,-0.006836
1984-02-22,-0.002112
1984-02-23,-0.001755
1984-02-24,0.019746
1984-02-27,0.011991
1984-02-28,-0.013312
1984-02-29,0.002686
1984-03-01,0.006781
1984-03-02,0.006998
1984-03-05,-0.007283
1984-03-06,-0.009547
1984-03-07,-0.010654
1984-03-08,0.003234
1984-03-09,-0.004391
1984-03-12,0.010156
1984-03-13,0.004244
1984-03-14,-0.000147
1984-03-15,0.004529
1984-03-16,0.010500
1984-03-19,-0.008733
1984-03-20,0.005502
1984-03-21,-0.001019
1984-03-22,-0.010032
1984-03-23,-0.000529
1984-03-26,-0.000440
1984-03-27,0.002870
1984-03-28,0.013606
1984-03-29,-0.000847
1984-03-30,-0.001021
1984-04-02,-0.006246
1984-04-03,-0.002913
1984-04-04,-0.000638
1984-04-05,-0.014803
1984-04-06,0.000229
1984-04-09,-0.000400
1984-04-10,0.002319
1984-04-11,-0.005367
1984-04-12,0.013830
1984-04-13,-0.000357
1984-04-16,0.004788
1984-04-17,0.004741
1984-04-18,-0.005301
1984-04-19,0.000330
1984-04-23,-0.006429
1984-04-24,0.005716
1984-04-25,0.003333
1984-04-26,0.009886
1984-04-27,-0.000607
1984-04-30,0.000827
1984-05-01,0.009933
1984-05-02,0.003941
1984-05-03,-0.002344
1984-05-04,-0.009939
1984-05-07,0.001483
1984-05-08,0.006456
1984-05-09,-0.002048
1984-05-10,-0.000899
1984-05-11,-0.008238
1984-05-14,-0.006165
1984-05-15,0.002581
1984-05-16,-0.000192
1984-05-17,-0.009415
1984-05-18,-0.005763
1984-05-21,-0.005673
1984-05-22,-0.006853
1984-05-23,-0.004376
1984-05-24,-0.013449
1984-05-25,0.002077
1984-05-29,-0.007740
1984-05-30,-0.000115
1984-05-31,0.003233
1984-06-01,0.016605
1984-06-04,0.008831
1984-06-05,-0.003435
1984-06-06,0.006855
1984-06-07,0.000322
1984-06-08,0.001643
1984-06-11,-0.011432
1984-06-12,-0.004404
1984-06-13,-0.000294
1984-06-14,-0.009751
1984-06-15,-0.006095
1984-06-18,0.013738
1984-06-19,0.005689
1984-06-20,0.010727
1984-06-21,-0.000181
1984-06-22,0.001001
1984-06-25,-0.001482
1984-06-26,-0.007479
1984-06-27,-0.006650
1984-06-28,0.006625
1984-06-29,0.002883
1984-07-02,-0.001311
1984-07-03,0.003269
1984-07-05,-0.005005
1984-07-06,-0.003386
1984-07-09,0.005388
1984-07-10,-0.002239
1984-07-11,-0.012796
1984-07-12,-0.003900
1984-07-13,0.004625
1984-07-16,0.002144
1984-07-17,0.003767
1984-07-18,-0.005521
1984-07-19,-0.006344
1984-07-20,-0.005437
1984-07-23,-0.006247
1984-07-24,-0.006572
1984-07-25,0.004692
1984-07-26,0.008041
1984-07-27,0.007930
1984-07-30,-0.004354
1984-07-31,0.002773
1984-08-01,0.020648
1984-08-02,0.024600
1984-08-03,0.028568
1984-08-06,0.004134
1984-08-07,0.000308
1984-08-08,-0.004531
1984-08-09,0.020131
1984-08-10,0.002686
1984-08-13,-0.001010
1984-08-14,-0.004669
1984-08-15,-0.007684
1984-08-16,0.005439
1984-08-17,0.001378
1984-08-20,0.003275
1984-08-21,0.015624
1984-08-22,-0.002490
1984-08-23,0.001191
1984-08-24,0.002119
1984-08-27,-0.005171
1984-08-28,0.005166
1984-08-29,-0.000187
1984-08-30,-0.002541
1984-08-31,0.001083
1984-09-04,-0.008476
1984-09-05,-0.003676
1984-09-06,0.007212
1984-09-07,-0.005862
1984-09-10,-0.000827
1984-09-11,0.002140
1984-09-12,0.000162
1984-09-13,0.016197
1984-09-14,0.006400
1984-09-17,0.000557
1984-09-18,-0.005264
1984-09-19,-0.003624
1984-09-20,0.002753
1984-09-21,-0.007421
1984-09-24,-0.002920
1984-09-25,0.000669
1984-09-26,0.003061
1984-09-27,0.003405
1984-09-28,-0.003791
1984-10-01,-0.008103
1984-10-02,-0.006102
1984-10-03,-0.006162
1984-10-04,0.001965
1984-10-05,-0.000631
1984-10-08,-0.003467
1984-10-09,-0.001916
1984-10-10,0.001674
1984-10-11,0.004223
1984-10-12,0.008418
1984-10-15,0.008178
1984-10-16,-0.003963
1984-10-17,-0.003172
1984-10-18,0.018888
1984-10-19,0.001142
1984-10-22,-0.003161
1984-10-23,-0.001202
1984-10-24,0.000301
1984-10-25,-0.004891
1984-10-26,-0.006066
1984-10-29,-0.003064
1984-10-30,0.010455
1984-10-31,-0.002960
1984-11-01,0.007025
1984-11-02,0.001325
1984-11-05,0.006687
1984-11-06,0.009764
1984-11-07,-0.006362
1984-11-08,-0.001934
1984-11-09,-0.003954
1984-11-12,-0.001723
1984-11-13,-0.007028
1984-11-14,-0.000723
1984-11-15,-0.000930
1984-11-16,-0.008409
1984-11-19,-0.006940
1984-11-20,0.004686
1984-11-21,0.002190
1984-11-23,0.012953
1984-11-26,-0.006195
1984-11-27,0.004440
1984-11-28,-0.006651
1984-11-29,-0.006324
1984-11-30,-0.002406
1984-12-03,-0.004298
1984-12-04,0.002071
1984-12-05,-0.006840
1984-12-06,0.002653
1984-12-07,-0.001755
1984-12-10,0.002592
1984-12-11,0.001991
1984-12-12,-0.002089
1984-12-13,-0.003781
1984-12-14,0.004826
1984-12-17,0.004683
1984-12-18,0.023976
1984-12-19,-0.002476
1984-12-20,-0.003653
1984-12-21,-0.003184
1984-12-24,0.006822
1984-12-26,-0.001116
1984-12-27,-0.004013
1984-12-28,0.002602
1984-12-31,0.004954
1985-01-02,-0.008738
1985-01-03,-0.003193
1985-01-04,-0.004071
1985-01-07,0.002611
1985-01-08,-0.000440
1985-01-09,0.006510
1985-01-10,0.017075
1985-01-11,-0.000536
1985-01-14,0.014039
1985-01-15,0.003053
1985-01-16,0.003976
1985-01-17,-0.000804
1985-01-18,0.003258
1985-01-21,0.020114
1985-01-22,0.002493
1985-01-23,0.010058
1985-01-24,-0.001174
1985-01-25,0.004314
1985-01-28,0.002293
1985-01-29,0.008297
1985-01-30,0.003030
1985-01-31,0.000734
1985-02-01,-0.004217
1985-02-04,0.009671
1985-02-05,0.003451
1985-02-06,0.001366
1985-02-07,0.008118
1985-02-08,0.002607
1985-02-11,-0.007415
1985-02-12,-0.000027
1985-02-13,0.013652
1985-02-14,-0.002959
1985-02-15,-0.003966
1985-02-19,-0.001205
1985-02-20,0.000302
1985-02-21,-0.005380
1985-02-22,-0.004028
1985-02-25,-0.002606
1985-02-26,0.008690
1985-02-27,-0.001177
1985-02-28,0.002215
1985-03-01,0.010510
1985-03-04,-0.004732
1985-03-05,0.000717
1985-03-06,-0.007570
1985-03-07,-0.005603
1985-03-08,-0.002358
1985-03-11,-0.001850
1985-03-12,0.003364
1985-03-13,-0.008328
1985-03-14,-0.001121
1985-03-15,-0.004104
1985-03-18,-0.000794
1985-03-19,0.012643
1985-03-20,-0.001675
1985-03-21,0.001601
1985-03-22,-0.001787
1985-03-25,-0.005511
1985-03-26,0.001909
1985-03-27,0.006083
1985-03-28,0.001341
1985-03-29,0.005897
1985-04-01,0.002861
1985-04-02,-0.003397
1985-04-03,-0.007093
1985-04-04,-0.000448
1985-04-08,-0.003839
1985-04-09,0.000847
1985-04-10,0.006488
1985-04-11,0.004518
1985-04-12,0.001705
1985-04-15,0.002389
1985-04-16,0.001814
1985-04-17,0.002456
1985-04-18,-0.003870
1985-04-19,0.001241
1985-04-22,-0.002235
1985-04-23,0.005330
1985-04-24,0.001694
1985-04-25,0.005174
1985-04-26,-0.004892
1985-04-29,-0.007751
1985-04-30,-0.005008
1985-05-01,-0.006369
1985-05-02,0.001479
1985-05-03,0.005796
1985-05-06,0.000425
1985-05-07,0.004319
1985-05-08,-0.000024
1985-05-09,0.007696
1985-05-10,0.012963
1985-05-13,0.001813
1985-05-14,-0.002605
1985-05-15,0.003528
1985-05-16,0.005813
1985-05-17,0.009145
1985-05-20,0.011666
1985-05-21,-0.000161
1985-05-22,-0.005491
1985-05-23,-0.004653
1985-05-24,0.003407
1985-05-28,-0.001145
1985-05-29,-0.000656
1985-05-30,0.000076
1985-05-31,0.007600
1985-06-03,0.000707
1985-06-04,0.003781
1985-06-05,0.001515
1985-06-06,0.003499
1985-06-07,-0.005852
1985-06-10,-0.001010
1985-06-11,-0.001831
1985-06-12,-0.005733
1985-06-13,-0.010503
1985-06-14,0.007449
1985-06-17,-0.002323
1985-06-18,0.003804
1985-06-19,-0.001888
1985-06-20,-0.000450
1985-06-21,0.010784
1985-06-24,0.000670
1985-06-25,0.003554
1985-06-26,0.001836
1985-06-27,0.005781
1985-06-28,0.003419
1985-07-01,0.003018
1985-07-02,-0.000881
1985-07-03,-0.001760
1985-07-05,0.005528
1985-07-08,-0.002969
1985-07-09,-0.003359
1985-07-10,0.006053
1985-07-11,0.003464
1985-07-12,0.002224
1985-07-15,-0.001068
1985-07-16,0.009832
1985-07-17,0.004315
1985-07-18,-0.005014
1985-07-19,0.003323
1985-07-22,-0.004280
1985-07-23,-0.007853
1985-07-24,-0.005623
1985-07-25,0.001260
1985-07-26,0.001566
1985-07-29,-0.013348
1985-07-30,0.000898
1985-07-31,0.004882
1985-08-01,0.006927
1985-08-02,-0.002154
1985-08-05,-0.005030
1985-08-06,-0.011754
1985-08-07,-0.002614
1985-08-08,0.007149
1985-08-09,-0.001766
1985-08-12,-0.002927
1985-08-13,-0.001736
1985-08-14,0.001219
1985-08-15,-0.000265
1985-08-16,-0.005204
1985-08-19,0.001273
1985-08-20,0.006553
1985-08-21,0.004775
1985-08-22,-0.007316
1985-08-23,-0.000765
1985-08-26,0.001402
1985-08-27,0.003499
1985-08-28,0.003377
1985-08-29,0.000992
1985-08-30,-0.000174
1985-09-03,-0.004114
1985-09-04,-0.003030
1985-09-05,-0.000199
1985-09-06,0.004259
1985-09-09,0.000872
1985-09-10,-0.007095
1985-09-11,-0.009884
1985-09-12,-0.007640
1985-09-13,-0.005866
1985-09-16,-0.001059
1985-09-17,-0.009385
1985-09-18,0.001089
1985-09-19,0.009132
1985-09-20,-0.004032
1985-09-23,0.009642
1985-09-24,-0.007236
1985-09-25,-0.009726
1985-09-26,0.001235
1985-09-30,0.002809
1985-10-01,0.013882
1985-10-02,-0.003484
1985-10-03,0.001357
1985-10-04,-0.004979
1985-10-07,-0.006426
1985-10-08,-0.001199
1985-10-09,0.003486
1985-10-10,0.002270
1985-10-11,0.007840
1985-10-14,0.009945
1985-10-15,-0.000910
1985-10-16,0.008456
1985-10-17,0.000498
1985-10-18,-0.001863
1985-10-21,-0.000754
1985-10-22,0.005132
1985-10-23,0.004704
1985-10-24,-0.001823
1985-10-25,-0.004815
1985-10-28,0.000864
1985-10-29,0.007225
1985-10-30,0.004438
1985-10-31,-0.000110
1985-11-01,0.007601
1985-11-04,-0.000125
1985-11-05,0.005889
1985-11-06,0.003142
1985-11-07,0.000622
1985-11-08,0.007060
1985-11-11,0.015019
1985-11-12,0.005058
1985-11-13,-0.004357
1985-11-14,0.008464
1985-11-15,-0.002880
1985-11-18,0.001902
1985-11-19,0.000871
1985-11-20,0.001242
1985-11-21,0.010924
1985-11-22,0.002128
1985-11-25,-0.004852
1985-11-26,0.001261
1985-11-27,0.008094
1985-11-29,0.000314
1985-12-02,-0.007368
1985-12-03,0.002244
1985-12-04,0.014779
1985-12-05,-0.000497
1985-12-06,-0.004723
1985-12-09,0.005069
1985-12-10,0.000667
1985-12-11,0.008413
1985-12-12,0.002875
1985-12-13,0.013634
1985-12-16,0.007686
1985-12-17,-0.005665
1985-12-18,-0.003937
1985-12-19,0.000608
1985-12-20,0.004045
1985-12-23,-0.009443
1985-12-24,-0.005130
1985-12-26,0.002217
1985-12-27,0.008816
1985-12-30,0.004190
1985-12-31,0.003518
1986-01-02,-0.005903
1986-01-03,0.005688
1986-01-06,-0.000138
1986-01-07,0.013809
1986-01-08,-0.020744
1986-01-09,-0.011219
1986-01-10,0.000083
1986-01-13,0.002750
1986-01-14,0.000366
1986-01-15,0.008206
1986-01-16,0.004702
1986-01-17,-0.001741
1986-01-20,-0.003735
1986-01-21,-0.006992
1986-01-22,-0.009593
1986-01-23,0.002665
1986-01-24,0.009683
1986-01-27,0.004343
1986-01-28,0.009631
1986-01-29,0.002445
1986-01-30,-0.003073
1986-01-31,0.009399
1986-02-03,0.008703
1986-02-04,-0.003191
1986-02-05,0.000850
1986-02-06,0.003298
1986-02-07,0.005250
1986-02-10,0.006548
1986-02-11,0.000235
1986-02-12,0.001704
1986-02-13,0.005485
1986-02-14,0.008770
1986-02-18,0.010944
1986-02-19,-0.008664
1986-02-20,0.008370
1986-02-21,0.010093
1986-02-24,-0.000822
1986-02-25,-0.001531
1986-02-26,0.001377
1986-02-27,0.011100
1986-02-28,0.001982
1986-03-03,-0.003598
1986-03-04,-0.001041
1986-03-05,-0.001620
1986-03-06,0.004543
1986-03-07,0.001744
1986-03-10,0.004365
1986-03-11,0.018869
1986-03-12,0.005044
1986-03-13,0.002131
1986-03-14,0.010278
1986-03-17,-0.007085
1986-03-18,0.004968
1986-03-19,-0.001350
1986-03-20,0.004234
1986-03-21,-0.007217
1986-03-24,0.003255
1986-03-25,-0.002417
1986-03-26,0.009802
1986-03-27,0.007167
1986-03-31,0.000801
1986-04-01,-0.011717
1986-04-02,0.001289
1986-04-03,-0.009560
1986-04-04,-0.013887
1986-04-07,-0.002678
1986-04-08,0.018684
1986-04-09,0.002362
1986-04-10,0.009745
1986-04-11,-0.000478
1986-04-14,0.005372
1986-04-15,0.001654
1986-04-16,0.017141
1986-04-17,0.003249
1986-04-18,-0.000695
1986-04-21,0.007571
1986-04-22,-0.007770
1986-04-23,-0.004023
1986-04-24,0.002155
1986-04-25,0.000314
1986-04-28,0.001947
1986-04-29,-0.009243
1986-04-30,-0.018370
1986-05-01,-0.001715
1986-05-02,-0.000187
1986-05-05,0.011256
1986-05-06,-0.000866
1986-05-07,-0.003966
1986-05-08,0.005194
1986-05-09,0.003277
1986-05-12,-0.001280
1986-05-13,-0.003563
1986-05-14,0.003771
1986-05-15,-0.010390
1986-05-16,-0.005385
1986-05-19,0.000941
1986-05-20,0.010102
1986-05-21,-0.001485
1986-05-22,0.015974
1986-05-23,0.005554
1986-05-27,0.012729
1986-05-28,0.006820
1986-05-29,0.004247
1986-05-30,-0.000871
1986-06-02,-0.007502
1986-06-03,0.001167
1986-06-04,-0.004616
1986-06-05,0.004404
1986-06-06,0.000329
1986-06-09,-0.019374
1986-06-10,-0.002085
1986-06-11,0.006348
1986-06-12,0.001987
1986-06-13,0.014414
1986-06-16,0.000177
1986-06-17,-0.005433
1986-06-18,0.000710
1986-06-19,-0.001528
1986-06-20,0.007540
1986-06-23,-0.004786
1986-06-24,0.007786
1986-06-25,0.007108
1986-06-26,-0.000353
1986-06-27,0.003151
1986-06-30,0.005388
1986-07-01,0.004584
1986-07-02,0.003451
1986-07-03,-0.001894
1986-07-07,-0.028343
1986-07-08,-0.014792
1986-07-09,0.006736
1986-07-10,0.000214
1986-07-11,-0.000794
1986-07-14,-0.016007
1986-07-15,-0.016470
1986-07-16,0.003931
1986-07-17,0.004456
1986-07-18,0.000692
1986-07-21,-0.001394
1986-07-22,0.007252
1986-07-23,0.001278
1986-07-24,-0.002720
1986-07-25,0.007468
1986-07-28,-0.015745
1986-07-29,-0.006468
1986-07-30,0.004999
1986-07-31,-0.000943
1986-08-01,-0.003907
1986-08-04,0.001310
1986-08-05,0.003844
1986-08-06,-0.001314
1986-08-07,0.002639
1986-08-08,0.000450
1986-08-11,0.014822
1986-08-12,0.010608
1986-08-13,0.009113
1986-08-14,0.003932
1986-08-15,0.002669
1986-08-18,0.000678
1986-08-19,-0.002423
1986-08-20,0.010853
1986-08-21,-0.000078
1986-08-22,0.001527
1986-08-25,-0.007474
1986-08-26,0.015298
1986-08-27,0.001865
1986-08-28,-0.000587
1986-08-29,0.000754
1986-09-02,-0.013282
1986-09-03,0.002953
1986-09-04,0.012870
1986-09-05,-0.011584
1986-09-08,-0.010801
1986-09-09,-0.002734
1986-09-10,-0.004225
1986-09-11,-0.043469
1986-09-12,-0.017739
1986-09-15,0.002875
1986-09-16,-0.001885
1986-09-17,0.003082
1986-09-18,0.001743
1986-09-19,-0.000142
1986-09-22,0.010520
1986-09-23,0.004834
1986-09-24,0.003865
1986-09-25,-0.015033
1986-09-26,0.000657
1986-09-29,-0.009524
1986-09-30,0.006641
1986-10-01,0.008137
1986-10-02,0.001751
1986-10-03,-0.000563
1986-10-06,0.003386
1986-10-07,-0.001490
1986-10-08,0.007583
1986-10-09,-0.002355
1986-10-10,-0.000723
1986-10-13,0.001346
1986-10-14,-0.002374
1986-10-15,0.011941
1986-10-16,0.002945
1986-10-17,-0.002519
1986-10-20,-0.009411
1986-10-21,-0.000263
1986-10-22,0.001406
1986-10-23,0.010694
1986-10-24,-0.002450
1986-10-27,0.002016
1986-10-28,0.002217
1986-10-29,0.005991
1986-10-30,0.010147
1986-10-31,0.001005
1986-11-03,0.006018
1986-11-04,0.002232
1986-11-05,0.002628
1986-11-06,-0.002127
1986-11-07,-0.000072
1986-11-10,0.000862
1986-11-11,0.003228
1986-11-12,-0.001627
1986-11-13,-0.012212
1986-11-14,0.004410
1986-11-17,-0.005530
1986-11-18,-0.021829
1986-11-19,-0.000487
1986-11-20,0.015495
1986-11-21,0.012645
1986-11-24,0.005465
1986-11-25,0.002661
1986-11-26,0.001481
1986-11-28,0.002269
1986-12-01,-0.001472
1986-12-02,0.016937
1986-12-03,0.001140
1986-12-04,-0.001501
1986-12-05,-0.006267
1986-12-08,-0.000944
1986-12-09,-0.006559
1986-12-10,0.005251
1986-12-11,-0.009055
1986-12-12,-0.003865
1986-12-15,0.001040
1986-12-16,0.006217
1986-12-17,-0.008011
1986-12-18,-0.003373
1986-12-19,0.008650
1986-12-22,-0.003135
1986-12-23,-0.009425
1986-12-24,0.003518
1986-12-26,0.001323
1986-12-29,-0.008515
1986-12-30,-0.005100
1986-12-31,-0.003144
1987-01-02,0.017768
1987-01-05,0.024423
1987-01-06,0.004477
1987-01-07,0.011500
1987-01-08,0.008457
1987-01-09,0.006209
1987-01-12,0.007585
1987-01-13,-0.000472
1987-01-14,0.009515
1987-01-15,0.008826
1987-01-16,-0.000396
1987-01-19,0.009770
1987-01-20,-0.000856
1987-01-21,-0.004804
1987-01-22,0.018580
1987-01-23,-0.010759
1987-01-26,-0.003463
1987-01-27,0.013191
1987-01-28,0.005567
1987-01-29,-0.003318
1987-01-30,0.000033
1987-02-02,0.010036
1987-02-03,0.000104
1987-02-04,0.012862
1987-02-05,0.007423
1987-02-06,-0.001664
1987-02-09,-0.005887
1987-02-10,-0.009694
1987-02-11,0.008719
1987-02-12,-0.004356
1987-02-13,0.012434
1987-02-17,0.016704
1987-02-18,-0.000057
1987-02-19,0.001109
1987-02-20,-0.000039
1987-02-23,-0.008504
1987-02-24,0.002070
1987-02-25,0.004260
1987-02-26,-0.001853
1987-02-27,0.003887
1987-03-02,-0.002039
1987-03-03,0.002558
1987-03-04,0.012900
1987-03-05,0.006382
1987-03-06,0.000308
1987-03-09,-0.006488
1987-03-10,0.007867
1987-03-11,-0.000318
1987-03-12,0.003340
1987-03-13,-0.003239
1987-03-16,-0.005593
1987-03-17,0.012377
1987-03-18,0.001350
1987-03-19,0.004227
1987-03-20,0.010720
1987-03-23,0.006477
1987-03-24,0.001291
1987-03-25,-0.002386
1987-03-26,0.001899
1987-03-27,-0.012282
1987-03-30,-0.022375
1987-03-31,0.006995
1987-04-01,0.001021
1987-04-02,0.004601
1987-04-03,0.019430
1987-04-06,0.004258
1987-04-07,-0.013273
1987-04-08,0.000745
1987-04-09,-0.013001
1987-04-10,-0.002385
1987-04-13,-0.019877
1987-04-14,-0.024666
1987-04-15,0.015695
1987-04-16,0.009728
1987-04-20,-0.003029
1987-04-21,0.016851
1987-04-22,-0.013839
1987-04-23,-0.002201
1987-04-24,-0.015870
1987-04-27,-0.002210
1987-04-28,0.004607
1987-04-29,0.006752
1987-04-30,0.011084
1987-05-01,-0.001035
1987-05-04,0.003318
1987-05-05,0.017619
1987-05-06,0.001091
1987-05-07,-0.000889
1987-05-08,-0.002642
1987-05-11,-0.003799
1987-05-12,0.002543
1987-05-13,0.002192
1987-05-14,0.000516
1987-05-15,-0.018699
1987-05-18,-0.006290
1987-05-19,-0.019958
1987-05-20,-0.005659
1987-05-21,0.006366
1987-05-22,0.004141
1987-05-26,0.020973
1987-05-27,0.000554
1987-05-28,0.005577
1987-05-29,-0.000084
1987-06-01,-0.000345
1987-06-02,-0.004043
1987-06-03,0.013368
1987-06-04,0.005293
1987-06-05,-0.002719
1987-06-08,0.008807
1987-06-09,0.002271
1987-06-10,0.001546
1987-06-11,0.003454
1987-06-12,0.008529
1987-06-15,0.003933
1987-06-16,0.004473
1987-06-17,0.000846
1987-06-18,0.002250
1987-06-19,0.003066
1987-06-22,0.006103
1987-06-23,-0.002938
1987-06-24,-0.003949
1987-06-25,0.005660
1987-06-26,-0.003976
1987-06-29,0.000949
1987-06-30,-0.009711
1987-07-01,-0.001935
1987-07-02,0.006446
1987-07-06,-0.001008
1987-07-07,0.006535
1987-07-08,0.002883
1987-07-09,-0.001138
1987-07-10,0.002136
1987-07-13,-0.001497
1987-07-14,0.008981
1987-07-15,-0.000296
1987-07-16,0.006095
1987-07-17,0.004605
1987-07-20,-0.007779
1987-07-21,-0.007881
1987-07-22,-0.000946
1987-07-23,-0.002735
1987-07-24,0.003734
1987-07-27,0.003828
1987-07-28,0.004836
1987-07-29,0.009066
1987-07-30,0.007182
1987-07-31,0.002215
1987-08-03,-0.002621
1987-08-04,-0.003042
1987-08-05,0.006728
1987-08-06,0.010551
1987-08-07,0.003795
1987-08-10,0.013034
1987-08-11,0.013198
1987-08-12,-0.001786
1987-08-13,0.006071
1987-08-14,-0.001001
1987-08-17,0.000621
1987-08-18,-0.013722
1987-08-19,0.001368
1987-08-20,0.013898
1987-08-21,0.002952
1987-08-24,-0.005794
1987-08-25,0.008123
1987-08-26,-0.004455
1987-08-27,-0.007617
1987-08-28,-0.010623
1987-08-31,0.007310
1987-09-01,-0.014959
1987-09-02,-0.006357
1987-09-03,-0.004136
1987-09-04,-0.008629
1987-09-08,-0.012709
1987-09-09,0.002231
1987-09-10,0.009396
1987-09-11,0.013199
1987-09-14,0.002331
1987-09-15,-0.012650
1987-09-16,-0.007277
1987-09-17,-0.000205
1987-09-18,-0.000398
1987-09-21,-0.012306
1987-09-22,0.021020
1987-09-23,0.005914
1987-09-24,-0.002234
1987-09-25,0.001318
1987-09-28,0.007394
1987-09-29,-0.002978
1987-09-30,0.001898
1987-10-01,0.013786
1987-10-02,0.003272
1987-10-05,0.000801
1987-10-06,-0.021636
1987-10-07,-0.003690
1987-10-08,-0.012758
1987-10-09,-0.007670
1987-10-12,-0.007203
1987-10-13,0.012561
1987-10-14,-0.023689
1987-10-15,-0.021937
1987-10-16,-0.047189
1987-10-19,-0.171346
1987-10-20,0.004084
1987-10-21,0.086614
1987-10-22,-0.039584
1987-10-23,-0.005845
1987-10-26,-0.082593
1987-10-27,0.015646
1987-10-28,-0.002139
1987-10-29,0.045926
1987-10-30,0.037745
1987-11-02,0.012715
1987-11-03,-0.019031
1987-11-04,-0.006246
1987-11-05,0.020305
1987-11-06,-0.010334
1987-11-09,-0.024561
1987-11-10,-0.017249
1987-11-11,0.010300
1987-11-12,0.024105
1987-11-13,-0.007350
1987-11-16,0.002760
1987-11-17,-0.014469
1987-11-18,0.008840
1987-11-19,-0.019646
1987-11-20,0.005124
1987-11-23,0.003841
1987-11-24,0.013535
1987-11-25,-0.005197
1987-11-27,-0.010562
1987-11-30,-0.039308
1987-12-01,0.005207
1987-12-02,0.004233
1987-12-03,-0.029882
1987-12-04,-0.010524
1987-12-07,0.016420
1987-12-08,0.022681
1987-12-09,0.016316
1987-12-10,-0.015894
1987-12-11,0.006124
1987-12-14,0.026406
1987-12-15,0.003886
1987-12-16,0.019315
1987-12-17,-0.013370
1987-12-18,0.021998
1987-12-21,0.003441
1987-12-22,-0.000362
1987-12-23,0.012361
1987-12-24,-0.001270
1987-12-28,-0.023265
1987-12-29,-0.003674
1987-12-30,0.011942
1987-12-31,-0.001505
1988-01-04,0.033343
1988-01-05,0.012731
1988-01-06,0.003281
1988-01-07,0.007432
1988-01-08,-0.055349
1988-01-11,0.008823
1988-01-12,-0.008457
1988-01-13,0.002029
1988-01-14,0.000917
1988-01-15,0.022896
1988-01-18,0.000363
1988-01-19,-0.006456
1988-01-20,-0.023297
1988-01-21,0.001567
1988-01-22,0.011769
1988-01-25,0.018643
1988-01-26,-0.007518
1988-01-27,-0.000013
1988-01-28,0.012649
1988-01-29,0.011853
1988-02-01,-0.003041
1988-02-02,0.002235
1988-02-03,-0.010730
1988-02-04,0.000427
1988-02-05,-0.001685
1988-02-08,-0.006637
1988-02-09,0.008420
1988-02-10,0.017143
1988-02-11,-0.000582
1988-02-12,0.005816
1988-02-16,0.007715
1988-02-17,-0.001575
1988-02-18,-0.003239
1988-02-19,0.011305
1988-02-22,0.012815
1988-02-23,-0.000602
1988-02-24,0.000320
1988-02-25,-0.006735
1988-02-26,0.002280
1988-02-29,0.017632
1988-03-01,-0.001395
1988-03-02,0.004295
1988-03-03,0.000874
1988-03-04,-0.000837
1988-03-07,0.001405
1988-03-08,0.007023
1988-03-09,0.001174
1988-03-10,-0.015827
1988-03-11,0.001914
1988-03-14,0.004074
1988-03-15,-0.000410
1988-03-16,0.007715
1988-03-17,0.008568
1988-03-18,0.000232
1988-03-21,-0.007381
1988-03-22,0.000839
1988-03-23,0.001975
1988-03-24,-0.017357
1988-03-25,-0.014355
1988-03-28,-0.003738
1988-03-29,0.007401
1988-03-30,-0.005930
1988-03-31,0.003589
1988-04-04,-0.008695
1988-04-05,0.006661
1988-04-06,0.021472
1988-04-07,0.003115
1988-04-08,0.010830
1988-04-11,0.003143
1988-04-12,0.004725
1988-04-13,0.000035
1988-04-14,-0.036314
1988-04-15,-0.001347
1988-04-18,-0.000504
1988-04-19,-0.002498
1988-04-20,-0.006680
1988-04-21,-0.000425
1988-04-22,0.010678
1988-04-25,0.007246
1988-04-26,0.005979
1988-04-27,0.000416
1988-04-28,-0.003593
1988-04-29,-0.002128
1988-05-02,0.000112
1988-05-03,0.005290
1988-05-04,-0.007139
1988-05-05,-0.005183
1988-05-06,-0.003325
1988-05-09,-0.004081
1988-05-10,0.002391
1988-05-11,-0.015330
1988-05-12,0.002621
1988-05-13,0.009272
1988-05-16,0.005951
1988-05-17,-0.008808
1988-05-18,-0.014658
1988-05-19,0.002625
1988-05-20,0.001509
1988-05-23,-0.006961
1988-05-24,0.008283
1988-05-25,0.002060
1988-05-26,0.003467
1988-05-27,-0.003383
1988-05-31,0.026704
1988-06-01,0.016352
1988-06-02,-0.003372
1988-06-03,0.004588
1988-06-06,0.002788
1988-06-07,-0.004459
1988-06-08,0.019252
1988-06-09,-0.001088
1988-06-10,0.003188
1988-06-13,0.000843
1988-06-14,0.008679
1988-06-15,0.000928
1988-06-16,-0.012378
1988-06-17,0.001668
1988-06-20,-0.004837
1988-06-21,0.008099
1988-06-22,0.012243
1988-06-23,-0.001108
1988-06-24,-0.001849
1988-06-27,-0.013034
1988-06-28,0.009365
1988-06-29,-0.003346
1988-06-30,0.008469
1988-07-01,-0.003512
1988-07-05,0.010905
1988-07-06,-0.010270
1988-07-07,-0.000276
1988-07-08,-0.004532
1988-07-11,0.001065
1988-07-12,-0.007500
1988-07-13,0.003013
1988-07-14,0.002887
1988-07-15,0.004613
1988-07-18,-0.003870
1988-07-19,-0.006931
1988-07-20,0.004322
1988-07-21,-0.009875
1988-07-22,-0.009766
1988-07-25,0.002557
1988-07-26,0.001542
1988-07-27,-0.007999
1988-07-28,0.009565
1988-07-29,0.017264
1988-08-01,0.001980
1988-08-02,0.000116
1988-08-03,0.002871
1988-08-04,-0.001999
1988-08-05,-0.002831
1988-08-08,-0.002968
1988-08-09,-0.010807
1988-08-10,-0.016197
1988-08-11,0.002308
1988-08-12,-0.000621
1988-08-15,-0.012248
1988-08-16,0.005780
1988-08-17,0.001116
1988-08-18,0.001595
1988-08-19,-0.001110
1988-08-22,-0.010852
1988-08-23,-0.000230
1988-08-24,0.012477
1988-08-25,-0.006016
1988-08-26,0.001794
1988-08-29,0.008745
1988-08-30,0.001071
1988-08-31,-0.001882
1988-09-01,-0.010521
1988-09-02,0.018468
1988-09-06,0.003743
1988-09-07,0.001178
1988-09-08,0.001244
1988-09-09,0.003476
1988-09-12,-0.000763
1988-09-13,0.002627
1988-09-14,0.005929
1988-09-15,-0.003263
1988-09-16,0.006757
1988-09-19,-0.004432
1988-09-20,0.003247
1988-09-21,0.001769
1988-09-22,-0.003229
1988-09-23,0.002165
1988-09-26,-0.002889
1988-09-27,-0.001999
1988-09-28,0.002913
1988-09-29,0.010766
1988-09-30,-0.000256
1988-10-03,-0.002777
1988-10-04,-0.001527
1988-10-05,0.003805
1988-10-06,0.001960
1988-10-07,0.015916
1988-10-10,0.001134
1988-10-11,-0.000988
1988-10-12,-0.011645
1988-10-13,0.003119
1988-10-14,0.001373
1988-10-17,0.002251
1988-10-18,0.008018
1988-10-19,-0.006202
1988-10-20,0.016291
1988-10-21,0.001971
1988-10-24,-0.003002
1988-10-25,-0.000141
1988-10-26,-0.002923
1988-10-27,-0.012591
1988-10-28,0.003491
1988-10-31,0.000531
1988-11-01,0.000563
1988-11-02,-0.000056
1988-11-03,0.001010
1988-11-04,-0.007441
1988-11-07,-0.009248
1988-11-08,0.003989
1988-11-09,-0.004913
1988-11-10,0.001292
1988-11-11,-0.017232
1988-11-14,-0.001802
1988-11-15,0.001813
1988-11-16,-0.014877
1988-11-17,0.001023
1988-11-18,0.005878
1988-11-21,-0.001248
1988-11-22,0.002898
1988-11-23,0.006276
1988-11-25,-0.004556
1988-11-28,0.003548
1988-11-29,0.007866
1988-11-30,0.009165
1988-12-01,-0.001301
1988-12-02,-0.001825
1988-12-05,0.008551
1988-12-06,0.008054
1988-12-07,0.001460
1988-12-08,-0.004302
1988-12-09,0.001442
1988-12-12,-0.001510
1988-12-13,-0.001415
1988-12-14,-0.002845
1988-12-15,-0.002919
1988-12-16,0.006386
1988-12-19,0.007059
1988-12-20,-0.002808
1988-12-21,-0.000239
1988-12-22,-0.000522
1988-12-23,0.003982
1988-12-27,-0.002733
1988-12-28,0.001370
1988-12-29,0.006717
1988-12-30,-0.001618
1989-01-03,-0.007608
1989-01-04,0.013025
1989-01-05,0.002884
1989-01-06,0.003047
1989-01-09,0.001606
1989-01-10,-0.001983
1989-01-11,0.004670
1989-01-12,0.004052
1989-01-13,0.001730
1989-01-16,0.001512
1989-01-17,-0.001782
1989-01-18,0.008992
1989-01-19,0.001955
1989-01-20,0.000035
1989-01-23,-0.005602
1989-01-24,0.009982
1989-01-25,0.002790
1989-01-26,0.008073
1989-01-27,0.006218
1989-01-30,0.003442
1989-01-31,0.007450
1989-02-01,0.000203
1989-02-02,0.000416
1989-02-03,0.001445
1989-02-06,-0.001253
1989-02-07,0.010258
1989-02-08,-0.001580
1989-02-09,-0.006801
1989-02-10,-0.011997
1989-02-13,0.000511
1989-02-14,-0.000505
1989-02-15,0.007335
1989-02-16,0.002214
1989-02-17,0.005356
1989-02-21,-0.001918
1989-02-22,-0.014061
1989-02-23,0.002977
1989-02-24,-0.012898
1989-02-27,0.000807
1989-02-28,0.003373
1989-03-01,-0.003356
1989-03-02,0.008542
1989-03-03,0.003951
1989-03-06,0.009950
1989-03-07,-0.001291
1989-03-08,0.001053
1989-03-09,-0.000470
1989-03-10,-0.002281
1989-03-13,0.006157
1989-03-14,-0.000413
1989-03-15,0.004033
1989-03-16,0.007890
1989-03-17,-0.019599
1989-03-20,-0.009418
1989-03-21,0.004690
1989-03-22,-0.002472
1989-03-23,-0.003646
1989-03-27,0.003599
1989-03-28,0.003684
1989-03-29,0.002497
1989-03-30,0.000887
1989-03-31,0.007690
1989-04-03,0.004392
1989-04-04,-0.002066
1989-04-05,0.002956
1989-04-06,-0.002217
1989-04-07,0.005629
1989-04-10,0.000289
1989-04-11,0.004267
1989-04-12,0.002071
1989-04-13,-0.006790
1989-04-14,0.013098
1989-04-17,0.000917
1989-04-18,0.011336
1989-04-19,0.003584
1989-04-20,-0.001687
1989-04-21,0.007517
1989-04-24,-0.001410
1989-04-25,-0.003950
1989-04-26,0.001343
1989-04-27,0.007119
1989-04-28,0.000953
1989-05-01,-0.001275
1989-05-02,-0.001635
1989-05-03,0.000213
1989-05-04,-0.000110
1989-05-05,0.000502
1989-05-08,-0.004458
1989-05-09,-0.001660
1989-05-10,0.001814
1989-05-11,0.003136
1989-05-12,0.017940
1989-05-15,0.006695
1989-05-16,-0.001440
1989-05-17,0.006152
1989-05-18,0.002042
1989-05-19,0.007885
1989-05-22,0.002650
1989-05-23,-0.008575
1989-05-24,0.002081
1989-05-25,0.001191
1989-05-26,0.007072
1989-05-30,-0.005591
1989-05-31,0.004328
1989-06-01,0.004718
1989-06-02,0.009732
1989-06-05,-0.008005
1989-06-06,0.004801
1989-06-07,0.008566
1989-06-08,0.000404
1989-06-09,0.000075
1989-06-12,-0.000861
1989-06-13,-0.006234
1989-06-14,-0.000588
1989-06-15,-0.009897
1989-06-16,0.002773
1989-06-19,0.001049
1989-06-20,-0.001629
1989-06-21,-0.001630
1989-06-22,0.004267
1989-06-23,0.013911
1989-06-26,-0.002616
1989-06-27,0.005160
1989-06-28,-0.006380
1989-06-29,-0.017410
1989-06-30,-0.004577
1989-07-03,0.003392
1989-07-05,0.003773
1989-07-06,0.003847
1989-07-07,0.009160
1989-07-10,0.005370
1989-07-11,0.005075
1989-07-12,0.003341
1989-07-13,0.000999
1989-07-14,0.003876
1989-07-17,0.002250
1989-07-18,-0.002621
1989-07-19,0.010766
1989-07-20,-0.005055
1989-07-21,0.004215
1989-07-24,-0.005319
1989-07-25,0.000619
1989-07-26,0.010147
1989-07-27,0.010048
1989-07-28,0.001299
1989-07-31,0.009316
1989-08-01,-0.004174
1989-08-02,0.002343
1989-08-03,0.002551
1989-08-04,-0.001923
1989-08-07,0.012745
1989-08-08,0.001203
1989-08-09,-0.004196
1989-08-10,0.003758
1989-08-11,-0.007450
1989-08-14,-0.004566
1989-08-15,0.003596
1989-08-16,0.002347
1989-08-17,-0.002535
1989-08-18,0.003222
1989-08-21,-0.012024
1989-08-22,0.000207
1989-08-23,0.008831
1989-08-24,0.016580
1989-08-25,-0.001292
1989-08-28,0.003175
1989-08-29,-0.004273
1989-08-30,0.002722
1989-08-31,0.001612
1989-09-01,0.005803
1989-09-05,-0.001870
1989-09-06,-0.007779
1989-09-07,-0.001569
1989-09-08,0.001055
1989-09-11,-0.002691
1989-09-12,0.003400
1989-09-13,-0.007103
1989-09-14,-0.006954
1989-09-15,0.002028
1989-09-18,0.003590
1989-09-19,0.000879
1989-09-20,-0.000341
1989-09-21,-0.000809
1989-09-22,0.002869
1989-09-25,-0.006343
1989-09-26,0.001578
1989-09-27,0.001284
1989-09-28,0.008863
1989-09-29,0.002758
1989-10-02,0.004611
1989-10-03,0.009659
1989-10-04,0.005455
1989-10-05,0.000770
1989-10-06,0.004964
1989-10-09,0.002250
1989-10-10,-0.001551
1989-10-11,-0.005704
1989-10-12,-0.003664
1989-10-13,-0.053405
1989-10-16,0.016131
1989-10-17,-0.003916
1989-10-18,0.002856
1989-10-19,0.015212
1989-10-20,-0.000385
1989-10-23,-0.006405
1989-10-24,-0.005112
1989-10-25,-0.002363
1989-10-26,-0.010965
1989-10-27,-0.009056
1989-10-30,-0.000208
1989-10-31,0.013237
1989-11-01,0.003317
1989-11-02,-0.005966
1989-11-03,-0.001556
1989-11-06,-0.012811
1989-11-07,0.005108
1989-11-08,0.009643
1989-11-09,-0.002826
1989-11-10,0.006082
1989-11-13,0.001916
1989-11-14,-0.004108
1989-11-15,0.006037
1989-11-16,0.000406
1989-11-17,0.003131
1989-11-20,-0.005802
1989-11-21,-0.000514
1989-11-22,0.005434
1989-11-24,0.005800
1989-11-27,0.003835
1989-11-28,0.001217
1989-11-29,-0.004926
1989-11-30,0.004619
1989-12-01,0.010610
1989-12-04,0.002556
1989-12-05,-0.003210
1989-12-06,-0.002462
1989-12-07,-0.001890
1989-12-08,0.001980
1989-12-11,-0.001052
1989-12-12,0.006429
1989-12-13,0.002916
1989-12-14,-0.005133
1989-12-15,-0.003453
1989-12-18,-0.016629
1989-12-19,-0.004109
1989-12-20,0.001387
1989-12-21,0.005471
1989-12-22,0.008052
1989-12-26,-0.000510
1989-12-27,0.005115
1989-12-28,0.004632
1989-12-29,0.007902
1990-01-02,0.014433
1990-01-03,0.000022
1990-01-04,-0.006486
1990-01-05,-0.007631
1990-01-08,0.003075
1990-01-09,-0.009269
1990-01-10,-0.006844
1990-01-11,0.002619
1990-01-12,-0.022550
1990-01-15,-0.008903
1990-01-16,0.008722
1990-01-17,-0.006947
1990-01-18,0.000333
1990-01-19,0.003150
1990-01-22,-0.022214
1990-01-23,-0.000081
1990-01-24,-0.004773
1990-01-25,-0.009855
1990-01-26,-0.003405
1990-01-29,-0.002976
1990-01-30,-0.008592
1990-01-31,0.016312
1990-02-01,0.001097
1990-02-02,0.007203
1990-02-05,0.004264
1990-02-06,-0.004798
1990-02-07,0.010520
1990-02-08,-0.000555
1990-02-09,0.002516
1990-02-12,-0.008742
1990-02-13,0.001495
1990-02-14,0.002070
1990-02-15,0.007679
1990-02-16,-0.004366
1990-02-20,-0.012805
1990-02-21,-0.001966
1990-02-22,-0.003193
1990-02-23,-0.005441
1990-02-26,0.009423
1990-02-27,0.005183
1990-02-28,0.005599
1990-03-01,0.002961
1990-03-02,0.008011
1990-03-05,-0.003227
1990-03-06,0.010611
1990-03-07,-0.001645
1990-03-08,0.008561
1990-03-09,-0.004731
1990-03-12,0.001731
1990-03-13,-0.006391
1990-03-14,0.002619
1990-03-15,0.002671
1990-03-16,0.008939
1990-03-19,0.003920
1990-03-20,-0.005080
1990-03-21,-0.004066
1990-03-22,-0.011574
1990-03-23,0.004461
1990-03-26,0.001730
1990-03-27,0.007776
1990-03-28,0.001340
1990-03-29,-0.003040
1990-03-30,-0.001393
1990-04-02,-0.004029
1990-04-03,0.012721
1990-04-04,-0.005988
1990-04-05,-0.000996
1990-04-06,-0.002248
1990-04-09,0.002047
1990-04-10,0.001632
1990-04-11,-0.000101
1990-04-12,0.006810
1990-04-16,0.000896
1990-04-17,-0.000704
1990-04-18,-0.010032
1990-04-19,-0.007279
1990-04-20,-0.008564
1990-04-23,-0.010963
1990-04-24,-0.002231
1990-04-25,0.004541
1990-04-26,0.002074
1990-04-27,-0.010253
1990-04-30,0.004452
1990-05-01,0.004264
1990-05-02,0.005668
1990-05-03,0.003564
1990-05-04,0.007833
1990-05-07,0.005967
1990-05-08,0.003826
1990-05-09,0.001409
1990-05-10,0.004172
1990-05-11,0.019774
1990-05-14,0.007842
1990-05-15,-0.000891
1990-05-16,-0.000746
1990-05-17,0.002435
1990-05-18,0.001087
1990-05-21,0.009446
1990-05-22,0.001591
1990-05-23,0.002005
1990-05-24,-0.000576
1990-05-25,-0.008830
1990-05-29,0.013671
1990-05-30,0.001209
1990-05-31,0.001151
1990-06-01,0.005492
1990-06-04,0.010774
1990-06-05,-0.001530
1990-06-06,-0.003031
1990-06-07,-0.004297
1990-06-08,-0.010236
1990-06-11,0.006587
1990-06-12,0.010834
1990-06-13,-0.002080
1990-06-14,-0.004824
1990-06-15,-0.000685
1990-06-18,-0.014122
1990-06-19,0.003006
1990-06-20,0.001107
1990-06-21,0.002671
1990-06-22,-0.010011
1990-06-25,-0.007954
1990-06-26,-0.000954
1990-06-27,0.006606
1990-06-28,0.006728
1990-06-29,0.002203
1990-07-02,0.003127
1990-07-03,0.001884
1990-07-05,-0.009792
1990-07-06,0.006186
1990-07-09,0.002206
1990-07-10,-0.006086
1990-07-11,0.010540
1990-07-12,0.010528
1990-07-13,0.004701
1990-07-16,0.004133
1990-07-17,-0.004129
1990-07-18,-0.008366
1990-07-19,0.001465
1990-07-20,-0.007857
1990-07-23,-0.018045
1990-07-24,0.000487
1990-07-25,0.003915
1990-07-26,-0.002186
1990-07-27,-0.006223
1990-07-30,0.002878
1990-07-31,0.001627
1990-08-01,-0.001430
1990-08-02,-0.011008
1990-08-03,-0.017805
1990-08-06,-0.031547
1990-08-07,0.002031
1990-08-08,0.010735
1990-08-09,0.005941
1990-08-10,-0.010886
1990-08-13,0.006974
1990-08-14,0.002559
1990-08-15,0.002844
1990-08-16,-0.020331
1990-08-17,-0.014445
1990-08-20,-0.000830
1990-08-21,-0.019042
1990-08-22,-0.014791
1990-08-23,-0.031435
1990-08-24,0.013849
1990-08-27,0.030534
1990-08-28,0.000968
1990-08-29,0.007242
1990-08-30,-0.013141
1990-08-31,0.009347
1990-09-04,0.000922
1990-09-05,0.003995
1990-09-06,-0.009701
1990-09-07,0.007489
1990-09-10,-0.003173
1990-09-11,-0.001574
1990-09-12,0.003115
1990-09-13,-0.010234
1990-09-14,-0.005623
1990-09-17,0.002192
1990-09-18,0.001077
1990-09-19,-0.004999
1990-09-20,-0.015243
1990-09-21,-0.001751
1990-09-24,-0.020551
1990-09-25,0.009762
1990-09-26,-0.010294
1990-09-27,-0.014320
1990-09-28,0.014276
1990-10-01,0.026022
1990-10-02,0.002635
1990-10-03,-0.010339
1990-10-04,0.001654
1990-10-05,-0.004250
1990-10-08,0.005437
1990-10-09,-0.024176
1990-10-10,-0.015102
1990-10-11,-0.017224
1990-10-12,0.012246
1990-10-15,0.008453
1990-10-16,-0.013140
1990-10-17,0.000052
1990-10-18,0.021594
1990-10-19,0.017335
1990-10-22,0.007851
1990-10-23,-0.004400
1990-10-24,0.000212
1990-10-25,-0.005624
1990-10-26,-0.015955
1990-10-29,-0.008941
1990-10-30,0.004255
1990-10-31,0.000644
1990-11-01,0.008037
1990-11-02,0.014963
1990-11-05,0.009563
1990-11-06,-0.006524
1990-11-07,-0.015161
1990-11-08,0.004051
1990-11-09,0.017564
1990-11-12,0.018473
1990-11-13,-0.002922
1990-11-14,0.007987
1990-11-15,-0.008505
1990-11-16,-0.000187
1990-11-19,0.005659
1990-11-20,-0.010211
1990-11-21,0.001002
1990-11-23,-0.001948
1990-11-26,0.003071
1990-11-27,0.006739
1990-11-28,0.000746
1990-11-29,-0.003503
1990-11-30,0.015778
1990-12-03,0.006589
1990-12-04,0.007184
1990-12-05,0.011524
1990-12-06,-0.001445
1990-12-07,-0.003235
1990-12-10,0.002372
1990-12-11,-0.005682
1990-12-12,0.009204
1990-12-13,-0.000649
1990-12-14,-0.007353
1990-12-17,-0.003769
1990-12-18,0.011516
1990-12-19,0.001051
1990-12-20,0.000604
1990-12-21,0.003009
1990-12-24,-0.003690
1990-12-26,0.002638
1990-12-27,-0.005724
1990-12-28,0.000360
1990-12-31,0.004980
1991-01-02,-0.008813
1991-01-03,-0.011820
1991-01-04,-0.002309
1991-01-07,-0.016346
1991-01-08,-0.002727
1991-01-09,-0.009093
1991-01-10,0.009429
1991-01-11,0.000868
1991-01-14,-0.009508
1991-01-15,0.003183
1991-01-16,0.009464
1991-01-17,0.033074
1991-01-18,0.009020
1991-01-21,-0.000752
1991-01-22,-0.005899
1991-01-23,0.005906
1991-01-24,0.014341
1991-01-25,0.004249
1991-01-28,0.001523
1991-01-29,0.001066
1991-01-30,0.014963
1991-01-31,0.009568
1991-02-01,0.000271
1991-02-04,0.015715
1991-02-05,0.010277
1991-02-06,0.017859
1991-02-07,-0.003433
1991-02-08,0.006692
1991-02-11,0.023406
1991-02-12,-0.005439
1991-02-13,0.008805
1991-02-14,-0.011131
1991-02-15,0.011687
1991-02-19,0.001523
1991-02-20,-0.010218
1991-02-21,-0.000246
1991-02-22,0.002227
1991-02-25,0.004392
1991-02-26,-0.010480
1991-02-27,0.011476
1991-02-28,0.000805
1991-03-01,0.008371
1991-03-04,0.000792
1991-03-05,0.018720
1991-03-06,-0.000997
1991-03-07,0.000183
1991-03-08,-0.001836
1991-03-11,-0.005634
1991-03-12,-0.008146
1991-03-13,0.010826
1991-03-14,-0.001446
1991-03-15,-0.002086
1991-03-18,-0.002448
1991-03-19,-0.012276
1991-03-20,0.003676
1991-03-21,-0.002437
1991-03-22,0.001576
1991-03-25,0.006500
1991-03-26,0.016058
1991-03-27,0.000049
1991-03-28,-0.000331
1991-04-01,-0.007887
1991-04-02,0.019315
1991-04-03,0.001303
1991-04-04,0.003189
1991-04-05,-0.008957
1991-04-08,0.005881
1991-04-09,-0.010069
1991-04-10,-0.001837
1991-04-11,0.011522
1991-04-12,0.006035
1991-04-15,0.001968
1991-04-16,0.014233
1991-04-17,0.007752
1991-04-18,-0.004857
1991-04-19,-0.009834
1991-04-22,-0.009336
1991-04-23,0.001777
1991-04-24,0.002895
1991-04-25,-0.007303
1991-04-26,-0.001376
1991-04-29,-0.012574
1991-04-30,0.002211
1991-05-01,0.011984
1991-05-02,0.001922
1991-05-03,0.000813
1991-05-06,-0.001580
1991-05-07,-0.005006
1991-05-08,0.002347
1991-05-09,0.011488
1991-05-10,-0.015675
1991-05-13,0.001862
1991-05-14,-0.011850
1991-05-15,-0.009834
1991-05-16,0.009211
1991-05-17,-0.000181
1991-05-20,-0.000067
1991-05-21,0.007450
1991-05-22,0.002428
1991-05-23,-0.001313
1991-05-24,0.006375
1991-05-28,0.010607
1991-05-29,0.002654
1991-05-30,0.010109
1991-05-31,0.007133
1991-06-03,-0.002471
1991-06-04,-0.000321
1991-06-05,-0.005235
1991-06-06,-0.003385
1991-06-07,-0.009041
1991-06-10,-0.002186
1991-06-11,0.004424
1991-06-12,-0.010461
1991-06-13,0.002134
1991-06-14,0.010401
1991-06-17,-0.003775
1991-06-18,-0.003599
1991-06-19,-0.009258
1991-06-20,0.000214
1991-06-21,0.004215
1991-06-24,-0.016578
1991-06-25,-0.001745
1991-06-26,0.001376
1991-06-27,0.006771
1991-06-28,-0.006103
1991-07-01,0.015764
1991-07-02,-0.001009
1991-07-03,-0.009230
1991-07-05,0.001917
1991-07-08,0.008084
1991-07-09,-0.000854
1991-07-10,0.000404
1991-07-11,0.002929
1991-07-12,0.007602
1991-07-15,0.006161
1991-07-16,-0.001752
1991-07-17,-0.000131
1991-07-18,0.009041
1991-07-19,-0.001929
1991-07-22,-0.003425
1991-07-23,-0.008420
1991-07-24,-0.002706
1991-07-25,0.005378
1991-07-26,0.000878
1991-07-29,0.004775
1991-07-30,0.008723
1991-07-31,0.003968
1991-08-01,-0.000973
1991-08-02,0.000808
1991-08-05,-0.004846
1991-08-06,0.011969
1991-08-07,0.001144
1991-08-08,-0.001488
1991-08-09,-0.003925
1991-08-12,0.001978
1991-08-13,0.004441
1991-08-14,0.002259
1991-08-15,-0.001346
1991-08-16,-0.007974
1991-08-19,-0.023036
1991-08-20,0.007127
1991-08-21,0.027107
1991-08-22,0.002229
1991-08-23,0.006183
1991-08-26,-0.000292
1991-08-27,-0.000906
1991-08-28,0.008422
1991-08-29,0.000028
1991-08-30,-0.001435
1991-09-03,-0.007347
1991-09-04,-0.005382
1991-09-05,-0.002508
1991-09-06,0.000119
1991-09-09,-0.000995
1991-09-10,-0.010083
1991-09-11,0.001800
1991-09-12,0.006593
1991-09-13,-0.008549
1991-09-16,0.004197
1991-09-17,-0.000361
1991-09-18,0.003527
1991-09-19,0.003243
1991-09-20,0.002261
1991-09-23,-0.004277
1991-09-24,0.004591
1991-09-25,-0.001444
1991-09-26,-0.000196
1991-09-27,-0.001547
1991-09-30,0.005512
1991-10-01,0.002719
1991-10-02,-0.002361
1991-10-03,-0.008870
1991-10-04,-0.005721
1991-10-07,-0.005612
1991-10-08,0.002624
1991-10-09,-0.008432
1991-10-10,0.007061
1991-10-11,0.003056
1991-10-14,0.011955
1991-10-15,0.011922
1991-10-16,0.006814
1991-10-17,-0.002361
1991-10-18,0.001829
1991-10-21,-0.005529
1991-10-22,-0.003832
1991-10-23,-0.000460
1991-10-24,-0.007669
1991-10-25,-0.002843
1991-10-28,0.011439
1991-10-29,0.005907
1991-10-30,0.005325
1991-10-31,0.001294
1991-11-01,-0.002711
1991-11-04,-0.002984
1991-11-05,-0.002225
1991-11-06,0.002803
1991-11-07,0.009026
1991-11-08,0.000282
1991-11-11,0.001565
1991-11-12,0.008718
1991-11-13,0.001393
1991-11-14,-0.000983
1991-11-15,-0.034069
1991-11-18,0.005141
1991-11-19,-0.015426
1991-11-20,-0.001212
1991-11-21,0.004238
1991-11-22,-0.009163
1991-11-25,-0.003025
1991-11-26,0.004763
1991-11-27,-0.001972
1991-11-29,-0.001413
1991-12-02,0.013489
1991-12-03,0.000811
1991-12-04,-0.001293
1991-12-05,-0.005039
1991-12-06,0.003774
1991-12-09,-0.002034
1991-12-10,-0.001235
1991-12-11,-0.002004
1991-12-12,0.008720
1991-12-13,0.007073
1991-12-16,0.001531
1991-12-17,-0.004858
1991-12-18,0.001109
1991-12-19,-0.003845
1991-12-20,0.009688
1991-12-23,0.022189
1991-12-24,0.008170
1991-12-26,0.013938
1991-12-27,0.006093
1991-12-30,0.020303
1991-12-31,0.006064
1992-01-02,-0.000592
1992-01-03,0.005579
1992-01-06,0.000018
1992-01-07,0.000525
1992-01-08,0.003954
1992-01-09,0.002775
1992-01-10,-0.005939
1992-01-13,-0.000875
1992-01-14,0.013024
1992-01-15,0.002916
1992-01-16,-0.005337
1992-01-17,0.001255
1992-01-20,-0.005989
1992-01-21,-0.011051
1992-01-22,0.013444
1992-01-23,-0.004011
1992-01-24,0.001264
1992-01-27,-0.001468
1992-01-28,0.000131
1992-01-29,-0.009785
1992-01-30,0.004172
1992-01-31,-0.004810
1992-02-03,0.002604
1992-02-04,0.009858
1992-02-05,0.002355
1992-02-06,0.000532
1992-02-07,-0.005349
1992-02-10,0.004783
1992-02-11,0.000312
1992-02-12,0.008709
1992-02-13,-0.008016
1992-02-14,-0.002059
1992-02-18,-0.011551
1992-02-19,0.000003
1992-02-20,0.012474
1992-02-21,-0.004983
1992-02-24,-0.000364
1992-02-25,-0.004183
1992-02-26,0.011719
1992-02-27,-0.000865
1992-02-28,-0.002338
1992-03-02,0.000958
1992-03-03,0.000517
1992-03-04,-0.007033
1992-03-05,-0.008408
1992-03-06,-0.005362
1992-03-09,0.001412
1992-03-10,0.005301
1992-03-11,-0.007128
1992-03-12,-0.001260
1992-03-13,0.004298
1992-03-16,0.000298
1992-03-17,0.007302
1992-03-18,0.000023
1992-03-19,0.001774
1992-03-20,0.001752
1992-03-23,-0.002658
1992-03-24,-0.002592
1992-03-25,-0.001184
1992-03-26,-0.000975
1992-03-27,-0.010421
1992-03-30,-0.001860
1992-03-31,0.001499
1992-04-01,0.000199
1992-04-02,-0.009487
1992-04-03,0.000386
1992-04-06,0.009007
1992-04-07,-0.017740
1992-04-08,-0.010243
1992-04-09,0.015967
1992-04-10,0.007450
1992-04-13,0.004585
1992-04-14,0.013444
1992-04-15,0.007901
1992-04-16,-0.002718
1992-04-20,-0.014468
1992-04-21,-0.001111
1992-04-22,-0.000170
1992-04-23,0.002202
1992-04-24,-0.004537
1992-04-27,-0.002185
1992-04-28,-0.000772
1992-04-29,0.007670
1992-04-30,0.008763
1992-05-01,-0.004030
1992-05-04,0.009849
1992-05-05,0.001794
1992-05-06,0.000615
1992-05-07,-0.001465
1992-05-08,-0.000075
1992-05-11,0.005332
1992-05-12,-0.004536
1992-05-13,-0.000289
1992-05-14,-0.007544
1992-05-15,-0.005709
1992-05-18,0.005159
1992-05-19,0.006926
1992-05-20,-0.000583
1992-05-21,-0.005953
1992-05-22,0.002991
1992-05-26,-0.006315
1992-05-27,0.001798
1992-05-28,0.008447
1992-05-29,0.000279
1992-06-01,0.004485
1992-06-02,-0.005655
1992-06-03,0.001755
1992-06-04,-0.002888
1992-06-05,-0.000669
1992-06-08,-0.001225
1992-06-09,-0.008092
1992-06-10,-0.007020
1992-06-11,0.002347
1992-06-12,0.002516
1992-06-15,-0.000189
1992-06-16,-0.004509
1992-06-17,-0.015123
1992-06-18,-0.004253
1992-06-19,0.006212
1992-06-22,-0.002611
1992-06-23,0.002994
1992-06-24,-0.001138
1992-06-25,-0.001575
1992-06-26,0.000723
1992-06-29,0.013168
1992-06-30,0.001630
1992-07-01,0.010085
1992-07-02,-0.002419
1992-07-06,0.004066
1992-07-07,-0.009928
1992-07-08,0.001544
1992-07-09,0.009397
1992-07-10,0.002065
1992-07-13,0.001621
1992-07-14,0.006365
1992-07-15,-0.000692
1992-07-16,0.000977
1992-07-17,-0.004957
1992-07-20,-0.004796
1992-07-21,0.001226
1992-07-22,-0.006405
1992-07-23,0.002420
1992-07-24,-0.000374
1992-07-27,0.000460
1992-07-28,0.012868
1992-07-29,0.010273
1992-07-30,0.003703
1992-07-31,0.001840
1992-08-03,0.002296
1992-08-04,-0.000991
1992-08-05,-0.004968
1992-08-06,-0.003484
1992-08-07,-0.002138
1992-08-10,0.000168
1992-08-11,-0.001202
1992-08-12,-0.003152
1992-08-13,0.000398
1992-08-14,0.004852
1992-08-17,0.001964
1992-08-18,0.000837
1992-08-19,-0.006133
1992-08-20,-0.000376
1992-08-21,-0.007051
1992-08-24,-0.010951
1992-08-25,0.000546
1992-08-26,0.004814
1992-08-27,0.002197
1992-08-28,0.002434
1992-08-31,-0.001002
1992-09-01,0.004349
1992-09-02,0.005338
1992-09-03,0.001435
1992-09-04,-0.001881
1992-09-08,-0.005564
1992-09-09,0.003931
1992-09-10,0.008037
1992-09-11,0.000205
1992-09-14,0.013743
1992-09-15,-0.010773
1992-09-16,-0.000823
1992-09-17,0.000305
1992-09-18,0.005143
1992-09-21,-0.001371
1992-09-22,-0.010043
1992-09-23,-0.000416
1992-09-24,0.003435
1992-09-25,-0.010147
1992-09-28,0.002974
1992-09-29,0.000966
1992-09-30,0.003642
1992-10-01,-0.004258
1992-10-02,-0.012346
1992-10-05,-0.007906
1992-10-06,0.001582
1992-10-07,-0.005360
1992-10-08,0.007877
1992-10-09,-0.010083
1992-10-12,0.009071
1992-10-13,0.004530
1992-10-14,0.000253
1992-10-15,0.000912
1992-10-16,0.004334
1992-10-19,0.008913
1992-10-20,0.001843
1992-10-21,0.001445
1992-10-22,-0.001529
1992-10-23,-0.001110
1992-10-26,0.008032
1992-10-27,0.000672
1992-10-28,0.004809
1992-10-29,0.002814
1992-10-30,-0.003089
1992-11-02,0.007903
1992-11-03,-0.004744
1992-11-04,-0.004687
1992-11-05,0.004478
1992-11-06,0.000003
1992-11-09,0.003186
1992-11-10,0.001500
1992-11-11,0.008490
1992-11-12,0.000909
1992-11-13,-0.000173
1992-11-16,-0.003264
1992-11-17,-0.003991
1992-11-18,0.007952
1992-11-19,0.002514
1992-11-20,0.006691
1992-11-23,-0.002786
1992-11-24,0.005780
1992-11-25,0.003950
1992-11-27,0.002414
1992-11-30,0.003566
1992-12-01,-0.000414
1992-12-02,-0.001787
1992-12-03,0.000825
1992-12-04,0.005063
1992-12-07,0.006344
1992-12-08,0.003187
1992-12-09,-0.002866
1992-12-10,-0.002946
1992-12-11,-0.001572
1992-12-14,-0.001608
1992-12-15,-0.001859
1992-12-16,-0.003274
1992-12-17,0.008798
1992-12-18,0.010609
1992-12-21,-0.000687
1992-12-22,-0.000409
1992-12-23,-0.001197
1992-12-24,0.002033
1992-12-28,-0.000755
1992-12-29,-0.000267
1992-12-30,0.002178
1992-12-31,-0.001406
1993-01-04,-0.002615
1993-01-05,-0.001476
1993-01-06,0.001454
1993-01-07,-0.007372
1993-01-08,-0.003886
1993-01-11,0.004118
1993-01-12,0.000159
1993-01-13,0.004877
1993-01-14,0.007283
1993-01-15,0.003704
1993-01-18,0.000170
1993-01-19,-0.002324
1993-01-20,-0.002283
1993-01-21,0.004059
1993-01-22,0.002733
1993-01-25,0.007559
1993-01-26,0.000706
1993-01-27,-0.005278
1993-01-28,0.000013
1993-01-29,0.001104
1993-02-01,0.008210
1993-02-02,0.001565
1993-02-03,0.009288
1993-02-04,0.005630
1993-02-05,-0.002800
1993-02-08,-0.001772
1993-02-09,-0.006301
1993-02-10,0.002269
1993-02-11,0.002945
1993-02-12,-0.005654
1993-02-16,-0.025862
1993-02-17,-0.003965
1993-02-18,-0.001383
1993-02-19,0.004327
1993-02-22,-0.001215
1993-02-23,-0.000278
1993-02-24,0.013808
1993-02-25,0.004025
1993-02-26,0.003159
1993-03-01,-0.001302
1993-03-02,0.011548
1993-03-03,0.004878
1993-03-04,-0.003630
1993-03-05,-0.001313
1993-03-08,0.015258
1993-03-09,0.000977
1993-03-10,0.004807
1993-03-11,-0.003393
1993-03-12,-0.007092
1993-03-15,0.003220
1993-03-16,-0.000366
1993-03-17,-0.006793
1993-03-18,0.006452
1993-03-19,-0.004361
1993-03-22,-0.004087
1993-03-23,-0.000550
1993-03-24,-0.001474
1993-03-25,0.006459
1993-03-26,-0.003674
1993-03-29,0.004251
1993-03-30,0.003776
1993-03-31,0.001576
1993-04-01,-0.003257
1993-04-02,-0.019036
1993-04-05,0.001157
1993-04-06,-0.004066
1993-04-07,0.003148
1993-04-08,-0.002071
1993-04-12,0.012213
1993-04-13,0.003381
1993-04-14,-0.000281
1993-04-15,-0.001545
1993-04-16,0.000319
1993-04-19,-0.003324
1993-04-20,-0.004922
1993-04-21,-0.001578
1993-04-22,-0.006802
1993-04-23,-0.005138
1993-04-26,-0.009565
1993-04-27,0.008341
1993-04-28,0.001648
1993-04-29,0.002206
1993-04-30,0.003898
1993-05-03,0.005280
1993-05-04,0.005628
1993-05-05,0.003117
1993-05-06,-0.002661
1993-05-07,-0.001224
1993-05-10,0.001909
1993-05-11,0.003054
1993-05-12,0.000346
1993-05-13,-0.010594
1993-05-14,-0.000201
1993-05-17,0.001101
1993-05-18,0.000828
1993-05-19,0.013576
1993-05-20,0.006614
1993-05-21,-0.007490
1993-05-24,0.002864
1993-05-25,0.002933
1993-05-26,0.009680
1993-05-27,-0.001434
1993-05-28,-0.003797
1993-06-01,0.007014
1993-06-02,0.000655
1993-06-03,-0.001821
1993-06-04,-0.005294
1993-06-07,-0.006375
1993-06-08,-0.007302
1993-06-09,0.002752
1993-06-10,-0.000952
1993-06-11,0.003408
1993-06-14,0.001398
1993-06-15,-0.001233
1993-06-16,0.001551
1993-06-17,0.002253
1993-06-18,-0.008590
1993-06-21,0.003790
1993-06-22,-0.000727
1993-06-23,-0.004067
1993-06-24,0.006704
1993-06-25,0.003476
1993-06-28,0.009658
1993-06-29,-0.001965
1993-06-30,0.001342
1993-07-01,-0.001565
1993-07-02,-0.004339
1993-07-06,-0.007339
1993-07-07,0.001197
1993-07-08,0.009441
1993-07-09,0.000738
1993-07-12,0.001868
1993-07-13,-0.000401
1993-07-14,0.003847
1993-07-15,-0.001977
1993-07-16,-0.006795
1993-07-19,-0.001340
1993-07-20,0.002478
1993-07-21,-0.000773
1993-07-22,-0.005532
1993-07-23,0.004527
1993-07-26,0.005441
1993-07-27,-0.001905
1993-07-28,-0.000385
1993-07-29,0.005474
1993-07-30,-0.003444
1993-08-02,0.004145
1993-08-03,-0.000173
1993-08-04,0.000112
1993-08-05,-0.001034
1993-08-06,0.001617
1993-08-09,0.004838
1993-08-10,-0.001235
1993-08-11,0.001395
1993-08-12,-0.002905
1993-08-13,0.001830
1993-08-16,0.005155
1993-08-17,0.003123
1993-08-18,0.005704
1993-08-19,0.000398
1993-08-20,0.000162
1993-08-23,-0.001097
1993-08-24,0.008785
1993-08-25,0.000602
1993-08-26,0.000620
1993-08-27,-0.000539
1993-08-30,0.003004
1993-08-31,0.004468
1993-09-01,0.000430
1993-09-02,-0.001749
1993-09-03,0.000639
1993-09-07,-0.007682
1993-09-08,-0.006688
1993-09-09,0.003959
1993-09-10,0.008275
1993-09-13,-0.000125
1993-09-14,-0.005207
1993-09-15,0.003547
1993-09-16,-0.002251
1993-09-17,-0.000802
1993-09-20,-0.005545
1993-09-21,-0.005785
1993-09-22,0.008295
1993-09-23,0.004650
1993-09-24,0.000869
1993-09-27,0.007651
1993-09-28,0.000735
1993-09-29,-0.001655
1993-09-30,-0.000756
1993-10-01,0.003285
1993-10-04,0.000755
1993-10-05,-0.000281
1993-10-06,0.000006
1993-10-07,-0.002885
1993-10-08,0.001709
1993-10-11,0.002123
1993-10-12,0.002522
1993-10-13,0.002099
1993-10-14,0.008783
1993-10-15,0.004811
1993-10-18,-0.002638
1993-10-19,-0.007646
1993-10-20,-0.000962
1993-10-21,-0.000598
1993-10-22,-0.002273
1993-10-25,0.000246
1993-10-26,-0.001302
1993-10-27,0.002388
1993-10-28,0.005229
1993-10-29,0.002566
1993-11-01,0.002771
1993-11-02,-0.000753
1993-11-03,-0.011894
1993-11-04,-0.013024
1993-11-05,0.004101
1993-11-08,0.002856
1993-11-09,0.001959
1993-11-10,0.006413
1993-11-11,-0.000667
1993-11-12,0.004444
1993-11-15,-0.004235
1993-11-16,0.003557
1993-11-17,-0.005252
1993-11-18,-0.003911
1993-11-19,-0.002876
1993-11-22,-0.010593
1993-11-23,0.005315
1993-11-24,0.004807
1993-11-26,0.002375
1993-11-29,-0.002142
1993-11-30,-0.000650
1993-12-01,0.003473
1993-12-02,0.002413
1993-12-03,0.004064
1993-12-06,0.002907
1993-12-07,0.000603
1993-12-08,-0.000171
1993-12-09,-0.004129
1993-12-10,-0.000557
1993-12-13,0.001852
1993-12-14,-0.006266
1993-12-15,-0.001981
1993-12-16,0.002344
1993-12-17,0.006307
1993-12-20,-0.000624
1993-12-21,-0.002439
1993-12-22,0.003131
1993-12-23,0.001719
1993-12-27,0.005824
1993-12-28,0.002456
1993-12-29,0.001305
1993-12-30,-0.002106
1993-12-31,-0.000560
1994-01-03,-0.003738
1994-01-04,0.002817
1994-01-05,0.002375
1994-01-06,-0.000598
1994-01-07,0.004656
1994-01-10,0.008585
1994-01-11,-0.001424
1994-01-12,0.000366
1994-01-13,-0.001463
1994-01-14,0.004686
1994-01-17,-0.001830
1994-01-18,0.001400
1994-01-19,-0.000383
1994-01-20,0.001709
1994-01-21,-0.000625
1994-01-24,-0.004407
1994-01-25,-0.002541
1994-01-26,0.004019
1994-01-27,0.007318
1994-01-28,0.004216
1994-01-31,0.006030
1994-02-01,-0.002319
1994-02-02,0.004276
1994-02-03,-0.002053
1994-02-04,-0.022832
1994-02-07,0.003101
1994-02-08,0.000813
1994-02-09,0.004321
1994-02-10,-0.006432
1994-02-11,0.000111
1994-02-14,0.000970
1994-02-15,0.004594
1994-02-16,0.000802
1994-02-17,-0.004293
1994-02-18,-0.004819
1994-02-22,0.005963
1994-02-23,-0.001440
1994-02-24,-0.012428
1994-02-25,0.003666
1994-02-28,0.004301
1994-03-01,-0.005285
1994-03-02,-0.001408
1994-03-03,-0.002020
1994-03-04,0.004599
1994-03-07,0.005603
1994-03-08,-0.002198
1994-03-09,0.001747
1994-03-10,-0.005796
1994-03-11,0.004105
1994-03-14,0.002916
1994-03-15,0.000431
1994-03-16,0.005495
1994-03-17,0.003110
1994-03-18,0.000596
1994-03-21,-0.005102
1994-03-22,0.000759
1994-03-23,0.000634
1994-03-24,-0.009548
1994-03-25,-0.005956
1994-03-28,-0.004821
1994-03-29,-0.017818
1994-03-30,-0.015226
1994-03-31,-0.001436
1994-04-04,-0.016178
1994-04-05,0.023775
1994-04-06,0.000570
1994-04-07,0.006128
1994-04-08,-0.007574
1994-04-11,0.003099
1994-04-12,-0.004961
1994-04-13,-0.005804
1994-04-14,0.000383
1994-04-15,0.000368
1994-04-18,-0.008180
1994-04-19,-0.002914
1994-04-20,-0.003963
1994-04-21,0.014565
1994-04-22,0.000040
1994-04-25,0.010259
1994-04-26,0.001006
1994-04-28,-0.005135
1994-04-29,0.004601
1994-05-02,0.005435
1994-05-03,-0.000019
1994-05-04,-0.001384
1994-05-05,-0.000921
1994-05-06,-0.008423
1994-05-09,-0.012205
1994-05-10,0.005813
1994-05-11,-0.009967
1994-05-12,0.003661
1994-05-13,0.000398
1994-05-16,-0.001098
1994-05-17,0.008056
1994-05-18,0.011022
1994-05-19,0.006050
1994-05-20,-0.001934
1994-05-23,-0.002847
1994-05-24,0.003675
1994-05-25,0.002551
1994-05-26,0.002455
1994-05-27,0.001083
1994-05-31,-0.001110
1994-06-01,0.002468
1994-06-02,0.001566
1994-06-03,0.004816
1994-06-06,0.000032
1994-06-07,-0.002335
1994-06-08,-0.004228
1994-06-09,0.000325
1994-06-10,0.002676
1994-06-13,0.000597
1994-06-14,0.005370
1994-06-15,-0.002869
1994-06-16,0.001944
1994-06-17,-0.006465
1994-06-20,-0.009129
1994-06-21,-0.009209
1994-06-22,0.003564
1994-06-23,-0.008466
1994-06-24,-0.013796
1994-06-27,0.008517
1994-06-28,-0.002430
1994-06-29,0.003717
1994-06-30,-0.004662
1994-07-01,0.004421
1994-07-05,-0.000142
1994-07-06,-0.000266
1994-07-07,0.004908
1994-07-08,0.001885
1994-07-11,-0.002493
1994-07-12,0.001046
1994-07-13,0.003775
1994-07-14,0.009595
1994-07-15,0.001205
1994-07-18,0.001978
1994-07-19,-0.002279
1994-07-20,-0.005033
1994-07-21,0.001606
1994-07-22,0.000607
1994-07-25,0.001687
1994-07-26,-0.001486
1994-07-27,-0.002338
1994-07-28,0.002472
1994-07-29,0.009268
1994-08-01,0.005240
1994-08-02,0.001339
1994-08-03,0.000375
1994-08-04,-0.004757
1994-08-05,-0.002988
1994-08-08,0.002179
1994-08-09,0.000865
1994-08-10,0.005342
1994-08-11,-0.002709
1994-08-12,0.005340
1994-08-15,0.000008
1994-08-16,0.005957
1994-08-17,0.001813
1994-08-18,-0.003310
1994-08-19,0.001372
1994-08-22,-0.001749
1994-08-23,0.005292
1994-08-24,0.007261
1994-08-25,-0.000543
1994-08-26,0.010683
1994-08-29,0.001949
1994-08-30,0.003611
1994-08-31,-0.000536
1994-09-01,-0.004520
1994-09-02,-0.002601
1994-09-06,0.000327
1994-09-07,0.000008
1994-09-08,0.004577
1994-09-09,-0.008630
1994-09-12,-0.004105
1994-09-13,0.003248
1994-09-14,0.002531
1994-09-15,0.011038
1994-09-16,-0.004598
1994-09-19,-0.000810
1994-09-20,-0.013782
1994-09-21,-0.005306
1994-09-22,-0.000808
1994-09-23,-0.003000
1994-09-26,0.001808
1994-09-27,0.001821
1994-09-28,0.005919
1994-09-29,-0.003335
1994-09-30,0.002191
1994-10-03,-0.002481
1994-10-04,-0.014293
1994-10-05,-0.003850
1994-10-06,-0.001869
1994-10-07,0.005892
1994-10-10,0.007458
1994-10-11,0.012321
1994-10-12,0.000321
1994-10-13,0.003491
1994-10-14,0.001634
1994-10-17,-0.000486
1994-10-18,-0.001997
1994-10-19,0.004693
1994-10-20,-0.006178
1994-10-21,-0.003737
1994-10-24,-0.007427
1994-10-25,-0.000448
1994-10-26,0.002656
1994-10-27,0.006009
1994-10-28,0.014662
1994-10-31,-0.001537
1994-11-01,-0.007543
1994-11-02,-0.002429
1994-11-03,0.002398
1994-11-04,-0.008857
1994-11-07,-0.000546
1994-11-08,0.004834
1994-11-09,-0.000907
1994-11-10,-0.002515
1994-11-11,-0.003899
1994-11-14,0.006481
1994-11-15,-0.000829
1994-11-16,0.000412
1994-11-17,-0.004403
1994-11-18,-0.004279
1994-11-21,-0.007224
1994-11-22,-0.017764
1994-11-23,-0.001167
1994-11-25,0.006537
1994-11-28,0.003364
1994-11-29,0.002467
1994-11-30,-0.001609
1994-12-01,-0.009757
1994-12-02,0.007190
1994-12-05,0.000911
1994-12-06,-0.001555
1994-12-07,-0.005231
1994-12-08,-0.013779
1994-12-09,0.001505
1994-12-12,0.003751
1994-12-13,0.002378
1994-12-14,0.010255
1994-12-15,0.003645
1994-12-16,0.004653
1994-12-19,-0.001749
1994-12-20,-0.000479
1994-12-21,0.006271
1994-12-22,-0.000252
1994-12-23,0.002419
1994-12-27,0.004504
1994-12-28,-0.003638
1994-12-29,0.002686
1994-12-30,-0.000819
1995-01-03,-0.002410
1995-01-04,0.003331
1995-01-05,-0.000112
1995-01-06,0.001815
1995-01-09,0.001042
1995-01-10,0.002056
1995-01-11,-0.000454
1995-01-12,0.000185
1995-01-13,0.008543
1995-01-16,0.007830
1995-01-17,0.002278
1995-01-18,-0.001144
1995-01-19,-0.005345
1995-01-20,-0.004909
1995-01-23,-0.000378
1995-01-24,0.001967
1995-01-25,0.002191
1995-01-26,0.000549
1995-01-27,0.003732
1995-01-30,-0.004442
1995-01-31,0.003962
1995-02-01,0.001851
1995-02-02,0.004623
1995-02-03,0.012280
1995-02-06,0.006086
1995-02-07,-0.000437
1995-02-08,0.001453
1995-02-09,-0.000534
1995-02-10,0.002483
1995-02-13,0.000329
1995-02-14,0.001084
1995-02-15,0.004785
1995-02-16,-0.000453
1995-02-17,-0.005077
1995-02-21,-0.000282
1995-02-22,0.004093
1995-02-23,0.004651
1995-02-24,0.001726
1995-02-27,-0.007779
1995-02-28,0.008116
1995-03-01,-0.002976
1995-03-02,-0.000833
1995-03-03,0.001327
1995-03-06,-0.000917
1995-03-07,-0.006949
1995-03-08,0.002114
1995-03-09,0.000730
1995-03-10,0.011042
1995-03-13,0.000984
1995-03-14,0.005573
1995-03-15,-0.001199
1995-03-16,0.005711
1995-03-17,-0.000415
1995-03-20,0.001327
1995-03-21,-0.002145
1995-03-22,0.000744
1995-03-23,0.001076
1995-03-24,0.009268
1995-03-27,0.004946
1995-03-28,0.001582
1995-03-29,-0.001371
1995-03-30,-0.000274
1995-03-31,-0.002444
1995-04-03,0.001327
1995-04-04,0.004471
1995-04-05,0.001443
1995-04-06,0.000810
1995-04-07,-0.000406
1995-04-10,0.002456
1995-04-11,-0.001265
1995-04-12,0.003453
1995-04-13,0.003486
1995-04-17,-0.004416
1995-04-18,-0.002852
1995-04-19,-0.002796
1995-04-20,0.001745
1995-04-21,0.005287
1995-04-24,0.007374
1995-04-25,-0.000673
1995-04-26,0.001578
1995-04-27,0.002068
1995-04-28,0.001800
1995-05-01,-0.000731
1995-05-02,0.001006
1995-05-03,0.009166
1995-05-04,-0.000656
1995-05-05,-0.000606
1995-05-08,0.006380
1995-05-09,0.000402
1995-05-10,0.001645
1995-05-11,0.002081
1995-05-12,0.002328
1995-05-15,0.004442
1995-05-16,0.001814
1995-05-17,-0.001481
1995-05-18,-0.012178
1995-05-19,-0.000678
1995-05-22,0.007301
1995-05-23,0.008524
1995-05-24,0.000019
1995-05-25,-0.000004
1995-05-26,-0.007493
1995-05-30,-0.001714
1995-05-31,0.014017
1995-06-01,0.001633
1995-06-02,0.000428
1995-06-05,0.006195
1995-06-06,-0.000158
1995-06-07,-0.002969
1995-06-08,-0.000491
1995-06-09,-0.006979
1995-06-12,0.004966
1995-06-13,0.009127
1995-06-14,0.001013
1995-06-15,0.002651
1995-06-16,0.004222
1995-06-19,0.009053
1995-06-20,0.000439
1995-06-21,-0.000271
1995-06-22,0.011166
1995-06-23,-0.002526
1995-06-26,-0.009602
1995-06-27,-0.003244
1995-06-28,0.003184
1995-06-29,-0.000077
1995-06-30,0.003213
1995-07-03,0.003407
1995-07-05,0.002158
1995-07-06,0.011207
1995-07-07,0.006480
1995-07-10,0.002153
1995-07-11,-0.002973
1995-07-12,0.011074
1995-07-13,0.000714
1995-07-14,-0.001359
1995-07-17,0.004255
1995-07-18,-0.007747
1995-07-19,-0.016200
1995-07-20,0.006041
1995-07-21,0.000911
1995-07-24,0.007060
1995-07-25,0.007442
1995-07-26,0.002274
1995-07-27,0.006876
1995-07-28,-0.002589
1995-07-31,-0.000732
1995-08-01,-0.004613
1995-08-02,-0.001589
1995-08-03,-0.000918
1995-08-04,0.001673
1995-08-07,0.002556
1995-08-08,0.000761
1995-08-09,0.000135
1995-08-10,-0.002697
1995-08-11,-0.003189
1995-08-14,0.007163
1995-08-15,-0.000966
1995-08-16,0.004625
1995-08-17,0.000397
1995-08-18,0.001003
1995-08-21,-0.002034
1995-08-22,0.001719
1995-08-23,-0.002314
1995-08-24,-0.000380
1995-08-25,0.004073
1995-08-28,-0.002742
1995-08-29,0.000263
1995-08-30,0.003292
1995-08-31,0.003240
1995-09-01,0.002950
1995-09-05,0.009635
1995-09-06,0.003777
1995-09-07,0.000930
1995-09-08,0.005084
1995-09-11,0.002690
1995-09-12,0.002906
1995-09-13,0.003782
1995-09-14,0.005629
1995-09-15,-0.001785
1995-09-18,-0.001251
1995-09-19,0.003060
1995-09-20,0.004517
1995-09-21,-0.005694
1995-09-22,-0.003089
1995-09-25,-0.001723
1995-09-26,-0.000920
1995-09-27,-0.003042
1995-09-28,0.009013
1995-09-29,-0.000533
1995-10-02,-0.005999
1995-10-03,-0.001508
1995-10-04,-0.004286
1995-10-05,0.003057
1995-10-06,0.000402
1995-10-09,-0.010338
1995-10-10,-0.002383
1995-10-11,0.006184
1995-10-12,0.007779
1995-10-13,0.003675
1995-10-16,-0.001723
1995-10-17,0.005781
1995-10-18,0.002234
1995-10-19,0.003052
1995-10-20,-0.005519
1995-10-23,-0.004174
1995-10-24,0.001494
1995-10-25,-0.008046
1995-10-26,-0.009282
1995-10-27,0.004087
1995-10-30,0.006414
1995-10-31,-0.001672
1995-11-01,0.004875
1995-11-02,0.010436
1995-11-03,0.003264
1995-11-06,-0.002361
1995-11-07,-0.004717
1995-11-08,0.007000
1995-11-09,0.004575
1995-11-10,-0.000903
1995-11-13,-0.001167
1995-11-14,-0.006277
1995-11-15,0.005200
1995-11-16,0.005900
1995-11-17,0.004088
1995-11-20,-0.005223
1995-11-21,0.002169
1995-11-22,-0.001977
1995-11-24,0.003538
1995-11-27,0.001778
1995-11-28,0.007714
1995-11-29,0.004225
1995-11-30,-0.000103
1995-12-01,0.001554
1995-12-04,0.010380
1995-12-05,0.004662
1995-12-06,0.002132
1995-12-07,-0.006554
1995-12-08,0.002035
1995-12-11,0.002498
1995-12-12,-0.002472
1995-12-13,0.004343
1995-12-14,-0.007732
1995-12-15,-0.002674
1995-12-18,-0.017154
1995-12-19,0.009824
1995-12-20,-0.004647
1995-12-21,0.007078
1995-12-22,0.003412
1995-12-26,0.003180
1995-12-27,0.001562
1995-12-28,-0.000305
1995-12-29,0.004453
1996-01-02,0.006606
1996-01-03,-0.000155
1996-01-04,-0.007674
1996-01-05,-0.001023
1996-01-08,0.002686
1996-01-09,-0.015878
1996-01-10,-0.015552
1996-01-11,0.008433
1996-01-12,-0.000991
1996-01-15,-0.005273
1996-01-16,0.009982
1996-01-17,-0.000530
1996-01-18,0.003797
1996-01-19,0.005719
1996-01-22,0.004291
1996-01-23,-0.000004
1996-01-24,0.010247
1996-01-25,-0.003688
1996-01-26,0.006238
1996-01-29,0.004041
1996-01-30,0.009156
1996-01-31,0.007995
1996-02-01,0.004625
1996-02-02,-0.002224
1996-02-05,0.007056
1996-02-06,0.006829
1996-02-07,0.003530
1996-02-08,0.007736
1996-02-09,0.000908
1996-02-12,0.005465
1996-02-13,-0.001932
1996-02-14,-0.004077
1996-02-15,-0.002696
1996-02-16,-0.003411
1996-02-20,-0.010383
1996-02-21,0.010269
1996-02-22,0.015227
1996-02-23,0.000660
1996-02-26,-0.009785
1996-02-27,-0.004139
1996-02-28,-0.001597
1996-02-29,-0.005460
1996-03-01,0.002595
1996-03-04,0.008815
1996-03-05,0.006696
1996-03-06,-0.003446
1996-03-07,0.001881
1996-03-08,-0.028423
1996-03-11,0.009471
1996-03-12,-0.004628
1996-03-13,0.004563
1996-03-14,0.004255
1996-03-15,0.001546
1996-03-18,0.014236
1996-03-19,-0.001154
1996-03-20,-0.002589
1996-03-21,-0.000676
1996-03-22,0.002254
1996-03-25,-0.002546
1996-03-26,0.003078
1996-03-27,-0.003120
1996-03-28,0.000335
1996-03-29,-0.001664
1996-04-01,0.010206
1996-04-02,0.002373
1996-04-03,0.001396
1996-04-04,0.000545
1996-04-08,-0.015994
1996-04-09,-0.000829
1996-04-10,-0.010693
1996-04-11,-0.005032
1996-04-12,0.008021
1996-04-15,0.008047
1996-04-16,0.005015
1996-04-17,-0.004500
1996-04-18,0.004790
1996-04-19,0.002396
1996-04-22,0.005950
1996-04-23,0.006042
1996-04-24,0.000204
1996-04-25,0.004664
1996-04-26,0.001817
1996-04-29,0.001040
1996-04-30,0.000460
1996-05-01,0.002329
1996-05-02,-0.015375
1996-05-03,-0.000711
1996-05-06,-0.001348
1996-05-07,-0.003479
1996-05-08,0.005750
1996-05-09,0.002651
1996-05-10,0.010629
1996-05-13,0.012823
1996-05-14,0.007136
1996-05-15,-0.000021
1996-05-16,0.000458
1996-05-17,0.005479
1996-05-20,0.005924
1996-05-21,-0.000341
1996-05-22,0.006079
1996-05-23,-0.002412
1996-05-24,0.002491
1996-05-28,-0.008475
1996-05-29,-0.006370
1996-05-30,0.005152
1996-05-31,-0.001355
1996-06-03,-0.002304
1996-06-04,0.006593
1996-06-05,0.006874
1996-06-06,-0.007386
1996-06-07,-0.002097
1996-06-10,-0.000847
1996-06-11,-0.001095
1996-06-12,-0.000606
1996-06-13,-0.002772
1996-06-14,-0.004141
1996-06-17,-0.001870
1996-06-18,-0.007164
1996-06-19,-0.001008
1996-06-20,-0.003086
1996-06-21,0.005643
1996-06-24,0.003633
1996-06-25,-0.002130
1996-06-26,-0.007863
1996-06-27,0.005843
1996-06-28,0.007407
1996-07-01,0.007609
1996-07-02,-0.002411
1996-07-03,-0.003111
1996-07-05,-0.019582
1996-07-08,-0.008261
1996-07-09,0.003554
1996-07-10,-0.001906
1996-07-11,-0.017939
1996-07-12,0.000063
1996-07-15,-0.026169
1996-07-16,-0.005379
1996-07-17,0.014059
1996-07-18,0.015964
1996-07-19,-0.007259
1996-07-22,-0.009244
1996-07-23,-0.014118
1996-07-24,-0.002817
1996-07-25,0.009209
1996-07-26,0.009107
1996-07-29,-0.007401
1996-07-30,0.004731
1996-07-31,0.007394
1996-08-01,0.015414
1996-08-02,0.018206
1996-08-05,-0.002568
1996-08-06,0.002969
1996-08-07,0.004062
1996-08-08,-0.001242
1996-08-09,-0.002370
1996-08-12,0.005302
1996-08-13,-0.007495
1996-08-14,0.003878
1996-08-15,0.001143
1996-08-16,0.004323
1996-08-19,0.001181
1996-08-20,-0.001032
1996-08-21,-0.000572
1996-08-22,0.008468
1996-08-23,-0.003311
1996-08-26,-0.003433
1996-08-27,0.004133
1996-08-28,0.000350
1996-08-29,-0.008978
1996-08-30,-0.005871
1996-09-03,0.001608
1996-09-04,0.001737
1996-09-05,-0.009316
1996-09-06,0.009639
1996-09-09,0.009556
1996-09-10,0.000703
1996-09-11,0.004259
1996-09-12,0.006305
1996-09-13,0.012654
1996-09-16,0.004973
1996-09-17,-0.001055
1996-09-18,-0.001504
1996-09-19,0.002012
1996-09-20,0.005055
1996-09-23,-0.001752
1996-09-24,0.000075
1996-09-25,0.001838
1996-09-26,0.002205
1996-09-27,0.000805
1996-09-30,0.002126
1996-10-01,0.000531
1996-10-02,0.007394
1996-10-03,-0.001473
1996-10-04,0.011026
1996-10-07,0.001947
1996-10-08,-0.004117
1996-10-09,-0.004652
1996-10-10,-0.002058
1996-10-11,0.006826
1996-10-14,0.004418
1996-10-15,-0.001422
1996-10-16,0.000895
1996-10-17,0.002518
1996-10-18,0.003693
1996-10-21,-0.002430
1996-10-22,-0.006109
1996-10-23,0.000264
1996-10-24,-0.004381
1996-10-25,-0.001838
1996-10-28,-0.005610
1996-10-29,0.002459
1996-10-30,-0.000005
1996-10-31,0.006197
1996-11-01,-0.001558
1996-11-04,0.002856
1996-11-05,0.008581
1996-11-06,0.013692
1996-11-07,0.004104
1996-11-08,0.003755
1996-11-11,0.002012
1996-11-12,-0.001739
1996-11-13,0.001893
1996-11-14,0.005906
1996-11-15,0.000949
1996-11-18,-0.001414
1996-11-19,0.005419
1996-11-20,0.002527
1996-11-21,-0.001853
1996-11-22,0.007379
1996-11-25,0.009615
1996-11-26,-0.001629
1996-11-27,0.000395
1996-11-29,0.002945
1996-12-02,0.000523
1996-12-03,-0.006779
1996-12-04,-0.003173
1996-12-05,-0.000593
1996-12-06,-0.007233
1996-12-09,0.013901
1996-12-10,-0.002452
1996-12-11,-0.009267
1996-12-12,-0.012178
1996-12-13,-0.002678
1996-12-16,-0.010525
1996-12-17,0.004565
1996-12-18,0.008300
1996-12-19,0.015757
1996-12-20,0.003098
1996-12-23,-0.003179
1996-12-24,0.004716
1996-12-26,0.005695
1996-12-27,0.001962
1996-12-30,-0.001949
1996-12-31,-0.009417
1997-01-02,-0.007358
1997-01-03,0.013492
1997-01-06,0.000703
1997-01-07,0.007351
1997-01-08,-0.003752
1997-01-09,0.007499
1997-01-10,0.005146
1997-01-13,-0.000108
1997-01-14,0.011041
1997-01-15,-0.001530
1997-01-16,0.002916
1997-01-17,0.007129
1997-01-20,0.002394
1997-01-21,0.005429
1997-01-22,0.003967
1997-01-23,-0.008096
1997-01-24,-0.009256
1997-01-27,-0.006596
1997-01-28,0.000519
1997-01-29,0.006677
1997-01-30,0.011775
1997-01-31,0.003341
1997-02-03,0.000265
1997-02-04,0.001369
1997-02-05,-0.012224
1997-02-06,0.002128
1997-02-07,0.009367
1997-02-10,-0.006290
1997-02-11,0.003572
1997-02-12,0.014928
1997-02-13,0.010211
1997-02-14,-0.001746
1997-02-18,0.006931
1997-02-19,-0.002860
1997-02-20,-0.010985
1997-02-21,-0.002204
1997-02-24,0.008246
1997-02-25,0.002709
1997-02-26,-0.007353
1997-02-27,-0.011942
1997-02-28,-0.004613
1997-03-03,0.003758
1997-03-04,-0.002236
1997-03-05,0.011550
1997-03-06,-0.002506
1997-03-07,0.006814
1997-03-10,0.008570
1997-03-11,-0.001959
1997-03-12,-0.007720
1997-03-13,-0.015964
1997-03-14,0.003526
1997-03-17,-0.001184
1997-03-18,-0.007267
1997-03-19,-0.006177
1997-03-20,-0.001847
1997-03-21,0.001160
1997-03-24,0.004840
1997-03-25,-0.000335
1997-03-26,0.002518
1997-03-27,-0.018549
1997-03-31,-0.021989
1997-04-01,0.001827
1997-04-02,-0.011309
1997-04-03,-0.000273
1997-04-04,0.011111
1997-04-07,0.007864
1997-04-08,0.004192
1997-04-09,-0.005362
1997-04-10,-0.004026
1997-04-11,-0.024128
1997-04-14,0.005169
1997-04-15,0.011999
1997-04-16,0.008122
1997-04-17,-0.000863
1997-04-18,0.004313
1997-04-21,-0.009271
1997-04-22,0.013684
1997-04-23,-0.000012
1997-04-24,-0.002017
1997-04-25,-0.009074
1997-04-28,0.007791
1997-04-29,0.023649
1997-04-30,0.009343
1997-05-01,-0.000316
1997-05-02,0.019173
1997-05-05,0.021008
1997-05-06,-0.002737
1997-05-07,-0.011100
1997-05-08,0.004450
1997-05-09,0.005414
1997-05-12,0.012760
1997-05-13,-0.004298
1997-05-14,0.003512
1997-05-15,0.005937
1997-05-16,-0.010439
1997-05-19,0.002846
1997-05-20,0.008911
1997-05-21,-0.000619
1997-05-22,-0.002138
1997-05-23,0.012570
1997-05-27,0.002988
1997-05-28,-0.000999
1997-05-29,-0.002346
1997-05-30,0.005416
1997-06-02,0.000090
1997-06-03,-0.001244
1997-06-04,-0.004105
1997-06-05,0.004372
1997-06-06,0.013499
1997-06-09,0.004614
1997-06-10,0.001526
1997-06-11,0.003956
1997-06-12,0.012720
1997-06-13,0.009850
1997-06-16,0.000735
1997-06-17,0.001477
1997-06-18,-0.003685
1997-06-19,0.009394
1997-06-20,-0.000193
1997-06-23,-0.017584
1997-06-24,0.015658
1997-06-25,-0.006574
1997-06-26,-0.004565
1997-06-27,0.004278
1997-06-30,-0.000478
1997-07-01,0.005729
1997-07-02,0.011721
1997-07-03,0.011900
1997-07-07,-0.003372
1997-07-08,0.007022
1997-07-09,-0.008635
1997-07-10,0.006042
1997-07-11,0.004660
1997-07-14,0.002446
1997-07-15,0.007385
1997-07-16,0.011512
1997-07-17,-0.005121
1997-07-18,-0.013530
1997-07-21,-0.004248
1997-07-22,0.019322
1997-07-23,0.003260
1997-07-24,0.003158
1997-07-25,-0.000930
1997-07-28,-0.001984
1997-07-29,0.005182
1997-07-30,0.010846
1997-07-31,0.002239
1997-08-01,-0.005229
1997-08-04,0.003258
1997-08-05,0.003583
1997-08-06,0.007357
1997-08-07,-0.007024
1997-08-08,-0.017513
1997-08-11,0.001308
1997-08-12,-0.008812
1997-08-13,-0.002384
1997-08-14,0.002545
1997-08-15,-0.019864
1997-08-18,0.007854
1997-08-19,0.013942
1997-08-20,0.013519
1997-08-21,-0.011830
1997-08-22,-0.002579
1997-08-25,-0.000652
1997-08-26,-0.005629
1997-08-27,0.001911
1997-08-28,-0.007694
1997-08-29,-0.002003
1997-09-02,0.024141
1997-09-03,0.001896
1997-09-04,0.002892
1997-09-05,0.000611
1997-09-08,0.003201
1997-09-09,0.002930
1997-09-10,-0.011471
1997-09-11,-0.006090
1997-09-12,0.011759
1997-09-15,-0.002483
1997-09-16,0.021915
1997-09-17,-0.000470
1997-09-18,0.003861
1997-09-19,0.003052
1997-09-22,0.005281
1997-09-23,-0.002470
1997-09-24,-0.005758
1997-09-25,-0.005499
1997-09-26,0.006215
1997-09-29,0.007381
1997-09-30,-0.003269
1997-10-01,0.006434
1997-10-02,0.005408
1997-10-03,0.005141
1997-10-06,0.007100
1997-10-07,0.008874
1997-10-08,-0.005795
1997-10-09,-0.001887
1997-10-10,-0.002733
1997-10-13,0.001182
1997-10-14,0.000483
1997-10-15,-0.003303
1997-10-16,-0.010226
1997-10-17,-0.012782
1997-10-20,0.011091
1997-10-21,0.015927
1997-10-22,-0.002620
1997-10-23,-0.018019
1997-10-24,-0.007926
1997-10-27,-0.065250
1997-10-28,0.040183
1997-10-29,0.001265
1997-10-30,-0.015518
1997-10-31,0.011766
1997-11-03,0.023026
1997-11-04,0.002357
1997-11-05,0.003803
1997-11-06,-0.004868
1997-11-07,-0.012737
1997-11-10,-0.004944
1997-11-11,0.000502
1997-11-12,-0.019461
1997-11-13,0.008105
1997-11-14,0.012087
1997-11-17,0.018269
1997-11-18,-0.007714
1997-11-19,0.004138
1997-11-20,0.013500
1997-11-21,0.002719
1997-11-24,-0.016280
1997-11-25,0.003213
1997-11-26,0.001533
1997-11-28,0.003752
1997-12-01,0.017384
1997-12-02,-0.002696
1997-12-03,0.005364
1997-12-04,-0.001628
1997-12-05,0.009801
1997-12-08,0.000963
1997-12-09,-0.007219
1997-12-10,-0.007872
1997-12-11,-0.015729
1997-12-12,-0.002876
1997-12-15,0.006388
1997-12-16,0.006073
1997-12-17,-0.000969
1997-12-18,-0.010296
1997-12-19,-0.006801
1997-12-22,0.005839
1997-12-23,-0.011394
1997-12-24,-0.005278
1997-12-26,0.003287
1997-12-29,0.016176
1997-12-30,0.017562
1997-12-31,0.002605
1998-01-02,0.002498
1998-01-05,0.002276
1998-01-06,-0.010232
1998-01-07,-0.003519
1998-01-08,-0.008325
1998-01-09,-0.029333
1998-01-12,0.006963
1998-01-13,0.015255
1998-01-14,0.006376
1998-01-15,-0.005708
1998-01-16,0.011205
1998-01-20,0.016299
1998-01-21,-0.006191
1998-01-22,-0.008412
1998-01-23,-0.004857
1998-01-26,-0.002026
1998-01-27,0.009813
1998-01-28,0.010036
1998-01-29,0.007384
1998-01-30,-0.003795
1998-02-02,0.018917
1998-02-03,0.005193
1998-02-04,0.002684
1998-02-05,-0.000798
1998-02-06,0.007615
1998-02-09,-0.000656
1998-02-10,0.008050
1998-02-11,0.001574
1998-02-12,0.003473
1998-02-13,-0.002179
1998-02-17,0.001661
1998-02-18,0.007974
1998-02-19,-0.001956
1998-02-20,0.003766
1998-02-23,0.004394
1998-02-24,-0.006709
1998-02-25,0.011481
1998-02-26,0.005983
1998-02-27,0.000767
1998-03-02,-0.001234
1998-03-03,0.003597
1998-03-04,-0.003851
1998-03-05,-0.010026
1998-03-06,0.018263
1998-03-09,-0.002918
1998-03-10,0.010609
1998-03-11,0.004919
1998-03-12,0.001652
1998-03-13,-0.000510
1998-03-16,0.008695
1998-03-17,0.000984
1998-03-18,0.004672
1998-03-19,0.004084
1998-03-20,0.005978
1998-03-23,-0.002713
1998-03-24,0.008425
1998-03-25,-0.001829
1998-03-26,-0.000184
1998-03-27,-0.003694
1998-03-30,-0.002189
1998-03-31,0.007673
1998-04-01,0.006150
1998-04-02,0.008177
1998-04-03,0.001943
1998-04-06,-0.002448
1998-04-07,-0.010432
1998-04-08,-0.004353
1998-04-09,0.007809
1998-04-13,-0.000311
1998-04-14,0.007068
1998-04-15,0.004031
1998-04-16,-0.008238
1998-04-17,0.010681
1998-04-20,0.001873
1998-04-21,0.002598
1998-04-22,0.002798
1998-04-23,-0.010750
1998-04-24,-0.009536
1998-04-27,-0.021239
1998-04-28,0.002042
1998-04-29,0.009058
1998-04-30,0.014625
1998-05-01,0.006414
1998-05-04,0.001749
1998-05-05,-0.005628
1998-05-06,-0.007841
1998-05-07,-0.008103
1998-05-08,0.010660
1998-05-11,-0.002003
1998-05-12,0.005204
1998-05-13,0.002481
1998-05-14,-0.001594
1998-05-15,-0.007218
1998-05-18,-0.004329
1998-05-19,0.004016
1998-05-20,0.004906
1998-05-21,-0.003107
1998-05-22,-0.004931
1998-05-26,-0.014828
1998-05-27,-0.003928
1998-05-28,0.005968
1998-05-29,-0.003673
1998-06-01,-0.003557
1998-06-02,0.002243
1998-06-03,-0.007366
1998-06-04,0.009505
1998-06-05,0.013883
1998-06-08,0.002800
1998-06-09,0.002433
1998-06-10,-0.007170
1998-06-11,-0.014528
1998-06-12,0.000820
1998-06-15,-0.019643
1998-06-16,0.010020
1998-06-17,0.016311
1998-06-18,-0.001685
1998-06-19,-0.003940
1998-06-22,0.003479
1998-06-23,0.013154
1998-06-24,0.011201
1998-06-25,-0.002646
1998-06-26,0.003007
1998-06-29,0.005640
1998-06-30,-0.001381
1998-07-01,0.010824
1998-07-02,-0.001670
1998-07-06,0.008520
1998-07-07,-0.001401
1998-07-08,0.008746
1998-07-09,-0.004986
1998-07-10,0.003026
1998-07-13,0.000947
1998-07-14,0.008412
1998-07-15,-0.000678
1998-07-16,0.006445
1998-07-17,0.001777
1998-07-20,-0.001093
1998-07-21,-0.015120
1998-07-22,-0.003009
1998-07-23,-0.019970
1998-07-24,-0.001750
1998-07-27,0.001435
1998-07-28,-0.014392
1998-07-29,-0.004694
1998-07-30,0.014275
1998-07-31,-0.018214
1998-08-03,-0.008598
1998-08-04,-0.034757
1998-08-05,0.004459
1998-08-06,0.010227
1998-08-07,0.004210
1998-08-10,-0.005857
1998-08-11,-0.016917
1998-08-12,0.015636
1998-08-13,-0.008869
1998-08-14,-0.009413
1998-08-17,0.014931
1998-08-18,0.016335
1998-08-19,-0.004254
1998-08-20,-0.006480
1998-08-21,-0.011825
1998-08-24,0.003383
1998-08-25,0.002485
1998-08-26,-0.010921
1998-08-27,-0.039433
1998-08-28,-0.016001
1998-08-31,-0.065905
1998-09-01,0.034987
1998-09-02,0.000744
1998-09-03,-0.010336
1998-09-04,-0.006699
1998-09-08,0.048350
1998-09-09,-0.017532
1998-09-10,-0.024597
1998-09-11,0.026080
1998-09-14,0.020014
1998-09-15,0.006943
1998-09-16,0.008548
1998-09-17,-0.023568
1998-09-18,0.004216
1998-09-21,0.002050
1998-09-22,0.007646
1998-09-23,0.032437
1998-09-24,-0.019815
1998-09-25,0.000726
1998-09-28,0.003589
1998-09-29,-0.001598
1998-09-30,-0.025481
1998-10-01,-0.032744
1998-10-02,0.013262
1998-10-05,-0.019592
1998-10-06,-0.004990
1998-10-07,-0.016961
1998-10-08,-0.017343
1998-10-09,0.026219
1998-10-12,0.016781
1998-10-13,-0.006285
1998-10-14,0.013511
1998-10-15,0.040646
1998-10-16,0.010577
1998-10-19,0.008334
1998-10-20,0.003375
1998-10-21,0.005547
1998-10-22,0.008724
1998-10-23,-0.005939
1998-10-26,0.004563
1998-10-27,-0.004126
1998-10-28,0.002622
1998-10-29,0.015511
1998-10-30,0.012714
1998-11-02,0.014396
1998-11-03,-0.000870
1998-11-04,0.009087
1998-11-05,0.012169
1998-11-06,0.006630
1998-11-09,-0.008214
1998-11-10,-0.001764
1998-11-11,-0.006358
1998-11-12,-0.002690
1998-11-13,0.005268
1998-11-16,0.007449
1998-11-17,0.003120
1998-11-18,0.005065
1998-11-19,0.007290
1998-11-20,0.008438
1998-11-23,0.019846
1998-11-24,-0.004701
1998-11-25,0.003951
1998-11-27,0.005685
1998-11-30,-0.022479
1998-12-01,0.008103
1998-12-02,-0.002470
1998-12-03,-0.015497
1998-12-04,0.019707
1998-12-07,0.008839
1998-12-08,-0.004006
1998-12-09,0.001339
1998-12-10,-0.015147
1998-12-11,-0.000605
1998-12-14,-0.020549
1998-12-15,0.016239
1998-12-16,-0.000463
1998-12-17,0.014666
1998-12-18,0.006689
1998-12-21,0.013469
1998-12-22,0.000029
1998-12-23,0.019196
1998-12-24,-0.000177
1998-12-28,0.001700
1998-12-29,0.011206
1998-12-30,-0.004896
1998-12-31,0.005046
1999-01-04,-0.000831
1999-01-05,0.011888
1999-01-06,0.021143
1999-01-07,-0.000799
1999-01-08,0.004604
1999-01-11,-0.004982
1999-01-12,-0.018197
1999-01-13,-0.005760
1999-01-14,-0.015793
1999-01-15,0.023001
1999-01-19,0.007600
1999-01-20,0.002364
1999-01-21,-0.017356
1999-01-22,-0.006415
1999-01-25,0.006536
1999-01-26,0.013889
1999-01-27,-0.007022
1999-01-28,0.015965
1999-01-29,0.009339
1999-02-01,-0.003402
1999-02-02,-0.008696
1999-02-03,0.009073
1999-02-04,-0.018078
1999-02-05,-0.008764
1999-02-08,0.002013
1999-02-09,-0.022437
1999-02-10,0.002821
1999-02-11,0.024302
1999-02-12,-0.018543
1999-02-16,0.006144
1999-02-17,-0.013809
1999-02-18,0.009466
1999-02-19,0.002409
1999-02-22,0.023701
1999-02-23,0.000693
1999-02-24,-0.012177
1999-02-25,-0.007097
1999-02-26,-0.004880
1999-03-01,-0.000384
1999-03-02,-0.006472
1999-03-03,-0.000296
1999-03-04,0.013488
1999-03-05,0.020411
1999-03-08,0.006597
1999-03-09,-0.002177
1999-03-10,0.005639
1999-03-11,0.007633
1999-03-12,-0.002965
1999-03-15,0.009283
1999-03-16,-0.001263
1999-03-17,-0.005089
1999-03-18,0.012180
1999-03-19,-0.012261
1999-03-22,-0.002787
1999-03-23,-0.026062
1999-03-24,0.005006
1999-03-25,0.017790
1999-03-26,-0.004610
1999-03-29,0.019376
1999-03-30,-0.006279
1999-03-31,-0.007844
1999-04-01,0.005663
1999-04-05,0.018325
1999-04-06,-0.002196
1999-04-07,0.004102
1999-04-08,0.013218
1999-04-09,0.004653
1999-04-12,0.008995
1999-04-13,-0.002763
1999-04-14,-0.013497
1999-04-15,-0.003236
1999-04-16,-0.001426
1999-04-19,-0.023432
1999-04-20,0.012929
1999-04-21,0.024557
1999-04-22,0.013390
1999-04-23,0.001090
1999-04-26,0.004594
1999-04-27,0.001117
1999-04-28,-0.008105
1999-04-29,-0.004461
1999-04-30,-0.004383
1999-05-03,0.011799
1999-05-04,-0.014288
1999-05-05,0.009909
1999-05-06,-0.010719
1999-05-07,0.008531
1999-05-10,0.000161
1999-05-11,0.011791
1999-05-12,0.006233
1999-05-13,0.002787
1999-05-14,-0.021040
1999-05-17,0.000953
1999-05-18,-0.003216
1999-05-19,0.008449
1999-05-20,-0.003340
1999-05-21,-0.005350
1999-05-24,-0.018918
1999-05-25,-0.017343
1999-05-26,0.013231
1999-05-27,-0.013938
1999-05-28,0.014876
1999-06-01,-0.007232
1999-06-02,0.001216
1999-06-03,0.001975
1999-06-04,0.019623
1999-06-07,0.007281
1999-06-08,-0.011830
1999-06-09,0.002111
1999-06-10,-0.011097
1999-06-11,-0.007245
1999-06-14,-0.004427
1999-06-15,0.004864
1999-06-16,0.021942
1999-06-17,0.007096
1999-06-18,0.002578
1999-06-21,0.005859
1999-06-22,-0.008868
1999-06-23,-0.001549
1999-06-24,-0.012497
1999-06-25,-0.000241
1999-06-28,0.011682
1999-06-29,0.014269
1999-06-30,0.016033
1999-07-01,0.005640
1999-07-02,0.007484
1999-07-06,-0.000238
1999-07-07,0.002208
1999-07-08,0.000070
1999-07-09,0.005734
1999-07-12,-0.002063
1999-07-13,-0.003820
1999-07-14,0.004844
1999-07-15,0.008301
1999-07-16,0.004596
1999-07-19,-0.007754
1999-07-20,-0.021588
1999-07-21,0.002601
1999-07-22,-0.012949
1999-07-23,-0.003256
1999-07-26,-0.009941
1999-07-27,0.011276
1999-07-28,0.002207
1999-07-29,-0.017433
1999-07-30,-0.006751
1999-08-02,-0.002197
1999-08-03,-0.007221
1999-08-04,-0.014131
1999-08-05,0.005711
1999-08-06,-0.009767
1999-08-09,-0.003409
1999-08-10,-0.011303
1999-08-11,0.016390
1999-08-12,-0.001113
1999-08-13,0.021934
1999-08-16,0.002624
1999-08-17,0.009594
1999-08-18,-0.007271
1999-08-19,-0.007277
1999-08-20,0.008798
1999-08-23,0.017091
1999-08-24,0.001877
1999-08-25,0.011669
1999-08-26,-0.011717
1999-08-27,-0.009218
1999-08-30,-0.017294
1999-08-31,-0.001395
1999-09-01,0.007404
1999-09-02,-0.008618
1999-09-03,0.027667
1999-09-07,-0.002650
1999-09-08,-0.004867
1999-09-09,0.003614
1999-09-10,0.004422
1999-09-13,-0.006065
1999-09-14,-0.005037
1999-09-15,-0.012358
1999-09-16,-0.001897
1999-09-17,0.012215
1999-09-20,0.000062
1999-09-21,-0.018888
1999-09-22,0.002863
1999-09-23,-0.022383
1999-09-24,-0.002169
1999-09-27,0.004697
1999-09-28,-0.002127
1999-09-29,-0.007138
1999-09-30,0.009445
1999-10-01,-0.001618
1999-10-04,0.016671
1999-10-05,-0.000862
1999-10-06,0.017703
1999-10-07,-0.004065
1999-10-08,0.010614
1999-10-11,0.002385
1999-10-12,-0.016319
1999-10-13,-0.020044
1999-10-14,-0.000716
1999-10-15,-0.025649
1999-10-18,0.000193
1999-10-19,0.007499
1999-10-20,0.018696
1999-10-21,-0.001277
1999-10-22,0.013604
1999-10-25,-0.003904
1999-10-26,-0.008070
1999-10-27,0.008210
1999-10-28,0.032519
1999-10-29,0.017001
1999-11-01,-0.003594
1999-11-02,-0.002780
1999-11-03,0.007196
1999-11-04,0.006528
1999-11-05,0.007391
1999-11-08,0.006052
1999-11-09,-0.007049
1999-11-10,0.005549
1999-11-11,0.004386
1999-11-12,0.010538
1999-11-15,0.001310
1999-11-16,0.018092
1999-11-17,-0.006000
1999-11-18,0.011246
1999-11-19,-0.000821
1999-11-22,-0.000096
1999-11-23,-0.012340
1999-11-24,0.008769
1999-11-26,0.002840
1999-11-29,-0.006324
1999-11-30,-0.013074
1999-12-01,0.005045
1999-12-02,0.011141
1999-12-03,0.015814
1999-12-06,-0.003118
1999-12-07,-0.003852
1999-12-08,-0.000920
1999-12-09,0.001666
1999-12-10,0.005711
1999-12-13,0.000994
1999-12-14,-0.012647
1999-12-15,0.005367
1999-12-16,0.006939
1999-12-17,0.003046
1999-12-20,-0.000494
1999-12-21,0.015016
1999-12-22,0.003220
1999-12-23,0.013459
1999-12-27,-0.000479
1999-12-28,0.001559
1999-12-29,0.006572
1999-12-30,0.000829
1999-12-31,0.006200
2000-01-03,-0.006803
2000-01-04,-0.039652
2000-01-05,-0.000935
2000-01-06,-0.007391
2000-01-07,0.032516
2000-01-10,0.018608
2000-01-11,-0.016941
2000-01-12,-0.006922
2000-01-13,0.016265
2000-01-14,0.011137
2000-01-18,-0.000860
2000-01-19,0.004631
2000-01-20,-0.002801
2000-01-21,0.002655
2000-01-24,-0.025311
2000-01-25,0.005547
2000-01-26,-0.004530
2000-01-27,-0.003521
2000-01-28,-0.028051
2000-01-31,0.014744
2000-02-01,0.012300
2000-02-02,0.003106
2000-02-03,0.015598
2000-02-04,0.001021
2000-02-07,0.003075
2000-02-08,0.012724
2000-02-09,-0.017185
2000-02-10,0.006488
2000-02-11,-0.017335
2000-02-14,0.002672
2000-02-15,0.007370
2000-02-16,-0.005260
2000-02-17,0.005036
2000-02-18,-0.026050
2000-02-22,0.000556
2000-02-23,0.012353
2000-02-24,-0.000378
2000-02-25,-0.009546
2000-02-28,0.007756
2000-02-29,0.019138
2000-03-01,0.014596
2000-03-02,-0.000614
2000-03-03,0.022590
2000-03-06,-0.006612
2000-03-07,-0.021824
2000-03-08,0.006478
2000-03-09,0.023977
2000-03-10,-0.002837
2000-03-13,-0.014555
2000-03-14,-0.022405
2000-03-15,0.006799
2000-03-16,0.041149
2000-03-17,0.006478
2000-03-20,-0.016474
2000-03-21,0.019027
2000-03-22,0.013567
2000-03-23,0.014405
2000-03-24,0.002147
2000-03-27,-0.003358
2000-03-28,-0.013168
2000-03-29,-0.010693
2000-03-30,-0.018181
2000-03-31,0.012111
2000-04-03,-0.017206
2000-04-04,-0.012824
2000-04-05,0.001060
2000-04-06,0.015859
2000-04-07,0.014535
2000-04-10,-0.019337
2000-04-11,-0.010238
2000-04-12,-0.029996
2000-04-13,-0.017135
2000-04-14,-0.066175
2000-04-17,0.029299
2000-04-18,0.038392
2000-04-19,-0.007378
2000-04-20,0.000561
2000-04-24,-0.010579
2000-04-25,0.038638
2000-04-26,-0.011333
2000-04-27,0.007165
2000-04-28,0.000973
2000-05-01,0.015141
2000-05-02,-0.019366
2000-05-03,-0.021067
2000-05-04,0.000882
2000-05-05,0.015485
2000-05-08,-0.010189
2000-05-09,-0.011780
2000-05-10,-0.026778
2000-05-11,0.020428
2000-05-12,0.008521
2000-05-15,0.020691
2000-05-16,0.013807
2000-05-17,-0.013413
2000-05-18,-0.010467
2000-05-19,-0.024081
2000-05-22,-0.007917
2000-05-23,-0.023379
2000-05-24,0.015412
2000-05-25,-0.011616
2000-05-26,-0.001787
2000-05-30,0.037875
2000-05-31,-0.001740
2000-06-01,0.025195
2000-06-02,0.029096
2000-06-05,-0.003705
2000-06-06,-0.007927
2000-06-07,0.011114
2000-06-08,-0.005120
2000-06-09,0.001025
2000-06-12,-0.011024
2000-06-13,0.014502
2000-06-14,-0.000844
2000-06-15,0.004970
2000-06-16,-0.006716
2000-06-19,0.016156
2000-06-20,-0.002430
2000-06-21,0.003636
2000-06-22,-0.018904
2000-06-23,-0.009194
2000-06-26,0.009773
2000-06-27,-0.005300
2000-06-28,0.007521
2000-06-29,-0.006933
2000-06-30,0.007400
2000-07-03,0.010019
2000-07-05,-0.015790
2000-07-06,0.008412
2000-07-07,0.014433
2000-07-10,-0.001199
2000-07-11,0.002003
2000-07-12,0.013264
2000-07-13,0.005768
2000-07-14,0.009675
2000-07-17,0.001402
2000-07-18,-0.012818
2000-07-19,-0.011338
2000-07-20,0.013250
2000-07-21,-0.011642
2000-07-24,-0.013586
2000-07-25,0.005435
2000-07-26,-0.011710
2000-07-27,-0.009848
2000-07-28,-0.023334
2000-07-31,0.010123
2000-08-01,0.001448
2000-08-02,0.000690
2000-08-03,0.010131
2000-08-04,0.009086
2000-08-07,0.012497
2000-08-08,0.001074
2000-08-09,-0.005173
2000-08-10,-0.009367
2000-08-11,0.008345
2000-08-14,0.012661
2000-08-15,-0.003819
2000-08-16,-0.001037
2000-08-17,0.011605
2000-08-18,-0.002649
2000-08-21,0.003793
2000-08-22,0.000292
2000-08-23,0.005030
2000-08-24,0.003506
2000-08-25,0.000084
2000-08-28,0.004815
2000-08-29,-0.000658
2000-08-30,-0.000758
2000-08-31,0.011971
2000-09-01,0.004986
2000-09-05,-0.008874
2000-09-06,-0.012165
2000-09-07,0.007519
2000-09-08,-0.008837
2000-09-11,-0.004717
2000-09-12,-0.005147
2000-09-13,0.003437
2000-09-14,0.001404
2000-09-15,-0.011252
2000-09-18,-0.018458
2000-09-19,0.012571
2000-09-20,-0.004483
2000-09-21,-0.005631
2000-09-22,0.004009
2000-09-25,-0.004854
2000-09-26,-0.009139
2000-09-27,-0.002495
2000-09-28,0.022718
2000-09-29,-0.012354
2000-10-02,-0.005967
2000-10-03,-0.012101
2000-10-04,0.006403
2000-10-05,-0.001192
2000-10-06,-0.021602
2000-10-09,-0.003434
2000-10-10,-0.014331
2000-10-11,-0.017175
2000-10-12,-0.027423
2000-10-13,0.038630
2000-10-16,0.002233
2000-10-17,-0.019825
2000-10-18,-0.008593
2000-10-19,0.037020
2000-10-20,0.009775
2000-10-23,0.000144
2000-10-24,-0.000980
2000-10-25,-0.027450
2000-10-26,0.000603
2000-10-27,0.008625
2000-10-30,0.006715
2000-10-31,0.028395
2000-11-01,-0.004313
2000-11-02,0.010034
2000-11-03,0.000548
2000-11-06,0.001272
2000-11-07,-0.000987
2000-11-08,-0.018907
2000-11-09,-0.009808
2000-11-10,-0.026389
2000-11-13,-0.013356
2000-11-14,0.026070
2000-11-15,0.005432
2000-11-16,-0.016411
2000-11-17,-0.004486
2000-11-20,-0.023896
2000-11-21,0.000294
2000-11-22,-0.020858
2000-11-24,0.021101
2000-11-27,0.003675
2000-11-28,-0.016877
2000-11-29,0.000640
2000-11-30,-0.019168
2000-12-01,0.006217
2000-12-04,0.003689
2000-12-05,0.045360
2000-12-06,-0.016468
2000-12-07,-0.005876
2000-12-08,0.028504
2000-12-11,0.011986
2000-12-12,-0.010891
2000-12-13,-0.011568
2000-12-14,-0.016984
2000-12-15,-0.017778
2000-12-18,0.005421
2000-12-19,-0.015778
2000-12-20,-0.035199
2000-12-21,0.005463
2000-12-22,0.030143
2000-12-26,0.005523
2000-12-27,0.013911
2000-12-28,0.009406
2000-12-29,-0.011225
2001-01-02,-0.034230
2001-01-03,0.053170
2001-01-04,-0.011674
2001-01-05,-0.028909
2001-01-08,-0.003410
2001-01-09,0.004794
2001-01-10,0.013930
2001-01-11,0.015063
2001-01-12,-0.003619
2001-01-16,0.006257
2001-01-17,0.004447
2001-01-18,0.012175
2001-01-19,-0.004109
2001-01-22,0.000281
2001-01-23,0.015817
2001-01-24,0.003372
2001-01-25,-0.007521
2001-01-26,-0.000656
2001-01-29,0.009004
2001-01-30,0.006590
2001-01-31,-0.006676
2001-02-01,0.003826
2001-02-02,-0.018530
2001-02-05,0.002122
2001-02-06,0.000441
2001-02-07,-0.008672
2001-02-08,-0.006499
2001-02-09,-0.014177
2001-02-12,0.010339
2001-02-13,-0.008688
2001-02-14,-0.000151
2001-02-15,0.008984
2001-02-16,-0.020635
2001-02-20,-0.018782
2001-02-21,-0.018405
2001-02-22,-0.004570
2001-02-23,-0.003938
2001-02-26,0.019195
2001-02-27,-0.011520
2001-02-28,-0.013727
2001-03-01,0.000412
2001-03-02,-0.004982
2001-03-05,0.005448
2001-03-06,0.011469
2001-03-07,0.006106
2001-03-08,-0.001235
2001-03-09,-0.024339
2001-03-12,-0.042339
2001-03-13,0.014925
2001-03-14,-0.025008
2001-03-15,0.003320
2001-03-16,-0.020802
2001-03-19,0.018614
2001-03-20,-0.023084
2001-03-21,-0.018702
2001-03-22,-0.004493
2001-03-23,0.020456
2001-03-26,0.011157
2001-03-27,0.022920
2001-03-28,-0.026036
2001-03-29,-0.005451
2001-03-30,0.012154
2001-04-02,-0.015566
2001-04-03,-0.035946
2001-04-04,-0.003278
2001-04-05,0.045869
2001-04-06,-0.020118
2001-04-09,0.009232
2001-04-10,0.029015
2001-04-11,-0.000807
2001-04-12,0.015924
2001-04-16,-0.004957
2001-04-17,0.010484
2001-04-18,0.039640
2001-04-19,0.014654
2001-04-20,-0.008364
2001-04-23,-0.016711
2001-04-24,-0.010891
2001-04-25,0.016293
2001-04-26,0.004979
2001-04-27,0.014484
2001-04-30,0.000796
2001-05-01,0.013246
2001-05-02,0.003388
2001-05-03,-0.015257
2001-05-04,0.013960
2001-05-07,-0.003170
2001-05-08,-0.000626
2001-05-09,-0.004339
2001-05-10,-0.000433
2001-05-11,-0.007514
2001-05-14,0.000980
2001-05-15,0.001457
2001-05-16,0.027234
2001-05-17,0.005877
2001-05-18,0.002704
2001-05-21,0.018567
2001-05-22,-0.001667
2001-05-23,-0.016696
2001-05-24,0.004134
2001-05-25,-0.009938
2001-05-29,-0.010366
2001-05-30,-0.017571
2001-05-31,0.007658
2001-06-01,0.005390
2001-06-04,0.005078
2001-06-05,0.014223
2001-06-06,-0.009440
2001-06-07,0.005322
2001-06-08,-0.009528
2001-06-11,-0.009595
2001-06-12,0.000200
2001-06-13,-0.009958
2001-06-14,-0.019201
2001-06-15,-0.004904
2001-06-18,-0.006689
2001-06-19,0.001768
2001-06-20,0.009743
2001-06-21,0.009901
2001-06-22,-0.009010
2001-06-25,-0.004851
2001-06-26,-0.000155
2001-06-27,-0.002117
2001-06-28,0.012574
2001-06-29,0.004332
2001-07-02,0.005340
2001-07-03,-0.001734
2001-07-05,-0.012098
2001-07-06,-0.022162
2001-07-09,0.005712
2001-07-10,-0.014251
2001-07-11,-0.002280
2001-07-12,0.023558
2001-07-13,0.005369
2001-07-16,-0.011623
2001-07-17,0.010631
2001-07-18,-0.006847
2001-07-19,0.005146
2001-07-20,-0.002910
2001-07-23,-0.014650
2001-07-24,-0.016244
2001-07-25,0.013667
2001-07-26,0.011500
2001-07-27,0.003303
2001-07-30,-0.001179
2001-07-31,0.004891
2001-08-01,0.005035
2001-08-02,0.003220
2001-08-03,-0.004627
2001-08-06,-0.011012
2001-08-07,0.002247
2001-08-08,-0.016731
2001-08-09,-0.000140
2001-08-10,0.004280
2001-08-13,0.002332
2001-08-14,-0.002438
2001-08-15,-0.006807
2001-08-16,0.001920
2001-08-17,-0.015924
2001-08-20,0.006837
2001-08-21,-0.011467
2001-08-22,0.007436
2001-08-23,-0.002763
2001-08-24,0.018220
2001-08-27,-0.003691
2001-08-28,-0.014374
2001-08-29,-0.009583
2001-08-30,-0.015525
2001-08-31,0.004059
2001-09-04,-0.001656
2001-09-05,-0.003236
2001-09-06,-0.020698
2001-09-07,-0.017764
2001-09-10,0.003516
2001-09-17,-0.050716
2001-09-18,-0.008315
2001-09-19,-0.017086
2001-09-20,-0.030611
2001-09-21,-0.018585
2001-09-24,0.037719
2001-09-25,0.007584
2001-09-26,-0.006027
2001-09-27,0.010694
2001-09-28,0.022772
2001-10-01,-0.004418
2001-10-02,0.011549
2001-10-03,0.022146
2001-10-04,-0.000280
2001-10-05,0.000404
2001-10-08,-0.007684
2001-10-09,-0.004786
2001-10-10,0.023138
2001-10-11,0.017246
2001-10-12,-0.005431
2001-10-15,-0.000767
2001-10-16,0.007835
2001-10-17,-0.019319
2001-10-18,-0.007065
2001-10-19,0.004919
2001-10-22,0.014523
2001-10-23,-0.004389
2001-10-24,0.001022
2001-10-25,0.013791
2001-10-26,0.004294
2001-10-29,-0.022574
2001-10-30,-0.017161
2001-10-31,0.002210
2001-11-01,0.020699
2001-11-02,0.002178
2001-11-05,0.013980
2001-11-06,0.014136
2001-11-07,-0.001915
2001-11-08,0.001064
2001-11-09,0.000951
2001-11-12,-0.000561
2001-11-13,0.018552
2001-11-14,0.003493
2001-11-15,0.000024
2001-11-16,-0.001699
2001-11-19,0.011676
2001-11-20,-0.008250
2001-11-21,-0.004484
2001-11-23,0.011704
2001-11-26,0.007432
2001-11-27,-0.005066
2001-11-28,-0.017339
2001-11-29,0.011230
2001-11-30,-0.000933
2001-12-03,-0.008432
2001-12-04,0.014756
2001-12-05,0.023123
2001-12-06,-0.001083
2001-12-07,-0.007313
2001-12-10,-0.015035
2001-12-11,-0.001758
2001-12-12,0.000557
2001-12-13,-0.015388
2001-12-14,0.003485
2001-12-17,0.010394
2001-12-18,0.008046
2001-12-19,0.003645
2001-12-20,-0.009356
2001-12-21,0.006047
2001-12-24,0.000228
2001-12-26,0.005228
2001-12-27,0.006924
2001-12-28,0.004377
2001-12-31,-0.009722
2002-01-02,0.003832
2002-01-03,0.009844
2002-01-04,0.006987
2002-01-07,-0.006531
2002-01-08,-0.002443
2002-01-09,-0.004243
2002-01-10,0.000579
2002-01-11,-0.008776
2002-01-14,-0.008123
2002-01-15,0.005732
2002-01-16,-0.016273
2002-01-17,0.010140
2002-01-18,-0.010133
2002-01-22,-0.007796
2002-01-23,0.008862
2002-01-24,0.004027
2002-01-25,0.000940
2002-01-28,0.000101
2002-01-29,-0.025331
2002-01-30,0.010237
2002-01-31,0.013196
2002-02-01,-0.006416
2002-02-04,-0.023837
2002-02-05,-0.004851
2002-02-06,-0.007193
2002-02-07,-0.003550
2002-02-08,0.015799
2002-02-11,0.013405
2002-02-12,-0.003412
2002-02-13,0.009546
2002-02-14,-0.002464
2002-02-15,-0.010279
2002-02-19,-0.018868
2002-02-20,0.012887
2002-02-21,-0.014505
2002-02-22,0.007242
2002-02-25,0.016490
2002-02-26,0.001059
2002-02-27,0.001081
2002-02-28,-0.002910
2002-03-01,0.021869
2002-03-04,0.020416
2002-03-05,-0.004810
2002-03-06,0.013935
2002-03-07,-0.003776
2002-03-08,0.006939
2002-03-11,0.002784
2002-03-12,-0.002864
2002-03-13,-0.009091
2002-03-14,-0.000023
2002-03-15,0.010225
2002-03-18,0.001273
2002-03-19,0.003372
2002-03-20,-0.014411
2002-03-21,0.003144
2002-03-22,-0.004248
2002-03-25,-0.014346
2002-03-26,0.005784
2002-03-27,0.005506
2002-03-28,0.003007
2002-04-01,-0.001037
2002-04-02,-0.008656
2002-04-03,-0.009501
2002-04-04,0.000922
2002-04-05,-0.002536
2002-04-08,0.002963
2002-04-09,-0.005543
2002-04-10,0.011473
2002-04-11,-0.021317
2002-04-12,0.008222
2002-04-15,-0.005992
2002-04-16,0.021963
2002-04-17,-0.001967
2002-04-18,-0.001513
2002-04-19,0.000728
2002-04-22,-0.014740
2002-04-23,-0.005266
2002-04-24,-0.006112
2002-04-25,-0.001791
2002-04-26,-0.013426
2002-04-29,-0.008790
2002-04-30,0.012116
2002-05-01,0.007501
2002-05-02,-0.001705
2002-05-03,-0.008923
2002-05-06,-0.018279
2002-05-07,-0.003717
2002-05-08,0.034475
2002-05-09,-0.013940
2002-05-10,-0.015373
2002-05-13,0.017053
2002-05-14,0.020937
2002-05-15,-0.003349
2002-05-16,0.003503
2002-05-17,0.006945
2002-05-20,-0.011924
2002-05-21,-0.011140
2002-05-22,0.003687
2002-05-23,0.010484
2002-05-24,-0.011307
2002-05-28,-0.006811
2002-05-29,-0.006594
2002-05-30,-0.002317
2002-05-31,0.002123
2002-06-03,-0.023891
2002-06-04,-0.001441
2002-06-05,0.007669
2002-06-06,-0.018327
2002-06-07,-0.000239
2002-06-10,0.001732
2002-06-11,-0.015944
2002-06-12,0.004634
2002-06-13,-0.010333
2002-06-14,-0.000917
2002-06-17,0.026832
2002-06-18,0.000342
2002-06-19,-0.015505
2002-06-20,-0.012609
2002-06-21,-0.014387
2002-06-24,0.001280
2002-06-25,-0.015443
2002-06-26,-0.003268
2002-06-27,0.016334
2002-06-28,0.002098
2002-07-01,-0.021973
2002-07-02,-0.022423
2002-07-03,0.003614
2002-07-05,0.034437
2002-07-08,-0.011226
2002-07-09,-0.021878
2002-07-10,-0.029814
2002-07-11,0.005011
2002-07-12,-0.005823
2002-07-15,-0.004885
2002-07-16,-0.014205
2002-07-17,0.005990
2002-07-18,-0.025070
2002-07-19,-0.032917
2002-07-22,-0.032104
2002-07-23,-0.029557
2002-07-24,0.052303
2002-07-25,-0.005704
2002-07-26,0.014898
2002-07-29,0.053155
2002-07-30,0.004752
2002-07-31,0.005612
2002-08-01,-0.025850
2002-08-02,-0.022523
2002-08-05,-0.032872
2002-08-06,0.030122
2002-08-07,0.016766
2002-08-08,0.029326
2002-08-09,0.003413
2002-08-12,-0.003853
2002-08-13,-0.020222
2002-08-14,0.035449
2002-08-15,0.011751
2002-08-16,0.000815
2002-08-19,0.020985
2002-08-20,-0.012101
2002-08-21,0.013574
2002-08-22,0.012779
2002-08-23,-0.021578
2002-08-26,0.008441
2002-08-27,-0.014327
2002-08-28,-0.017674
2002-08-29,0.001876
2002-08-30,-0.002308
2002-09-03,-0.038177
2002-09-04,0.017246
2002-09-05,-0.015460
2002-09-06,0.017566
2002-09-09,0.008651
2002-09-10,0.006450
2002-09-11,0.000661
2002-09-12,-0.022898
2002-09-13,0.003227
2002-09-16,-0.000143
2002-09-17,-0.018419
2002-09-18,-0.005118
2002-09-19,-0.028725
2002-09-20,0.002166
2002-09-23,-0.014850
2002-09-24,-0.015063
2002-09-25,0.023969
2002-09-26,0.017189
2002-09-27,-0.028405
2002-09-30,-0.012039
2002-10-01,0.033721
2002-10-02,-0.022603
2002-10-03,-0.011203
2002-10-04,-0.022216
2002-10-07,-0.020365
2002-10-08,0.014046
2002-10-09,-0.027466
2002-10-10,0.033874
2002-10-11,0.036800
2002-10-14,0.006555
2002-10-15,0.045154
2002-10-16,-0.023029
2002-10-17,0.023741
2002-10-18,0.004828
2002-10-21,0.016398
2002-10-22,-0.011262
2002-10-23,0.007435
2002-10-24,-0.013220
2002-10-25,0.016322
2002-10-28,-0.007503
2002-10-29,-0.009320
2002-10-30,0.010540
2002-10-31,-0.003732
2002-11-01,0.017044
2002-11-04,0.008637
2002-11-05,0.006159
2002-11-06,0.009795
2002-11-07,-0.021771
2002-11-08,-0.008825
2002-11-11,-0.020448
2002-11-12,0.008291
2002-11-13,-0.000286
2002-11-14,0.024065
2002-11-15,0.006031
2002-11-18,-0.009038
2002-11-19,-0.004534
2002-11-20,0.018458
2002-11-21,0.021235
2002-11-22,-0.001957
2002-11-25,0.003400
2002-11-26,-0.019733
2002-11-27,0.027215
2002-11-29,-0.002594
2002-12-02,-0.000057
2002-12-03,-0.014824
2002-12-04,-0.003824
2002-12-05,-0.010752
2002-12-06,0.005735
2002-12-09,-0.021675
2002-12-10,0.014143
2002-12-11,0.000948
2002-12-12,-0.002191
2002-12-13,-0.013081
2002-12-16,0.021629
2002-12-17,-0.007772
2002-12-18,-0.013167
2002-12-19,-0.006740
2002-12-20,0.011620
2002-12-23,0.002633
2002-12-24,-0.004790
2002-12-26,-0.001644
2002-12-27,-0.015051
2002-12-30,0.003474
2002-12-31,0.001781
2003-01-02,0.030453
2003-01-03,-0.000337
2003-01-06,0.020191
2003-01-07,-0.006521
2003-01-08,-0.013261
2003-01-09,0.018159
2003-01-10,0.000582
2003-01-13,-0.001119
2003-01-14,0.005331
2003-01-15,-0.012335
2003-01-16,-0.002893
2003-01-17,-0.013850
2003-01-21,-0.015315
2003-01-22,-0.008945
2003-01-23,0.009995
2003-01-24,-0.026117
2003-01-27,-0.016338
2003-01-28,0.011883
2003-01-29,0.006301
2003-01-30,-0.020058
2003-01-31,0.012660
2003-02-03,0.003545
2003-02-04,-0.012520
2003-02-05,-0.004549
2003-02-06,-0.006256
2003-02-07,-0.010231
2003-02-10,0.006074
2003-02-11,-0.006158
2003-02-12,-0.012217
2003-02-13,-0.001822
2003-02-14,0.018219
2003-02-18,0.019322
2003-02-19,-0.006943
2003-02-20,-0.007043
2003-02-21,0.012364
2003-02-24,-0.016701
2003-02-25,0.006273
2003-02-26,-0.011315
2003-02-27,0.011219
2003-02-28,0.004282
2003-03-03,-0.006391
2003-03-04,-0.013814
2003-03-05,0.007475
2003-03-06,-0.008139
2003-03-07,0.006956
2003-03-10,-0.022834
2003-03-11,-0.007931
2003-03-12,0.002237
2003-03-13,0.032055
2003-03-14,0.001429
2003-03-17,0.032617
2003-03-18,0.004911
2003-03-19,0.006768
2003-03-20,0.003072
2003-03-21,0.021151
2003-03-24,-0.032826
2003-03-25,0.011789
2003-03-26,-0.004861
2003-03-27,-0.000744
2003-03-28,-0.004284
2003-03-31,-0.015745
2003-04-01,0.010749
2003-04-02,0.024911
2003-04-03,-0.004769
2003-04-04,0.001551
2003-04-07,0.002212
2003-04-08,-0.001747
2003-04-09,-0.011709
2003-04-10,0.005252
2003-04-11,-0.002872
2003-04-14,0.017886
2003-04-15,0.006331
2003-04-16,-0.010234
2003-04-17,0.015178
2003-04-21,-0.000385
2003-04-22,0.020172
2003-04-23,0.008330
2003-04-24,-0.008325
2003-04-25,-0.012574
2003-04-28,0.016864
2003-04-29,0.003239
2003-04-30,0.000726
2003-05-01,0.000256
2003-05-02,0.014894
2003-05-05,-0.000874
2003-05-06,0.008617
2003-05-07,-0.004813
2003-05-08,-0.009286
2003-05-09,0.013521
2003-05-12,0.012283
2003-05-13,-0.001893
2003-05-14,-0.001457
2003-05-15,0.006899
2003-05-16,-0.002024
2003-05-19,-0.022017
2003-05-20,-0.000310
2003-05-21,0.003965
2003-05-22,0.009068
2003-05-23,0.002720
2003-05-27,0.018616
2003-05-28,0.001873
2003-05-29,-0.002381
2003-05-30,0.014917
2003-06-02,0.004382
2003-06-03,0.003597
2003-06-04,0.015277
2003-06-05,0.005792
2003-06-06,-0.003336
2003-06-09,-0.012579
2003-06-10,0.009563
2003-06-11,0.013377
2003-06-12,0.001634
2003-06-13,-0.009961
2003-06-16,0.020524
2003-06-17,0.001213
2003-06-18,-0.001679
2003-06-19,-0.014222
2003-06-20,-0.000029
2003-06-23,-0.014824
2003-06-24,0.001761
2003-06-25,-0.005039
2003-06-26,0.010578
2003-06-27,-0.007565
2003-06-30,-0.001247
2003-07-01,0.006779
2003-07-02,0.012673
2003-07-03,-0.006433
2003-07-07,0.017833
2003-07-08,0.004626
2003-07-09,-0.003130
2003-07-10,-0.013119
2003-07-11,0.008946
2003-07-14,0.007305
2003-07-15,-0.004232
2003-07-16,-0.006056
2003-07-17,-0.014502
2003-07-18,0.010647
2003-07-21,-0.013153
2003-07-22,0.009225
2003-07-23,0.002128
2003-07-24,-0.005786
2003-07-25,0.014812
2003-07-28,-0.000087
2003-07-29,-0.005694
2003-07-30,-0.002022
2003-07-31,0.002954
2003-08-01,-0.009930
2003-08-04,0.000612
2003-08-05,-0.015913
2003-08-06,0.000031
2003-08-07,0.005845
2003-08-08,0.003421
2003-08-11,0.004933
2003-08-12,0.010299
2003-08-13,-0.004396
2003-08-14,0.005485
2003-08-15,0.001097
2003-08-18,0.009742
2003-08-19,0.004374
2003-08-20,-0.001200
2003-08-21,0.004300
2003-08-22,-0.010071
2003-08-25,-0.000861
2003-08-26,0.003082
2003-08-27,0.002067
2003-08-28,0.007012
2003-08-29,0.005252
2003-09-02,0.013285
2003-09-03,0.004633
2003-09-04,0.002509
2003-09-05,-0.005392
2003-09-08,0.010332
2003-09-09,-0.007523
2003-09-10,-0.013316
2003-09-11,0.005893
2003-09-12,0.002416
2003-09-15,-0.003410
2003-09-16,0.013478
2003-09-17,-0.002289
2003-09-18,0.011918
2003-09-19,-0.001433
2003-09-22,-0.012240
2003-09-23,0.006262
2003-09-24,-0.017653
2003-09-25,-0.008074
2003-09-26,-0.008389
2003-09-29,0.009705
2003-09-30,-0.009054
2003-10-01,0.020888
2003-10-02,0.003326
2003-10-03,0.009717
2003-10-06,0.005163
2003-10-07,0.004998
2003-10-08,-0.004394
2003-10-09,0.005326
2003-10-10,0.000140
2003-10-13,0.007721
2003-10-14,0.004395
2003-10-15,-0.003325
2003-10-16,0.003658
2003-10-17,-0.010804
2003-10-20,0.003713
2003-10-21,0.002752
2003-10-22,-0.014458
2003-10-23,0.001176
2003-10-24,-0.004248
2003-10-27,0.004134
2003-10-28,0.015113
2003-10-29,0.002859
2003-10-30,-0.000955
2003-10-31,0.002428
2003-11-03,0.008873
2003-11-04,-0.003714
2003-11-05,-0.000578
2003-11-06,0.005487
2003-11-07,-0.002324
2003-11-10,-0.007259
2003-11-11,-0.002055
2003-11-12,0.013367
2003-11-13,0.000510
2003-11-14,-0.007764
2003-11-17,-0.007164
2003-11-18,-0.007721
2003-11-19,0.007142
2003-11-20,-0.007335
2003-11-21,0.001907
2003-11-24,0.016013
2003-11-25,0.003440
2003-11-26,0.004616
2003-11-28,0.001486
2003-12-01,0.010917
2003-12-02,-0.002278
2003-12-03,-0.002715
2003-12-04,0.002376
2003-12-05,-0.006926
2003-12-08,0.006418
2003-12-09,-0.008974
2003-12-10,-0.003182
2003-12-11,0.012812
2003-12-12,0.003440
2003-12-15,-0.007059
2003-12-16,0.004763
2003-12-17,0.001536
2003-12-18,0.012222
2003-12-19,-0.000445
2003-12-22,0.003886
2003-12-23,0.003668
2003-12-24,-0.001081
2003-12-26,0.001947
2003-12-29,0.012792
2003-12-30,0.000757
2003-12-31,0.000032
2004-01-02,-0.000784
2004-01-05,0.012269
2004-01-06,0.001951
2004-01-07,0.002716
2004-01-08,0.004865
2004-01-09,-0.006234
2004-01-12,0.005251
2004-01-13,-0.004591
2004-01-14,0.007248
2004-01-15,0.001138
2004-01-16,0.006970
2004-01-20,0.002584
2004-01-21,0.005595
2004-01-22,-0.002894
2004-01-23,-0.001380
2004-01-26,0.010493
2004-01-27,-0.008574
2004-01-28,-0.014189
2004-01-29,0.001361
2004-01-30,-0.000614
2004-02-02,0.002927
2004-02-03,0.000126
2004-02-04,-0.009916
2004-02-05,0.002283
2004-02-06,0.014344
2004-02-09,-0.000402
2004-02-10,0.005805
2004-02-11,0.010254
2004-02-12,-0.004532
2004-02-13,-0.005320
2004-02-17,0.009798
2004-02-18,-0.004464
2004-02-19,-0.005332
2004-02-20,-0.003538
2004-02-23,-0.005033
2004-02-24,-0.000969
2004-02-25,0.005125
2004-02-26,0.002933
2004-02-27,0.001570
2004-03-01,0.010243
2004-03-02,-0.005624
2004-03-03,0.001209
2004-03-04,0.004571
2004-03-05,0.002974
2004-03-08,-0.008043
2004-03-09,-0.006631
2004-03-10,-0.015184
2004-03-11,-0.013977
2004-03-12,0.012795
2004-03-15,-0.015556
2004-03-16,0.004603
2004-03-17,0.012464
2004-03-18,-0.001498
2004-03-19,-0.009448
2004-03-22,-0.014014
2004-03-23,-0.000691
2004-03-24,-0.003338
2004-03-25,0.016648
2004-03-26,0.000327
2004-03-29,0.013132
2004-03-30,0.005163
2004-03-31,0.000196
2004-04-01,0.006667
2004-04-02,0.008538
2004-04-05,0.006553
2004-04-06,-0.003434
2004-04-07,-0.004290
2004-04-08,-0.001908
2004-04-12,0.003994
2004-04-13,-0.014956
2004-04-14,-0.003373
2004-04-15,-0.000039
2004-04-16,0.004913
2004-04-19,0.002221
2004-04-20,-0.015416
2004-04-21,0.005474
2004-04-22,0.014456
2004-04-23,-0.000319
2004-04-26,-0.003138
2004-04-27,0.001199
2004-04-28,-0.015800
2004-04-29,-0.008753
2004-04-30,-0.006466
2004-05-03,0.008478
2004-05-04,0.003519
2004-05-05,0.002468
2004-05-06,-0.008363
2004-05-07,-0.015939
2004-05-10,-0.013773
2004-05-11,0.009884
2004-05-12,0.001178
2004-05-13,-0.000889
2004-05-14,-0.001343
2004-05-17,-0.010757
2004-05-18,0.007791
2004-05-19,-0.001139
2004-05-20,0.000381
2004-05-21,0.004478
2004-05-24,0.003686
2004-05-25,0.016309
2004-05-26,0.002682
2004-05-27,0.005656
2004-05-28,0.000307
2004-06-01,0.001364
2004-06-02,0.002955
2004-06-03,-0.008524
2004-06-04,0.006046
2004-06-07,0.015589
2004-06-08,0.000582
2004-06-09,-0.010733
2004-06-10,0.003580
2004-06-14,-0.011044
2004-06-15,0.008004
2004-06-16,0.001358
2004-06-17,-0.000449
2004-06-18,0.002184
2004-06-21,-0.003711
2004-06-22,0.003830
2004-06-23,0.008835
2004-06-24,-0.001968
2004-06-25,-0.001940
2004-06-28,-0.002301
2004-06-29,0.002696
2004-06-30,0.005474
2004-07-01,-0.009929
2004-07-02,-0.001833
2004-07-06,-0.009002
2004-07-07,0.001886
2004-07-08,-0.009185
2004-07-09,0.003273
2004-07-12,0.000081
2004-07-13,0.000549
2004-07-14,-0.002706
2004-07-15,-0.003322
2004-07-16,-0.004665
2004-07-19,-0.000594
2004-07-20,0.007463
2004-07-21,-0.014356
2004-07-22,0.000790
2004-07-23,-0.010177
2004-07-26,-0.004618
2004-07-27,0.010403
2004-07-28,-0.000160
2004-07-29,0.006617
2004-07-30,0.001476
2004-08-02,0.003532
2004-08-03,-0.006665
2004-08-04,-0.002274
2004-08-05,-0.015923
2004-08-06,-0.014952
2004-08-09,0.000136
2004-08-10,0.013192
2004-08-11,-0.003387
2004-08-12,-0.011633
2004-08-13,0.001956
2004-08-16,0.013976
2004-08-17,0.002929
2004-08-18,0.012863
2004-08-19,-0.003139
2004-08-20,0.008171
2004-08-23,-0.003444
2004-08-24,0.000580
2004-08-25,0.008004
2004-08-26,-0.000350
2004-08-27,0.002978
2004-08-30,-0.008130
2004-08-31,0.005090
2004-09-01,0.003415
2004-09-02,0.010564
2004-09-03,-0.004227
2004-09-07,0.007449
2004-09-08,-0.004534
2004-09-09,0.003149
2004-09-10,0.004984
2004-09-13,0.003109
2004-09-14,0.001931
2004-09-15,-0.006368
2004-09-16,0.004133
2004-09-17,0.003348
2004-09-20,-0.004637
2004-09-21,0.007498
2004-09-22,-0.012931
2004-09-23,-0.003453
2004-09-24,0.001526
2004-09-27,-0.006775
2004-09-28,0.006590
2004-09-29,0.004718
2004-09-30,0.001209
2004-10-01,0.014771
2004-10-04,0.003670
2004-10-05,-0.000539
2004-10-06,0.006917
2004-10-07,-0.010217
2004-10-08,-0.006684
2004-10-11,0.001698
2004-10-12,-0.002378
2004-10-13,-0.007334
2004-10-14,-0.008117
2004-10-15,0.004768
2004-10-18,0.004412
2004-10-19,-0.008645
2004-10-20,0.001836
2004-10-21,0.004427
2004-10-22,-0.009257
2004-10-25,-0.000108
2004-10-26,0.013014
2004-10-27,0.012508
2004-10-28,0.001125
2004-10-29,0.002335
2004-11-01,0.000818
2004-11-02,0.000014
2004-11-03,0.011655
2004-11-04,0.014329
2004-11-05,0.003812
2004-11-08,-0.001256
2004-11-09,0.000582
2004-11-10,0.000533
2004-11-11,0.008916
2004-11-12,0.008840
2004-11-15,0.000475
2004-11-16,-0.005987
2004-11-17,0.006101
2004-11-18,0.000170
2004-11-19,-0.009890
2004-11-22,0.006188
2004-11-23,0.000873
2004-11-24,0.005134
2004-11-26,0.001805
2004-11-29,-0.002265
2004-11-30,-0.003304
2004-12-01,0.014061
2004-12-02,-0.001620
2004-12-03,0.001251
2004-12-06,-0.001273
2004-12-07,-0.011598
2004-12-08,0.004093
2004-12-09,0.004163
2004-12-10,-0.000318
2004-12-13,0.008516
2004-12-14,0.004305
2004-12-15,0.003763
2004-12-16,-0.003268
2004-12-17,-0.004307
2004-12-20,-0.000797
2004-12-21,0.009004
2004-12-22,0.003479
2004-12-23,0.001100
2004-12-27,-0.003973
2004-12-28,0.008061
2004-12-29,0.000635
2004-12-30,0.000697
2004-12-31,-0.001006
2005-01-03,-0.010034
2005-01-04,-0.012805
2005-01-05,-0.006124
2005-01-06,0.003483
2005-01-07,-0.002217
2005-01-10,0.004212
2005-01-11,-0.006282
2005-01-12,0.004215
2005-01-13,-0.006858
2005-01-14,0.006240
2005-01-18,0.009229
2005-01-19,-0.008926
2005-01-20,-0.007464
2005-01-21,-0.004617
2005-01-24,-0.004884
2005-01-25,0.002687
2005-01-26,0.006401
2005-01-27,0.000685
2005-01-28,-0.002823
2005-01-31,0.009458
2005-02-01,0.006835
2005-02-02,0.003886
2005-02-03,-0.002612
2005-02-04,0.010821
2005-02-07,-0.001330
2005-02-08,0.001189
2005-02-09,-0.008991
2005-02-10,0.004488
2005-02-11,0.007830
2005-02-14,0.001126
2005-02-15,0.002769
2005-02-16,0.001005
2005-02-17,-0.007124
2005-02-18,0.000171
2005-02-22,-0.013717
2005-02-23,0.004849
2005-02-24,0.007576
2005-02-25,0.009857
2005-02-28,-0.005807
2005-03-01,0.005390
2005-03-02,0.000326
2005-03-03,0.000449
2005-03-04,0.009633
2005-03-07,0.002398
2005-03-08,-0.004366
2005-03-09,-0.009488
2005-03-10,-0.000288
2005-03-11,-0.005027
2005-03-14,0.005694
2005-03-15,-0.006290
2005-03-16,-0.007743
2005-03-17,0.002437
2005-03-18,-0.001550
2005-03-21,-0.004379
2005-03-22,-0.008714
2005-03-23,-0.002604
2005-03-24,0.000349
2005-03-28,0.000872
2005-03-29,-0.008085
2005-03-30,0.013133
2005-03-31,0.001237
2005-04-01,-0.005488
2005-04-04,0.002121
2005-04-05,0.003686
2005-04-06,0.002551
2005-04-07,0.005288
2005-04-08,-0.008448
2005-04-11,-0.000777
2005-04-12,0.005017
2005-04-13,-0.011829
2005-04-14,-0.011059
2005-04-15,-0.015775
2005-04-18,0.003002
2005-04-19,0.008087
2005-04-20,-0.012648
2005-04-21,0.017855
2005-04-22,-0.007110
2005-04-25,0.008939
2005-04-26,-0.008553
2005-04-27,0.001882
2005-04-28,-0.011559
2005-04-29,0.010097
2005-05-02,0.005299
2005-05-03,-0.000979
2005-05-04,0.013061
2005-05-05,-0.001302
2005-05-06,-0.000078
2005-05-09,0.006436
2005-05-10,-0.009783
2005-05-11,0.003261
2005-05-12,-0.010554
2005-05-13,-0.005123
2005-05-16,0.009719
2005-05-17,0.006678
2005-05-18,0.011394
2005-05-19,0.004915
2005-05-20,-0.001387
2005-05-23,0.004614
2005-05-24,0.000438
2005-05-25,-0.004287
2005-05-26,0.006905
2005-05-27,0.002757
2005-05-31,-0.004247
2005-06-01,0.008958
2005-06-02,0.002239
2005-06-03,-0.005830
2005-06-06,0.001710
2005-06-07,0.000036
2005-06-08,-0.002303
2005-06-09,0.005718
2005-06-10,-0.001464
2005-06-13,0.002673
2005-06-14,0.003109
2005-06-15,0.002891
2005-06-16,0.005130
2005-06-17,0.003989
2005-06-20,-0.000817
2005-06-21,-0.001898
2005-06-22,0.001043
2005-06-23,-0.009884
2005-06-24,-0.006615
2005-06-27,-0.000434
2005-06-28,0.009693
2005-06-29,-0.000377
2005-06-30,-0.005901
2005-07-01,0.003720
2005-07-05,0.008493
2005-07-06,-0.006066
2005-07-07,0.002715
2005-07-08,0.011958
2005-07-11,0.007191
2005-07-12,0.002649
2005-07-13,-0.000214
2005-07-14,0.000447
2005-07-15,0.001000
2005-07-18,-0.004750
2005-07-19,0.008029
2005-07-20,0.005585
2005-07-21,-0.006793
2005-07-22,0.005734
2005-07-25,-0.004223
2005-07-26,0.001937
2005-07-27,0.004465
2005-07-28,0.007127
2005-07-29,-0.006238
2005-08-01,0.002078
2005-08-02,0.007238
2005-08-03,-0.000180
2005-08-04,-0.007447
2005-08-05,-0.008487
2005-08-08,-0.003114
2005-08-09,0.005458
2005-08-10,-0.000374
2005-08-11,0.007422
2005-08-12,-0.005027
2005-08-15,0.002584
2005-08-16,-0.011451
2005-08-17,-0.000621
2005-08-18,-0.002088
2005-08-19,0.001963
2005-08-22,0.002572
2005-08-23,-0.002846
2005-08-24,-0.004397
2005-08-25,0.002226
2005-08-26,-0.006717
2005-08-29,0.006143
2005-08-30,-0.002326
2005-08-31,0.011704
2005-09-01,0.002395
2005-09-02,-0.003601
2005-09-06,0.011804
2005-09-07,0.002850
2005-09-08,-0.003348
2005-09-09,0.007809
2005-09-12,-0.000641
2005-09-13,-0.007076
2005-09-14,-0.003386
2005-09-15,-0.000044
2005-09-16,0.007278
2005-09-19,-0.004308
2005-09-20,-0.007402
2005-09-21,-0.009359
2005-09-22,0.002136
2005-09-23,0.001564
2005-09-26,0.002419
2005-09-27,-0.000294
2005-09-28,0.001010
2005-09-29,0.008593
2005-09-30,0.002438
2005-10-03,0.000359
2005-10-04,-0.009659
2005-10-05,-0.016797
2005-10-06,-0.006278
2005-10-07,0.004763
2005-10-10,-0.007354
2005-10-11,-0.002660
2005-10-12,-0.008149
2005-10-13,-0.002073
2005-10-14,0.009479
2005-10-17,0.003384
2005-10-18,-0.010903
2005-10-19,0.014065
2005-10-20,-0.014752
2005-10-21,0.003546
2005-10-24,0.016991
2005-10-25,-0.002063
2005-10-26,-0.004559
2005-10-27,-0.012109
2005-10-28,0.015056
2005-10-31,0.009498
2005-11-01,-0.002208
2005-11-02,0.012030
2005-11-03,0.004217
2005-11-04,-0.000369
2005-11-07,0.002347
2005-11-08,-0.003363
2005-11-09,0.001959
2005-11-10,0.006975
2005-11-11,0.003481
2005-11-14,-0.000808
2005-11-15,-0.004674
2005-11-16,0.001544
2005-11-17,0.010690
2005-11-18,0.004056
2005-11-21,0.006446
2005-11-22,0.005483
2005-11-23,0.003323
2005-11-25,0.002472
2005-11-28,-0.009953
2005-11-29,0.000318
2005-11-30,-0.004119
2005-12-01,0.013266
2005-12-02,0.001039
2005-12-05,-0.002597
2005-12-06,0.001563
2005-12-07,-0.004391
2005-12-08,0.000351
2005-12-09,0.002604
2005-12-12,0.001395
2005-12-13,0.004149
2005-12-14,0.003031
2005-12-15,-0.002831
2005-12-16,-0.002413
2005-12-19,-0.007145
2005-12-20,0.000023
2005-12-21,0.003791
2005-12-22,0.004622
2005-12-23,0.000984
2005-12-27,-0.009809
2005-12-28,0.002854
2005-12-29,-0.002344
2005-12-30,-0.004415
2006-01-03,0.016406
2006-01-04,0.005523
2006-01-05,-0.000334
2006-01-06,0.009805
2006-01-09,0.004312
2006-01-10,0.000989
2006-01-11,0.003204
2006-01-12,-0.006278
2006-01-13,0.001439
2006-01-17,-0.003421
2006-01-18,-0.004248
2006-01-19,0.007658
2006-01-20,-0.015943
2006-01-23,0.003150
2006-01-24,0.004175
2006-01-25,-0.002227
2006-01-26,0.008213
2006-01-27,0.007056
2006-01-30,0.001837
2006-01-31,-0.001529
2006-02-01,0.001468
2006-02-02,-0.008453
2006-02-03,-0.004871
2006-02-06,0.002139
2006-02-07,-0.010210
2006-02-08,0.006765
2006-02-09,-0.001717
2006-02-10,0.000948
2006-02-13,-0.004783
2006-02-14,0.009486
2006-02-15,0.003464
2006-02-16,0.007797
2006-02-17,-0.000569
2006-02-21,-0.002572
2006-02-22,0.006635
2006-02-23,-0.002801
2006-02-24,0.002340
2006-02-27,0.003461
2006-02-28,-0.009851
2006-03-01,0.009403
2006-03-02,-0.000446
2006-03-03,-0.001259
2006-03-06,-0.007394
2006-03-07,-0.005324
2006-03-08,0.000706
2006-03-09,-0.004217
2006-03-10,0.007387
2006-03-13,0.002782
2006-03-14,0.010217
2006-03-15,0.005301
2006-03-16,0.001687
2006-03-17,0.001372
2006-03-20,-0.001418
2006-03-21,-0.006708
2006-03-22,0.005976
2006-03-23,-0.001281
2006-03-24,0.002589
2006-03-27,-0.000986
2006-03-28,-0.005286
2006-03-29,0.009242
2006-03-30,-0.000607
2006-03-31,-0.002621
2006-04-03,0.000840
2006-04-04,0.005596
2006-04-05,0.004924
2006-04-06,-0.000825
2006-04-07,-0.009971
2006-04-10,0.000103
2006-04-11,-0.008218
2006-04-12,0.001730
2006-04-13,0.001237
2006-04-17,-0.001500
2006-04-18,0.017368
2006-04-19,0.004286
2006-04-20,-0.000820
2006-04-21,0.000196
2006-04-24,-0.002941
2006-04-25,-0.004011
2006-04-26,0.002145
2006-04-27,0.001845
2006-04-28,0.001336
2006-05-01,-0.003281
2006-05-02,0.006042
2006-05-03,-0.003151
2006-05-04,0.003972
2006-05-05,0.010548
2006-05-08,-0.000123
2006-05-09,0.000884
2006-05-10,-0.001461
2006-05-11,-0.013542
2006-05-12,-0.012833
2006-05-15,-0.001102
2006-05-16,-0.001033
2006-05-17,-0.017065
2006-05-18,-0.007167
2006-05-19,0.004179
2006-05-22,-0.006254
2006-05-23,-0.003447
2006-05-24,-0.000251
2006-05-25,0.013911
2006-05-26,0.006310
2006-05-30,-0.015230
2006-05-31,0.009340
2006-06-01,0.012579
2006-06-02,0.002584
2006-06-05,-0.018875
2006-06-06,-0.003566
2006-06-07,-0.006568
2006-06-08,-0.001106
2006-06-09,-0.003265
2006-06-12,-0.014845
2006-06-13,-0.013068
2006-06-14,0.005104
2006-06-15,0.023848
2006-06-16,-0.004451
2006-06-19,-0.010177
2006-06-20,-0.000519
2006-06-21,0.011788
2006-06-22,-0.004869
2006-06-23,0.000926
2006-06-26,0.005543
2006-06-27,-0.009672
2006-06-28,0.004934
2006-06-29,0.023620
2006-06-30,0.001016
2006-07-03,0.007911
2006-07-05,-0.008493
2006-07-06,0.002202
2006-07-07,-0.007512
2006-07-10,0.000428
2006-07-11,0.004158
2006-07-12,-0.010938
2006-07-13,-0.014147
2006-07-14,-0.005289
2006-07-17,-0.003578
2006-07-18,0.001632
2006-07-19,0.019847
2006-07-20,-0.011008
2006-07-21,-0.008937
2006-07-24,0.017719
2006-07-25,0.007591
2006-07-26,0.000335
2006-07-27,-0.005474
2006-07-28,0.013051
2006-07-31,-0.000515
2006-08-01,-0.005261
2006-08-02,0.006701
2006-08-03,0.002366
2006-08-04,-0.001169
2006-08-07,-0.003005
2006-08-08,-0.003901
2006-08-09,-0.004165
2006-08-10,0.003936
2006-08-11,-0.004552
2006-08-14,0.000695
2006-08-15,0.014926
2006-08-16,0.009373
2006-08-17,0.001454
2006-08-18,0.002968
2006-08-21,-0.003124
2006-08-22,0.001258
2006-08-23,-0.005159
2006-08-24,0.001257
2006-08-25,-0.000292
2006-08-28,0.005565
2006-08-29,0.003015
2006-08-30,0.001335
2006-08-31,0.000892
2006-09-01,0.005059
2006-09-05,0.002570
2006-09-06,-0.011468
2006-09-07,-0.005378
2006-09-08,0.002437
2006-09-11,-0.001584
2006-09-12,0.011411
2006-09-13,0.005111
2006-09-14,-0.002190
2006-09-15,0.002145
2006-09-18,0.001524
2006-09-19,-0.003259
2006-09-20,0.005183
2006-09-21,-0.004423
2006-09-22,-0.003776
2006-09-25,0.007915
2006-09-26,0.007254
2006-09-27,0.002109
2006-09-28,0.001863
2006-09-29,-0.002990
2006-10-02,-0.003890
2006-10-03,-0.000401
2006-10-04,0.012363
2006-10-05,0.005072
2006-10-06,-0.003112
2006-10-09,0.002159
2006-10-10,0.002247
2006-10-11,-0.003595
2006-10-12,0.010567
2006-10-13,0.003346
2006-10-16,0.004362
2006-10-17,-0.004576
2006-10-18,0.001011
2006-10-19,0.002379
2006-10-20,-0.000425
2006-10-23,0.005418
2006-10-24,0.000818
2006-10-25,0.004353
2006-10-26,0.006477
2006-10-27,-0.008193
2006-10-30,0.000333
2006-10-31,0.000053
2006-11-01,-0.008999
2006-11-02,-0.000135
2006-11-03,-0.000312
2006-11-06,0.011518
2006-11-07,0.001818
2006-11-08,0.003357
2006-11-09,-0.004640
2006-11-10,0.002155
2006-11-13,0.002257
2006-11-14,0.006933
2006-11-15,0.004008
2006-11-16,0.001138
2006-11-17,0.000214
2006-11-20,0.000481
2006-11-21,0.003124
2006-11-22,0.003000
2006-11-24,-0.001904
2006-11-27,-0.014745
2006-11-28,0.003038
2006-11-29,0.009670
2006-11-30,0.001694
2006-12-01,-0.002826
2006-12-04,0.009992
2006-12-05,0.003862
2006-12-06,-0.001081
2006-12-07,-0.003428
2006-12-08,0.001159
2006-12-11,0.001969
2006-12-12,-0.002021
2006-12-13,0.001191
2006-12-14,0.007678
2006-12-15,0.000016
2006-12-18,-0.004988
2006-12-19,0.001873
2006-12-20,-0.000615
2006-12-21,-0.003813
2006-12-22,-0.004549
2006-12-26,0.004335
2006-12-27,0.007793
2006-12-28,-0.001042
2006-12-29,-0.004516
2007-01-03,-0.001338
2007-01-04,0.000549
2007-01-05,-0.007297
2007-01-08,0.002568
2007-01-09,0.000006
2007-01-10,0.002093
2007-01-11,0.007322
2007-01-12,0.006142
2007-01-16,0.000297
2007-01-17,-0.000608
2007-01-18,-0.004686
2007-01-19,0.004348
2007-01-22,-0.005379
2007-01-23,0.005216
2007-01-24,0.008798
2007-01-25,-0.010735
2007-01-26,0.000090
2007-01-29,0.000150
2007-01-30,0.005761
2007-01-31,0.006358
2007-02-01,0.006258
2007-02-02,0.001257
2007-02-05,-0.000608
2007-02-06,0.001509
2007-02-07,0.002194
2007-02-08,-0.000426
2007-02-09,-0.006912
2007-02-12,-0.003886
2007-02-13,0.008049
2007-02-14,0.007231
2007-02-15,0.001732
2007-02-16,0.000511
2007-02-20,0.003573
2007-02-21,-0.000293
2007-02-22,-0.000379
2007-02-23,-0.002574
2007-02-26,-0.001268
2007-02-27,-0.034119
2007-02-28,0.004744
2007-03-01,-0.002843
2007-03-02,-0.012476
2007-03-05,-0.012010
2007-03-06,0.016740
2007-03-07,-0.001349
2007-03-08,0.007245
2007-03-09,0.001632
2007-03-12,0.003138
2007-03-13,-0.020154
2007-03-14,0.005427
2007-03-15,0.004778
2007-03-16,-0.003606
2007-03-19,0.011056
2007-03-20,0.006794
2007-03-21,0.016761
2007-03-22,-0.000141
2007-03-23,0.001713
2007-03-26,0.000555
2007-03-27,-0.005696
2007-03-28,-0.007002
2007-03-29,0.003513
2007-03-30,-0.000365
2007-04-02,0.003037
2007-04-03,0.008915
2007-04-04,0.001478
2007-04-05,0.003628
2007-04-09,0.000584
2007-04-10,0.002692
2007-04-11,-0.005864
2007-04-12,0.006386
2007-04-13,0.003735
2007-04-16,0.010487
2007-04-17,0.001030
2007-04-18,0.000311
2007-04-19,-0.002812
2007-04-20,0.009344
2007-04-23,-0.001728
2007-04-24,-0.000741
2007-04-25,0.009470
2007-04-26,-0.000595
2007-04-27,-0.000789
2007-04-30,-0.009282
2007-05-01,0.001749
2007-05-02,0.008276
2007-05-03,0.003886
2007-05-04,0.002895
2007-05-07,0.002600
2007-05-08,-0.001403
2007-05-09,0.003691
2007-05-10,-0.013744
2007-05-11,0.010361
2007-05-14,-0.002703
2007-05-15,-0.001860
2007-05-16,0.007337
2007-05-17,-0.000512
2007-05-18,0.006785
2007-05-21,0.003249
2007-05-22,0.000937
2007-05-23,-0.000932
2007-05-24,-0.011308
2007-05-25,0.006387
2007-05-29,0.003050
2007-05-30,0.008239
2007-05-31,0.001606
2007-06-01,0.005135
2007-06-04,0.002104
2007-06-05,-0.005316
2007-06-06,-0.009360
2007-06-07,-0.018105
2007-06-08,0.010780
2007-06-11,0.001116
2007-06-12,-0.010821
2007-06-13,0.014158
2007-06-14,0.005360
2007-06-15,0.007418
2007-06-18,-0.000898
2007-06-19,0.001782
2007-06-20,-0.012706
2007-06-21,0.005398
2007-06-22,-0.010740
2007-06-25,-0.004829
2007-06-26,-0.004021
2007-06-27,0.009350
2007-06-28,0.000736
2007-06-29,-0.000739
2007-07-02,0.011414
2007-07-03,0.003443
2007-07-05,0.001215
2007-07-06,0.004468
2007-07-09,0.001553
2007-07-10,-0.013593
2007-07-11,0.005071
2007-07-12,0.017514
2007-07-13,0.003170
2007-07-16,-0.003056
2007-07-17,-0.000064
2007-07-18,-0.001562
2007-07-19,0.004847
2007-07-20,-0.011679
2007-07-23,0.003035
2007-07-24,-0.020135
2007-07-25,0.002672
2007-07-26,-0.023859
2007-07-27,-0.014757
2007-07-30,0.009317
2007-07-31,-0.010143
2007-08-01,0.004114
2007-08-02,0.005966
2007-08-03,-0.025944
2007-08-06,0.018013
2007-08-07,0.006577
2007-08-08,0.015606
2007-08-09,-0.026888
2007-08-10,-0.000469
2007-08-13,-0.000555
2007-08-14,-0.019068
2007-08-15,-0.015670
2007-08-16,0.001849
2007-08-17,0.024410
2007-08-20,0.001614
2007-08-21,0.002145
2007-08-22,0.013032
2007-08-23,-0.001611
2007-08-24,0.012342
2007-08-27,-0.008307
2007-08-28,-0.023434
2007-08-29,0.021811
2007-08-30,-0.003810
2007-08-31,0.012299
2007-09-04,0.011092
2007-09-05,-0.010081
2007-09-06,0.004420
2007-09-07,-0.016224
2007-09-10,-0.002909
2007-09-11,0.013507
2007-09-12,0.000216
2007-09-13,0.007386
2007-09-14,0.001266
2007-09-17,-0.005816
2007-09-18,0.029282
2007-09-19,0.005785
2007-09-20,-0.005199
2007-09-21,0.004909
2007-09-24,-0.004467
2007-09-25,-0.000433
2007-09-26,0.005497
2007-09-27,0.005356
2007-09-28,-0.002684
2007-10-01,0.013730
2007-10-02,0.000505
2007-10-03,-0.005146
2007-10-04,0.002714
2007-10-05,0.011823
2007-10-08,-0.003018
2007-10-09,0.008034
2007-10-10,-0.000231
2007-10-11,-0.005186
2007-10-12,0.005326
2007-10-15,-0.008594
2007-10-16,-0.007019
2007-10-17,0.002874
2007-10-18,0.000420
2007-10-19,-0.024591
2007-10-22,0.003280
2007-10-23,0.010240
2007-10-24,-0.003240
2007-10-25,-0.001014
2007-10-26,0.013813
2007-10-29,0.005375
2007-10-30,-0.006892
2007-10-31,0.013188
2007-11-01,-0.025887
2007-11-02,0.002063
2007-11-05,-0.006631
2007-11-06,0.012829
2007-11-07,-0.026880
2007-11-08,-0.000584
2007-11-09,-0.015044
2007-11-12,-0.014034
2007-11-13,0.027892
2007-11-14,-0.005799
2007-11-15,-0.014097
2007-11-16,0.004588
2007-11-19,-0.018698
2007-11-20,0.003988
2007-11-21,-0.015274
2007-11-23,0.016333
2007-11-26,-0.020441
2007-11-27,0.012176
2007-11-28,0.029412
2007-11-29,-0.000339
2007-11-30,0.007109
2007-12-03,-0.005527
2007-12-04,-0.007229
2007-12-05,0.014447
2007-12-06,0.015710
2007-12-07,-0.000210
2007-12-10,0.007767
2007-12-11,-0.025421
2007-12-12,0.005673
2007-12-13,-0.000994
2007-12-14,-0.013436
2007-12-17,-0.016014
2007-12-18,0.006433
2007-12-19,-0.000322
2007-12-20,0.006285
2007-12-21,0.017143
2007-12-24,0.009125
2007-12-26,0.001511
2007-12-27,-0.013539
2007-12-28,0.002045
2007-12-31,-0.006516
2008-01-02,-0.011818
2008-01-03,-0.000953
2008-01-04,-0.025688
2008-01-07,0.000185
2008-01-08,-0.017053
2008-01-09,0.009987
2008-01-10,0.008434
2008-01-11,-0.013919
2008-01-14,0.010459
2008-01-15,-0.024754
2008-01-16,-0.006665
2008-01-17,-0.027744
2008-01-18,-0.005560
2008-01-22,-0.009421
2008-01-23,0.019784
2008-01-24,0.012578
2008-01-25,-0.012957
2008-01-28,0.017161
2008-01-29,0.006401
2008-01-30,-0.005359
2008-01-31,0.014960
2008-02-01,0.016003
2008-02-04,-0.008995
2008-02-05,-0.030848
2008-02-06,-0.008001
2008-02-07,0.007713
2008-02-08,-0.002069
2008-02-11,0.005789
2008-02-12,0.006264
2008-02-13,0.014377
2008-02-14,-0.013217
2008-02-15,-0.000457
2008-02-19,0.000611
2008-02-20,0.008875
2008-02-21,-0.011826
2008-02-22,0.006783
2008-02-25,0.015093
2008-02-26,0.008250
2008-02-27,-0.000760
2008-02-28,-0.007712
2008-02-29,-0.026162
2008-03-03,-0.000440
2008-03-04,-0.004797
2008-03-05,0.006941
2008-03-06,-0.022033
2008-03-07,-0.008764
2008-03-10,-0.018223
2008-03-11,0.035783
2008-03-12,-0.007002
2008-03-13,0.007295
2008-03-14,-0.020005
2008-03-17,-0.014947
2008-03-18,0.039596
2008-03-19,-0.026077
2008-03-20,0.021232
2008-03-24,0.017603
2008-03-25,0.005737
2008-03-26,-0.006417
2008-03-27,-0.010149
2008-03-28,-0.007963
2008-03-31,0.005316
2008-04-01,0.032159
2008-04-02,0.000356
2008-04-03,0.002689
2008-04-04,0.001956
2008-04-07,0.001709
2008-04-08,-0.003187
2008-04-09,-0.009015
2008-04-10,0.005600
2008-04-11,-0.019553
2008-04-14,-0.002547
2008-04-15,0.005102
2008-04-16,0.024171
2008-04-17,-0.001209
2008-04-18,0.016587
2008-04-21,-0.000549
2008-04-22,-0.009247
2008-04-23,0.001109
2008-04-24,0.005093
2008-04-25,0.006936
2008-04-28,0.000288
2008-04-29,-0.005660
2008-04-30,-0.001543
2008-05-01,0.014565
2008-05-02,0.003265
2008-05-05,-0.002623
2008-05-06,0.008434
2008-05-07,-0.015892
2008-05-08,0.004607
2008-05-09,-0.004564
2008-05-12,0.011008
2008-05-13,0.000777
2008-05-14,0.003042
2008-05-15,0.011160
2008-05-16,0.002444
2008-05-19,-0.000218
2008-05-20,-0.005979
2008-05-21,-0.015336
2008-05-22,0.002913
2008-05-23,-0.011537
2008-05-27,0.004890
2008-05-28,0.005731
2008-05-29,0.004398
2008-05-30,0.003259
2008-06-02,-0.008973
2008-06-03,-0.004849
2008-06-04,-0.000875
2008-06-05,0.020267
2008-06-06,-0.026706
2008-06-09,-0.000595
2008-06-10,-0.005030
2008-06-11,-0.015201
2008-06-12,0.001469
2008-06-13,0.014706
2008-06-16,0.003269
2008-06-17,-0.003948
2008-06-18,-0.008270
2008-06-19,0.002404
2008-06-20,-0.017501
2008-06-23,-0.000861
2008-06-24,-0.006232
2008-06-25,0.006273
2008-06-26,-0.026181
2008-06-27,-0.002492
2008-06-30,-0.001020
2008-07-01,0.001815
2008-07-02,-0.020998
2008-07-03,-0.002418
2008-07-07,-0.008580
2008-07-08,0.017020
2008-07-09,-0.019383
2008-07-10,0.007644
2008-07-11,-0.008282
2008-07-14,-0.008231
2008-07-15,-0.011492
2008-07-16,0.024079
2008-07-17,0.009662
2008-07-18,0.000317
2008-07-21,0.003991
2008-07-22,0.011136
2008-07-23,0.001831
2008-07-24,-0.024336
2008-07-25,0.005552
2008-07-28,-0.016515
2008-07-29,0.021268
2008-07-30,0.016480
2008-07-31,-0.011726
2008-08-01,-0.005172
2008-08-04,-0.013381
2008-08-05,0.024519
2008-08-06,0.005716
2008-08-07,-0.016834
2008-08-08,0.019189
2008-08-11,0.006653
2008-08-12,-0.009640
2008-08-13,-0.000114
2008-08-14,0.005112
2008-08-15,0.001349
2008-08-18,-0.013401
2008-08-19,-0.008881
2008-08-20,0.006869
2008-08-21,0.003188
2008-08-22,0.009527
2008-08-25,-0.018552
2008-08-26,0.003558
2008-08-27,0.009602
2008-08-28,0.014314
2008-08-29,-0.011672
2008-09-02,-0.007020
2008-09-03,-0.002974
2008-09-04,-0.028947
2008-09-05,0.003865
2008-09-08,0.014831
2008-09-09,-0.034997
2008-09-10,0.008558
2008-09-11,0.010959
2008-09-12,0.005355
2008-09-15,-0.045694
2008-09-16,0.015211
2008-09-17,-0.045480
2008-09-18,0.044149
2008-09-19,0.046130
2008-09-22,-0.036822
2008-09-23,-0.015606
2008-09-24,-0.003261
2008-09-25,0.016536
2008-09-26,-0.001974
2008-09-29,-0.082622
2008-09-30,0.046630
2008-10-01,-0.005703
2008-10-02,-0.045669
2008-10-03,-0.014310
2008-10-06,-0.042386
2008-10-07,-0.057971
2008-10-08,-0.011662
2008-10-09,-0.072777
2008-10-10,-0.012027
2008-10-13,0.114918
2008-10-14,-0.009039
2008-10-15,-0.089818
2008-10-16,0.039640
2008-10-17,-0.002514
2008-10-20,0.046511
2008-10-21,-0.031528
2008-10-22,-0.059158
2008-10-23,0.000863
2008-10-24,-0.033427
2008-10-27,-0.036965
2008-10-28,0.095343
2008-10-29,0.001444
2008-10-30,0.031975
2008-10-31,0.018105
2008-11-03,-0.000641
2008-11-04,0.039047
2008-11-05,-0.050732
2008-11-06,-0.049131
2008-11-07,0.026437
2008-11-10,-0.013354
2008-11-11,-0.024377
2008-11-12,-0.053637
2008-11-13,0.068028
2008-11-14,-0.043682
2008-11-17,-0.023999
2008-11-18,0.005702
2008-11-19,-0.063961
2008-11-20,-0.070115
2008-11-21,0.061122
2008-11-24,0.066174
2008-11-25,0.009671
2008-11-26,0.038407
2008-11-28,0.010100
2008-12-01,-0.089406
2008-12-02,0.037723
2008-12-03,0.024009
2008-12-04,-0.030146
2008-12-05,0.036150
2008-12-08,0.040442
2008-12-09,-0.022388
2008-12-10,0.015166
2008-12-11,-0.029891
2008-12-12,0.010480
2008-12-15,-0.013872
2008-12-16,0.052898
2008-12-17,-0.004826
2008-12-18,-0.020525
2008-12-19,0.003924
2008-12-22,-0.019157
2008-12-23,-0.007592
2008-12-24,0.004521
2008-12-26,0.007194
2008-12-29,-0.004360
2008-12-30,0.024797
2008-12-31,0.017414
2009-01-02,0.030510
2009-01-05,-0.000600
2009-01-06,0.011304
2009-01-07,-0.030514
2009-01-08,0.006280
2009-01-09,-0.022413
2009-01-12,-0.025568
2009-01-13,0.003519
2009-01-14,-0.035213
2009-01-15,0.004642
2009-01-16,0.008418
2009-01-20,-0.055325
2009-01-21,0.043230
2009-01-22,-0.018234
2009-01-23,0.006850
2009-01-26,0.006103
2009-01-27,0.011298
2009-01-28,0.033821
2009-01-29,-0.032865
2009-01-30,-0.020762
2009-02-02,-0.001062
2009-02-03,0.014347
2009-02-04,-0.004421
2009-02-05,0.015561
2009-02-06,0.027958
2009-02-09,0.001231
2009-02-10,-0.046016
2009-02-11,0.007331
2009-02-12,0.002613
2009-02-13,-0.008813
2009-02-17,-0.045276
2009-02-18,-0.003754
2009-02-19,-0.011181
2009-02-20,-0.011754
2009-02-23,-0.036170
2009-02-24,0.040235
2009-02-25,-0.010685
2009-02-26,-0.012138
2009-02-27,-0.019064
2009-03-02,-0.049821
2009-03-03,-0.006348
2009-03-04,0.025915
2009-03-05,-0.041860
2009-03-06,0.001621
2009-03-09,-0.011377
2009-03-10,0.063422
2009-03-11,0.004072
2009-03-12,0.041933
2009-03-13,0.006023
2009-03-16,-0.004804
2009-03-17,0.031034
2009-03-18,0.022385
2009-03-19,-0.008012
2009-03-20,-0.020275
2009-03-23,0.069105
2009-03-24,-0.019974
2009-03-25,0.009027
2009-03-26,0.025297
2009-03-27,-0.021626
2009-03-30,-0.036280
2009-03-31,0.014267
2009-04-01,0.017239
2009-04-02,0.031761
2009-04-03,0.011627
2009-04-06,-0.009808
2009-04-07,-0.024674
2009-04-08,0.013138
2009-04-09,0.039518
2009-04-13,0.003955
2009-04-14,-0.019520
2009-04-15,0.012453
2009-04-16,0.016078
2009-04-17,0.006012
2009-04-20,-0.044786
2009-04-21,0.022800
2009-04-22,-0.005681
2009-04-23,0.009211
2009-04-24,0.018978
2009-04-27,-0.011404
2009-04-28,-0.002835
2009-04-29,0.024540
2009-04-30,-0.000430
2009-05-01,0.005987
2009-05-04,0.035889
2009-05-05,-0.003448
2009-05-06,0.016053
2009-05-07,-0.015484
2009-05-08,0.027335
2009-05-11,-0.020759
2009-05-12,-0.002677
2009-05-13,-0.031176
2009-05-14,0.012419
2009-05-15,-0.010650
2009-05-18,0.033054
2009-05-19,0.000466
2009-05-20,-0.001755
2009-05-21,-0.016571
2009-05-22,-0.000103
2009-05-26,0.028135
2009-05-27,-0.017294
2009-05-28,0.015059
2009-05-29,0.014740
2009-06-01,0.027052
2009-06-02,0.003122
2009-06-03,-0.017238
2009-06-04,0.013645
2009-06-05,-0.003123
2009-06-08,-0.002646
2009-06-09,0.005508
2009-06-10,-0.002825
2009-06-11,0.007230
2009-06-12,-0.001361
2009-06-15,-0.025446
2009-06-16,-0.013130
2009-06-17,-0.003046
2009-06-18,0.006605
2009-06-19,0.004131
2009-06-22,-0.033191
2009-06-23,0.002281
2009-06-24,0.008957
2009-06-25,0.021607
2009-06-26,0.000918
2009-06-29,0.007681
2009-06-30,-0.007744
2009-07-01,0.006075
2009-07-02,-0.028164
2009-07-06,-0.001715
2009-07-07,-0.019566
2009-07-08,-0.003674
2009-07-09,0.004887
2009-07-10,-0.003400
2009-07-13,0.023959
2009-07-14,0.007242
2009-07-15,0.031167
2009-07-16,0.009462
2009-07-17,-0.000100
2009-07-20,0.013517
2009-07-21,0.002507
2009-07-22,0.000626
2009-07-23,0.024248
2009-07-24,0.004318
2009-07-27,0.003428
2009-07-28,-0.003760
2009-07-29,-0.006496
2009-07-30,0.013405
2009-07-31,0.002687
2009-08-03,0.017978
2009-08-04,0.002512
2009-08-05,-0.002058
2009-08-06,-0.007500
2009-08-07,0.013329
2009-08-10,-0.004378
2009-08-11,-0.013741
2009-08-12,0.012282
2009-08-13,0.008382
2009-08-14,-0.010026
2009-08-17,-0.026025
2009-08-18,0.012018
2009-08-19,0.006913
2009-08-20,0.010693
2009-08-21,0.018217
2009-08-24,-0.000860
2009-08-25,0.002744
2009-08-26,-0.000795
2009-08-27,0.003060
2009-08-28,-0.001408
2009-08-31,-0.009184
2009-09-01,-0.021972
2009-09-02,-0.002627
2009-09-03,0.010726
2009-09-04,0.014000
2009-09-08,0.010437
2009-09-09,0.007804
2009-09-10,0.011127
2009-09-11,0.000072
2009-09-14,0.006409
2009-09-15,0.006161
2009-09-16,0.016251
2009-09-17,-0.003713
2009-09-18,0.001851
2009-09-21,-0.004265
2009-09-22,0.008567
2009-09-23,-0.010386
2009-09-24,-0.012689
2009-09-25,-0.006367
2009-09-28,0.017970
2009-09-29,-0.001059
2009-09-30,-0.002862
2009-10-01,-0.027110
2009-10-02,-0.005280
2009-10-05,0.016024
2009-10-06,0.014541
2009-10-07,0.003057
2009-10-08,0.009684
2009-10-09,0.005240
2009-10-12,0.003864
2009-10-13,-0.001931
2009-10-14,0.017853
2009-10-15,0.002388
2009-10-16,-0.008156
2009-10-19,0.009989
2009-10-20,-0.007955
2009-10-21,-0.008387
2009-10-22,0.010145
2009-10-23,-0.012745
2009-10-26,-0.013211
2009-10-27,-0.006312
2009-10-28,-0.023878
2009-10-29,0.023841
2009-10-30,-0.027998
2009-11-02,0.005094
2009-11-03,0.005758
2009-11-04,0.000887
2009-11-05,0.019376
2009-11-06,0.001559
2009-11-09,0.023285
2009-11-10,-0.000683
2009-11-11,0.005488
2009-11-12,-0.011725
2009-11-13,0.006830
2009-11-16,0.015600
2009-11-17,0.001234
2009-11-18,-0.000955
2009-11-19,-0.014033
2009-11-20,-0.003935
2009-11-23,0.012969
2009-11-24,-0.001315
2009-11-25,0.005831
2009-11-27,-0.018568
2009-11-30,0.003952
2009-12-01,0.014001
2009-12-02,0.002350
2009-12-03,-0.008827
2009-12-04,0.005376
2009-12-07,-0.001596
2009-12-08,-0.010591
2009-12-09,0.003547
2009-12-10,0.005297
2009-12-11,0.003163
2009-12-14,0.008485
2009-12-15,-0.004616
2009-12-16,0.003319
2009-12-17,-0.012564
2009-12-18,0.006076
2009-12-21,0.009765
2009-12-22,0.004612
2009-12-23,0.004734
2009-12-24,0.005243
2009-12-28,0.000985
2009-12-29,-0.000929
2009-12-30,-0.000670
2009-12-31,-0.008656
2010-01-04,0.017123
2010-01-05,0.003374
2010-01-06,0.002046
2010-01-07,0.002860
2010-01-08,0.004173
2010-01-11,0.001141
2010-01-12,-0.010995
2010-01-13,0.008636
2010-01-14,0.002307
2010-01-15,-0.011325
2010-01-19,0.012057
2010-01-20,-0.011076
2010-01-21,-0.017773
2010-01-22,-0.021001
2010-01-25,0.003901
2010-01-26,-0.004922
2010-01-27,0.004186
2010-01-28,-0.011333
2010-01-29,-0.010301
2010-02-01,0.015111
2010-02-02,0.012229
2010-02-03,-0.004982
2010-02-04,-0.031982
2010-02-05,0.002652
2010-02-08,-0.008235
2010-02-09,0.013880
2010-02-10,-0.001476
2010-02-11,0.012086
2010-02-12,-0.000652
2010-02-16,0.017979
2010-02-17,0.004659
2010-02-18,0.006192
2010-02-19,0.002459
2010-02-22,-0.001114
2010-02-23,-0.013085
2010-02-24,0.008534
2010-02-25,-0.000709
2010-02-26,0.001843
2010-03-01,0.011987
2010-03-02,0.004423
2010-03-03,0.001605
2010-03-04,0.003100
2010-03-05,0.014507
2010-03-08,0.000714
2010-03-09,0.001653
2010-03-10,0.005048
2010-03-11,0.003968
2010-03-12,0.000759
2010-03-15,-0.000684
2010-03-16,0.008745
2010-03-17,0.005613
2010-03-18,-0.002034
2010-03-19,-0.006911
2010-03-22,0.005863
2010-03-23,0.007665
2010-03-24,-0.006621
2010-03-25,-0.002437
2010-03-26,0.000678
2010-03-29,0.006797
2010-03-30,0.000458
2010-03-31,-0.002766
2010-04-01,0.008641
2010-04-05,0.009547
2010-04-06,0.002121
2010-04-07,-0.005367
2010-04-08,0.002831
2010-04-09,0.006704
2010-04-12,0.001771
2010-04-13,0.000740
2010-04-14,0.012332
2010-04-15,0.000089
2010-04-16,-0.016121
2010-04-19,0.002261
2010-04-20,0.009813
2010-04-21,-0.000540
2010-04-22,0.003577
2010-04-23,0.007444
2010-04-26,-0.003232
2010-04-27,-0.023848
2010-04-28,0.005240
2010-04-29,0.013643
2010-04-30,-0.016839
2010-05-03,0.012859
2010-05-04,-0.025371
2010-05-05,-0.009209
2010-05-06,-0.032542
2010-05-07,-0.015859
2010-05-10,0.044920
2010-05-11,-0.000949
2010-05-12,0.016269
2010-05-13,-0.010837
2010-05-14,-0.019413
2010-05-17,-0.000579
2010-05-18,-0.013644
2010-05-19,-0.007142
2010-05-20,-0.040377
2010-05-21,0.015298
2010-05-24,-0.012043
2010-05-25,-0.000159
2010-05-26,-0.002863
2010-05-27,0.035093
2010-05-28,-0.011760
2010-06-01,-0.018508
2010-06-02,0.026567
2010-06-03,0.004783
2010-06-04,-0.035862
2010-06-07,-0.014029
2010-06-08,0.009235
2010-06-09,-0.003825
2010-06-10,0.029517
2010-06-11,0.006194
2010-06-14,0.000013
2010-06-15,0.023852
2010-06-16,-0.001219
2010-06-17,0.000896
2010-06-18,0.001710
2010-06-21,-0.004309
2010-06-22,-0.016156
2010-06-23,-0.002917
2010-06-24,-0.016272
2010-06-25,0.006060
2010-06-28,-0.003129
2010-06-29,-0.032886
2010-06-30,-0.008948
2010-07-01,-0.003930
2010-07-02,-0.004749
2010-07-06,0.003316
2010-07-07,0.030890
2010-07-08,0.009561
2010-07-09,0.008916
2010-07-12,-0.001350
2010-07-13,0.017213
2010-07-14,-0.000642
2010-07-15,0.000415
2010-07-16,-0.028543
2010-07-19,0.004999
2010-07-20,0.012639
2010-07-21,-0.012835
2010-07-22,0.023576
2010-07-23,0.009631
2010-07-26,0.011615
2010-07-27,-0.002540
2010-07-28,-0.007459
2010-07-29,-0.002589
2010-07-30,0.001513
2010-08-02,0.020555
2010-08-03,-0.005157
2010-08-04,0.007461
2010-08-05,-0.002496
2010-08-06,-0.003549
2010-08-09,0.005856
2010-08-10,-0.007992
2010-08-11,-0.029230
2010-08-12,-0.004674
2010-08-13,-0.003874
2010-08-16,0.001455
2010-08-17,0.013886
2010-08-18,0.002330
2010-08-19,-0.016704
2010-08-20,-0.003305
2010-08-23,-0.004861
2010-08-24,-0.014445
2010-08-25,0.004577
2010-08-26,-0.006625
2010-08-27,0.018433
2010-08-30,-0.014218
2010-08-31,0.000119
2010-09-01,0.029106
2010-09-02,0.009547
2010-09-03,0.012980
2010-09-07,-0.011863
2010-09-08,0.006330
2010-09-09,0.003763
2010-09-10,0.004477
2010-09-13,0.012869
2010-09-14,-0.000108
2010-09-15,0.002952
2010-09-16,-0.000750
2010-09-17,0.001128
2010-09-20,0.015179
2010-09-21,-0.003097
2010-09-22,-0.005023
2010-09-23,-0.008117
2010-09-24,0.021202
2010-09-27,-0.004459
2010-09-28,0.005787
2010-09-29,-0.001083
2010-09-30,-0.001975
2010-10-01,0.004939
2010-10-04,-0.008293
2010-10-05,0.020563
2010-10-06,-0.000333
2010-10-07,-0.002121
2010-10-08,0.007621
2010-10-11,0.000566
2010-10-12,0.003647
2010-10-13,0.008784
2010-10-14,-0.003666
2010-10-15,0.000702
2010-10-18,0.006296
2010-10-19,-0.017210
2010-10-20,0.011274
2010-10-21,0.000265
2010-10-22,0.002654
2010-10-25,0.003724
2010-10-26,-0.000427
2010-10-27,-0.003317
2010-10-28,0.001141
2010-10-29,0.001662
2010-11-01,0.000145
2010-11-02,0.009053
2010-11-03,0.003439
2010-11-04,0.019913
2010-11-05,0.004019
2010-11-08,-0.000910
2010-11-09,-0.008463
2010-11-10,0.005389
2010-11-11,-0.003605
2010-11-12,-0.013391
2010-11-15,-0.001330
2010-11-16,-0.016850
2010-11-17,0.001622
2010-11-18,0.015558
2010-11-19,0.003742
2010-11-22,-0.000273
2010-11-23,-0.014121
2010-11-24,0.015679
2010-11-26,-0.006877
2010-11-29,-0.000917
2010-11-30,-0.005788
2010-12-01,0.020817
2010-12-02,0.012228
2010-12-03,0.003962
2010-12-06,0.000025
2010-12-07,0.000191
2010-12-08,0.001544
2010-12-09,0.003574
2010-12-10,0.006422
2010-12-13,0.000182
2010-12-14,0.000271
2010-12-15,-0.005256
2010-12-16,0.005846
2010-12-17,0.001571
2010-12-20,0.001818
2010-12-21,0.007205
2010-12-22,0.003135
2010-12-23,-0.001198
2010-12-27,0.000668
2010-12-28,0.000786
2010-12-29,0.002732
2010-12-30,-0.000803
2010-12-31,-0.000232
2011-01-03,0.011212
2011-01-04,-0.003895
2011-01-05,0.005382
2011-01-06,-0.002515
2011-01-07,-0.001949
2011-01-10,-0.000709
2011-01-11,0.005048
2011-01-12,0.009014
2011-01-13,-0.001889
2011-01-14,0.006630
2011-01-18,0.002176
2011-01-19,-0.012250
2011-01-20,-0.003837
2011-01-21,0.001261
2011-01-24,0.006289
2011-01-25,-0.000428
2011-01-26,0.007332
2011-01-27,0.002133
2011-01-28,-0.017202
2011-01-31,0.007617
2011-02-01,0.017025
2011-02-02,-0.002229
2011-02-03,0.002924
2011-02-04,0.002176
2011-02-07,0.006123
2011-02-08,0.004549
2011-02-09,-0.003443
2011-02-10,0.001336
2011-02-11,0.006111
2011-02-14,0.003401
2011-02-15,-0.003182
2011-02-16,0.007533
2011-02-17,0.003947
2011-02-18,0.001222
2011-02-22,-0.021060
2011-02-23,-0.006562
2011-02-24,-0.000133
2011-02-25,0.012937
2011-02-28,0.005329
2011-03-01,-0.014899
2011-03-02,0.002852
2011-03-03,0.016096
2011-03-04,-0.005901
2011-03-07,-0.009407
2011-03-08,0.008080
2011-03-09,-0.002434
2011-03-10,-0.019788
2011-03-11,0.006951
2011-03-14,-0.005489
2011-03-15,-0.011151
2011-03-16,-0.016642
2011-03-17,0.012213
2011-03-18,0.004860
2011-03-21,0.016440
2011-03-22,-0.003234
2011-03-23,0.002876
2011-03-24,0.008544
2011-03-25,0.003113
2011-03-28,-0.003335
2011-03-29,0.007160
2011-03-30,0.008218
2011-03-31,-0.000593
2011-04-01,0.005433
2011-04-04,0.001160
2011-04-05,0.001326
2011-04-06,0.001737
2011-04-07,-0.002252
2011-04-08,-0.003389
2011-04-11,-0.004734
2011-04-12,-0.009253
2011-04-13,0.001298
2011-04-14,0.000539
2011-04-15,0.003973
2011-04-18,-0.011622
2011-04-19,0.005708
2011-04-20,0.014273
2011-04-21,0.005889
2011-04-25,-0.001856
2011-04-26,0.008145
2011-04-27,0.006150
2011-04-28,0.002931
2011-04-29,0.003119
2011-05-02,-0.003556
2011-05-03,-0.006647
2011-05-04,-0.007976
2011-05-05,-0.009455
2011-05-06,0.004607
2011-05-09,0.006152
2011-05-10,0.008462
2011-05-11,-0.012229
2011-05-12,0.004040
2011-05-13,-0.008906
2011-05-16,-0.006959
2011-05-17,-0.000647
2011-05-18,0.010749
2011-05-19,0.002334
2011-05-20,-0.006774
2011-05-23,-0.013016
2011-05-24,-0.000403
2011-05-25,0.005078
2011-05-26,0.005337
2011-05-27,0.005110
2011-05-31,0.010293
2011-06-01,-0.023082
2011-06-02,-0.000631
2011-06-03,-0.009298
2011-06-06,-0.012456
2011-06-07,0.000287
2011-06-08,-0.005975
2011-06-09,0.007456
2011-06-10,-0.014079
2011-06-13,-0.000908
2011-06-14,0.013866
2011-06-15,-0.017302
2011-06-16,-0.000117
2011-06-17,0.002157
2011-06-20,0.005343
2011-06-21,0.015899
2011-06-22,-0.005482
2011-06-23,-0.002590
2011-06-24,-0.010575
2011-06-27,0.008070
2011-06-28,0.013694
2011-06-29,0.008738
2011-06-30,0.009702
2011-07-01,0.013475
2011-07-05,-0.000024
2011-07-06,0.001143
2011-07-07,0.010635
2011-07-08,-0.006343
2011-07-11,-0.019356
2011-07-12,-0.003812
2011-07-13,0.005006
2011-07-14,-0.008051
2011-07-15,0.006170
2011-07-18,-0.009490
2011-07-19,0.016167
2011-07-20,0.000059
2011-07-21,0.012262
2011-07-22,0.001437
2011-07-25,-0.006279
2011-07-26,-0.004540
2011-07-27,-0.021650
2011-07-28,-0.002935
2011-07-29,-0.005607
2011-08-01,-0.003619
2011-08-02,-0.025672
2011-08-03,0.004954
2011-08-04,-0.050378
2011-08-05,-0.004794
2011-08-08,-0.068712
2011-08-09,0.051244
2011-08-10,-0.038591
2011-08-11,0.045274
2011-08-12,0.004753
2011-08-15,0.022835
2011-08-16,-0.010898
2011-08-17,0.000841
2011-08-18,-0.045340
2011-08-19,-0.015359
2011-08-22,0.000040
2011-08-23,0.033764
2011-08-24,0.011574
2011-08-25,-0.015902
2011-08-26,0.016430
2011-08-29,0.029636
2011-08-30,0.003763
2011-08-31,0.005093
2011-09-01,-0.012131
2011-09-02,-0.024645
2011-09-06,-0.008152
2011-09-07,0.029164
2011-09-08,-0.010889
2011-09-09,-0.026597
2011-09-12,0.004134
2011-09-13,0.010803
2011-09-14,0.012798
2011-09-15,0.015480
2011-09-16,0.003557
2011-09-19,-0.010951
2011-09-20,-0.004116
2011-09-21,-0.029444
2011-09-22,-0.034428
2011-09-23,0.005755
2011-09-26,0.021597
2011-09-27,0.012849
2011-09-28,-0.023703
2011-09-29,0.008235
2011-09-30,-0.024641
2011-10-03,-0.031922
2011-10-04,0.023667
2011-10-05,0.019662
2011-10-06,0.020566
2011-10-07,-0.010947
2011-10-10,0.034277
2011-10-11,0.001058
2011-10-12,0.011820
2011-10-13,-0.002954
2011-10-14,0.017735
2011-10-17,-0.020861
2011-10-18,0.020792
2011-10-19,-0.014171
2011-10-20,0.003898
2011-10-21,0.019264
2011-10-24,0.016798
2011-10-25,-0.019838
2011-10-26,0.011520
2011-10-27,0.036253
2011-10-28,0.000259
2011-10-31,-0.024655
2011-11-01,-0.028627
2011-11-02,0.017082
2011-11-03,0.019202
2011-11-04,-0.005570
2011-11-07,0.004900
2011-11-08,0.011216
2011-11-09,-0.037861
2011-11-10,0.007432
2011-11-11,0.019762
2011-11-14,-0.009371
2011-11-15,0.004531
2011-11-16,-0.015099
2011-11-17,-0.017213
2011-11-18,-0.000287
2011-11-21,-0.018665
2011-11-22,-0.003943
2011-11-23,-0.023246
2011-11-25,-0.003625
2011-11-28,0.030531
2011-11-29,0.002261
2011-11-30,0.043900
2011-12-01,-0.002276
2011-12-02,0.000109
2011-12-05,0.010297
2011-12-06,0.000382
2011-12-07,0.001915
2011-12-08,-0.022874
2011-12-09,0.017744
2011-12-12,-0.015558
2011-12-13,-0.011256
2011-12-14,-0.012735
2011-12-15,0.003744
2011-12-16,0.004972
2011-12-19,-0.012675
2011-12-20,0.030035
2011-12-21,0.002025
2011-12-22,0.008913
2011-12-23,0.007865
2011-12-27,0.000015
2011-12-28,-0.013647
2011-12-29,0.010781
2011-12-30,-0.002577
2012-01-03,0.016171
2012-01-04,-0.000454
2012-01-05,0.002932
2012-01-06,-0.002902
2012-01-09,0.002816
2012-01-10,0.010417
2012-01-11,0.000946
2012-01-12,0.003058
2012-01-13,-0.005319
2012-01-17,0.003902
2012-01-18,0.012304
2012-01-19,0.005595
2012-01-20,0.000882
2012-01-23,0.001609
2012-01-24,-0.000800
2012-01-25,0.009947
2012-01-26,-0.004903
2012-01-27,0.000702
2012-01-30,-0.003738
2012-01-31,-0.000083
2012-02-01,0.011210
2012-02-02,0.001833
2012-02-03,0.014682
2012-02-06,-0.000988
2012-02-07,0.001394
2012-02-08,0.002186
2012-02-09,0.001001
2012-02-10,-0.008389
2012-02-13,0.007442
2012-02-14,-0.001553
2012-02-15,-0.004222
2012-02-16,0.012475
2012-02-17,0.001385
2012-02-21,0.000156
2012-02-22,-0.003129
2012-02-23,0.005702
2012-02-24,0.001498
2012-02-27,0.000806
2012-02-28,0.002909
2012-02-29,-0.005684
2012-03-01,0.006807
2012-03-02,-0.004921
2012-03-05,-0.004560
2012-03-06,-0.017384
2012-03-07,0.007946
2012-03-08,0.010866
2012-03-09,0.004501
2012-03-12,-0.001366
2012-03-13,0.017621
2012-03-14,-0.003912
2012-03-15,0.006515
2012-03-16,0.001328
2012-03-19,0.004003
2012-03-20,-0.004507
2012-03-21,-0.001114
2012-03-22,-0.008117
2012-03-23,0.004484
2012-03-26,0.013964
2012-03-27,-0.003663
2012-03-28,-0.005519
2012-03-29,-0.001899
2012-03-30,0.003355
2012-04-02,0.008049
2012-04-03,-0.004445
2012-04-04,-0.011819
2012-04-05,-0.000801
2012-04-09,-0.011379
2012-04-10,-0.018023
2012-04-11,0.008519
2012-04-12,0.015087
2012-04-13,-0.012396
2012-04-16,-0.000582
2012-04-17,0.014951
2012-04-18,-0.004040
2012-04-19,-0.004662
2012-04-20,0.001632
2012-04-23,-0.009542
2012-04-24,0.003247
2012-04-25,0.013825
2012-04-26,0.006830
2012-04-27,0.003897
2012-04-30,-0.004314
2012-05-01,0.004876
2012-05-02,-0.002050
2012-05-03,-0.009948
2012-05-04,-0.015675
2012-05-07,0.000555
2012-05-08,-0.005355
2012-05-09,-0.006018
2012-05-10,0.002858
2012-05-11,-0.002767
2012-05-14,-0.012174
2012-05-15,-0.006030
2012-05-16,-0.004928
2012-05-17,-0.015851
2012-05-18,-0.008146
2012-05-21,0.017760
2012-05-22,-0.000478
2012-05-23,0.002815
2012-05-24,0.000983
2012-05-25,-0.001541
2012-05-29,0.011225
2012-05-30,-0.015504
2012-05-31,-0.001977
2012-06-01,-0.024513
2012-06-04,-0.001015
2012-06-05,0.007864
2012-06-06,0.022700
2012-06-07,-0.001369
2012-06-08,0.007115
2012-06-11,-0.013967
2012-06-12,0.011646
2012-06-13,-0.006954
2012-06-14,0.009500
2012-06-15,0.010111
2012-06-18,0.002190
2012-06-19,0.011640
2012-06-20,-0.001471
2012-06-21,-0.023472
2012-06-22,0.007254
2012-06-25,-0.015450
2012-06-26,0.004870
2012-06-27,0.009036
2012-06-28,-0.002109
2012-06-29,0.025635
2012-07-02,0.003868
2012-07-03,0.008966
2012-07-05,-0.004144
2012-07-06,-0.009964
2012-07-09,-0.002202
2012-07-10,-0.008814
2012-07-11,-0.000290
2012-07-12,-0.004878
2012-07-13,0.015261
2012-07-16,-0.002480
2012-07-17,0.006707
2012-07-18,0.006261
2012-07-19,0.002839
2012-07-20,-0.009917
2012-07-23,-0.010165
2012-07-24,-0.009426
2012-07-25,0.000714
2012-07-26,0.015513
2012-07-27,0.018950
2012-07-30,-0.000763
2012-07-31,-0.004994
2012-08-01,-0.004475
2012-08-02,-0.007294
2012-08-03,0.019230
2012-08-06,0.003534
2012-08-07,0.006358
2012-08-08,0.000179
2012-08-09,0.001648
2012-08-10,0.001869
2012-08-13,-0.001884
2012-08-14,-0.000019
2012-08-15,0.002741
2012-08-16,0.007905
2012-08-17,0.002655
2012-08-20,-0.000607
2012-08-21,-0.002329
2012-08-22,-0.000102
2012-08-23,-0.007320
2012-08-24,0.005494
2012-08-27,-0.000560
2012-08-28,0.000261
2012-08-29,0.000994
2012-08-30,-0.007798
2012-08-31,0.005891
2012-09-04,0.000688
2012-09-05,-0.000598
2012-09-06,0.019461
2012-09-07,0.005649
2012-09-10,-0.005683
2012-09-11,0.003437
2012-09-12,0.002652
2012-09-13,0.015280
2012-09-14,0.006142
2012-09-17,-0.004543
2012-09-18,-0.001776
2012-09-19,0.001305
2012-09-20,-0.001942
2012-09-21,0.000444
2012-09-24,-0.003088
2012-09-25,-0.010814
2012-09-26,-0.005527
2012-09-27,0.010046
2012-09-28,-0.004491
2012-10-01,0.002807
2012-10-02,0.001181
2012-10-03,0.002508
2012-10-04,0.007674
2012-10-05,-0.000150
2012-10-08,-0.003568
2012-10-09,-0.009763
2012-10-10,-0.005554
2012-10-11,0.001750
2012-10-12,-0.003502
2012-10-15,0.007240
2012-10-16,0.009941
2012-10-17,0.005086
2012-10-18,-0.002676
2012-10-19,-0.015612
2012-10-22,0.000193
2012-10-23,-0.012926
2012-10-24,-0.002612
2012-10-25,0.003301
2012-10-26,-0.001382
2012-10-31,0.002480
2012-11-01,0.011214
2012-11-02,-0.009745
2012-11-05,0.002234
2012-11-06,0.007865
2012-11-07,-0.021060
2012-11-08,-0.011580
2012-11-09,0.000949
2012-11-12,-0.000216
2012-11-13,-0.004153
2012-11-14,-0.014701
2012-11-15,-0.002925
2012-11-16,0.006186
2012-11-19,0.019178
2012-11-20,0.000983
2012-11-21,0.003130
2012-11-23,0.012722
2012-11-26,-0.001641
2012-11-27,-0.004418
2012-11-28,0.007475
2012-11-29,0.005422
2012-11-30,0.000274
2012-12-03,-0.004214
2012-12-04,-0.001277
2012-12-05,0.001758
2012-12-06,0.002844
2012-12-07,0.002524
2012-12-10,0.001534
2012-12-11,0.006153
2012-12-12,0.000255
2012-12-13,-0.005872
2012-12-14,-0.003089
2012-12-17,0.010179
2012-12-18,0.011120
2012-12-19,-0.004643
2012-12-20,0.004892
2012-12-21,-0.008487
2012-12-24,-0.002207
2012-12-26,-0.004962
2012-12-27,-0.000685
2012-12-28,-0.009273
2012-12-31,0.016424
2013-01-02,0.024996
2013-01-03,-0.001911
2013-01-04,0.005653
2013-01-07,-0.002555
2013-01-08,-0.002208
2013-01-09,0.003403
2013-01-10,0.006790
2013-01-11,0.000244
2013-01-14,-0.000350
2013-01-15,0.001960
2013-01-16,-0.000738
2013-01-17,0.005930
2013-01-18,0.002942
2013-01-22,0.005180
2013-01-23,0.000286
2013-01-24,0.000638
2013-01-25,0.005250
2013-01-28,-0.001315
2013-01-29,0.003632
2013-01-30,-0.003846
2013-01-31,-0.000820
2013-02-01,0.009291
2013-02-04,-0.011035
2013-02-05,0.009248
2013-02-06,0.001293
2013-02-07,-0.002118
2013-02-08,0.005390
2013-02-11,-0.001003
2013-02-12,0.002191
2013-02-13,0.001389
2013-02-14,0.000865
2013-02-15,-0.002010
2013-02-19,0.006956
2013-02-20,-0.013325
2013-02-21,-0.007067
2013-02-22,0.008665
2013-02-25,-0.017160
2013-02-26,0.005656
2013-02-27,0.012275
2013-02-28,-0.000630
2013-03-01,0.001752
2013-03-04,0.003648
2013-03-05,0.009190
2013-03-06,0.001656
2013-03-07,0.002328
2013-03-08,0.004895
2013-03-11,0.002695
2013-03-12,-0.001929
2013-03-13,0.000805
2013-03-14,0.005963
2013-03-15,-0.001517
2013-03-18,-0.005326
2013-03-19,-0.002923
2013-03-20,0.007248
2013-03-21,-0.007562
2013-03-22,0.005842
2013-03-25,-0.003071
2013-03-26,0.007299
2013-03-27,-0.000118
2013-03-28,0.004054
2013-04-01,-0.005392
2013-04-02,0.002710
2013-04-03,-0.011859
2013-04-04,0.003826
2013-04-05,-0.003519
2013-04-08,0.006639
2013-04-09,0.003703
2013-04-10,0.011618
2013-04-11,0.003194
2013-04-12,-0.003780
2013-04-15,-0.025595
2013-04-16,0.014655
2013-04-17,-0.014689
2013-04-18,-0.005690
2013-04-19,0.009359
2013-04-22,0.004277
2013-04-23,0.010143
2013-04-24,0.002179
2013-04-25,0.004946
2013-04-26,-0.002476
2013-04-29,0.007371
2013-04-30,0.004139
2013-05-01,-0.010607
2013-05-02,0.009484
2013-05-03,0.010398
2013-05-06,0.002566
2013-05-07,0.005135
2013-05-08,0.005022
2013-05-09,-0.003689
2013-05-10,0.004676
2013-05-13,-0.000627
2013-05-14,0.009349
2013-05-15,0.003945
2013-05-16,-0.004594
2013-05-17,0.009395
2013-05-20,0.000649
2013-05-21,0.001600
2013-05-22,-0.009642
2013-05-23,-0.002446
2013-05-24,-0.001030
2013-05-28,0.006307
2013-05-29,-0.006970
2013-05-30,0.004204
2013-05-31,-0.013568
2013-06-03,0.004640
2013-06-04,-0.005563
2013-06-05,-0.013397
2013-06-06,0.008981
2013-06-07,0.011386
2013-06-10,0.000184
2013-06-11,-0.010890
2013-06-12,-0.008137
2013-06-13,0.015060
2013-06-14,-0.005379
2013-06-17,0.007193
2013-06-18,0.007358
2013-06-19,-0.013406
2013-06-20,-0.025751
2013-06-21,0.001443
2013-06-24,-0.012352
2013-06-25,0.010324
2013-06-26,0.008926
2013-06-27,0.008125
2013-06-28,-0.002809
2013-07-01,0.006716
2013-07-02,-0.001412
2013-07-03,0.000408
2013-07-05,0.009033
2013-07-08,0.005168
2013-07-09,0.007724
2013-07-10,0.000629
2013-07-11,0.014617
2013-07-12,0.002470
2013-07-15,0.002326
2013-07-16,-0.003791
2013-07-17,0.003003
2013-07-18,0.005469
2013-07-19,0.001494
2013-07-22,0.002802
2013-07-23,-0.001167
2013-07-24,-0.004921
2013-07-25,0.003967
2013-07-26,0.000137
2013-07-29,-0.003759
2013-07-30,0.000403
2013-07-31,0.000199
2013-08-01,0.012261
2013-08-02,0.001331
2013-08-05,-0.000734
2013-08-06,-0.006571
2013-08-07,-0.004516
2013-08-08,0.005441
2013-08-09,-0.001916
2013-08-12,-0.000143
2013-08-13,0.001516
2013-08-14,-0.004099
2013-08-15,-0.012968
2013-08-16,-0.002938
2013-08-19,-0.007099
2013-08-20,0.005669
2013-08-21,-0.006167
2013-08-22,0.009128
2013-08-23,0.004367
2013-08-26,-0.002845
2013-08-27,-0.016307
2013-08-28,0.002623
2013-08-29,0.003198
2013-08-30,-0.004832
2013-09-03,0.004517
2013-09-04,0.007599
2013-09-05,0.001828
2013-09-06,0.001057
2013-09-09,0.010849
2013-09-10,0.007216
2013-09-11,0.002744
2013-09-12,-0.004003
2013-09-13,0.002645
2013-09-16,0.005156
2013-09-17,0.004981
2013-09-18,0.012556
2013-09-19,-0.001145
2013-09-20,-0.007311
2013-09-23,-0.004154
2013-09-24,-0.001217
2013-09-25,-0.001662
2013-09-26,0.003963
2013-09-27,-0.003599
2013-09-30,-0.004862
2013-10-01,0.008707
2013-10-02,-0.000674
2013-10-03,-0.008609
2013-10-04,0.006741
2013-10-07,-0.008482
2013-10-08,-0.013084
2013-10-09,-0.000451
2013-10-10,0.020996
2013-10-11,0.006894
2013-10-14,0.004080
2013-10-15,-0.006865
2013-10-16,0.012758
2013-10-17,0.007750
2013-10-18,0.006939
2013-10-21,0.000141
2013-10-22,0.005534
2013-10-23,-0.005308
2013-10-24,0.004055
2013-10-25,0.003147
2013-10-28,0.000342
2013-10-29,0.004437
2013-10-30,-0.005665
2013-10-31,-0.003506
2013-11-01,0.001408
2013-11-04,0.004324
2013-11-05,-0.003013
2013-11-06,0.003040
2013-11-07,-0.013878
2013-11-08,0.012349
2013-11-11,0.001003
2013-11-12,-0.002249
2013-11-13,0.008519
2013-11-14,0.004571
2013-11-15,0.004409
2013-11-18,-0.004646
2013-11-19,-0.003367
2013-11-20,-0.003294
2013-11-21,0.008658
2013-11-22,0.004566
2013-11-25,-0.001436
2013-11-26,0.001078
2013-11-27,0.002738
2013-11-29,0.000159
2013-12-02,-0.003638
2013-12-03,-0.003715
2013-12-04,-0.000941
2013-12-05,-0.003514
2013-12-06,0.009683
2013-12-09,0.001868
2013-12-10,-0.002813
2013-12-11,-0.012070
2013-12-12,-0.002543
2013-12-13,0.001277
2013-12-16,0.006445
2013-12-17,-0.002344
2013-12-18,0.014462
2013-12-19,-0.001026
2013-12-20,0.006904
2013-12-23,0.006229
2013-12-24,0.003476
2013-12-26,0.003993
2013-12-27,-0.000061
2013-12-30,0.000277
2013-12-31,0.004255
2014-01-02,-0.008757
2014-01-03,0.000491
2014-01-06,-0.003340
2014-01-07,0.006090
2014-01-08,0.000155
2014-01-09,0.000090
2014-01-10,0.003567
2014-01-13,-0.011641
2014-01-14,0.010257
2014-01-15,0.005066
2014-01-16,-0.000279
2014-01-17,-0.003454
2014-01-21,0.003351
2014-01-22,0.001484
2014-01-23,-0.008159
2014-01-24,-0.021135
2014-01-27,-0.006632
2014-01-28,0.007293
2014-01-29,-0.009930
2014-01-30,0.011487
2014-01-31,-0.005796
2014-02-03,-0.023197
2014-02-04,0.007612
2014-02-05,-0.001952
2014-02-06,0.011924
2014-02-07,0.012595
2014-02-10,0.001576
2014-02-11,0.010599
2014-02-12,0.001149
2014-02-13,0.006957
2014-02-14,0.004104
2014-02-18,0.003182
2014-02-19,-0.006797
2014-02-20,0.006440
2014-02-21,-0.000817
2014-02-24,0.006174
2014-02-25,-0.001268
2014-02-26,0.001034
2014-02-27,0.004900
2014-02-28,0.001673
2014-03-03,-0.006637
2014-03-04,0.015433
2014-03-05,0.000357
2014-03-06,0.001723
2014-03-07,-0.000796
2014-03-10,-0.001258
2014-03-11,-0.005526
2014-03-12,0.001300
2014-03-13,-0.011137
2014-03-14,-0.001383
2014-03-17,0.008275
2014-03-18,0.007665
2014-03-19,-0.006779
2014-03-20,0.004709
2014-03-21,-0.002864
2014-03-24,-0.006075
2014-03-25,0.003439
2014-03-26,-0.008153
2014-03-27,-0.001045
2014-03-28,0.004470
2014-03-31,0.009182
2014-04-01,0.008258
2014-04-02,0.002821
2014-04-03,-0.003118
2014-04-04,-0.012591
2014-04-07,-0.011655
2014-04-08,0.005386
2014-04-09,0.011291
2014-04-10,-0.020774
2014-04-11,-0.009794
2014-04-14,0.006520
2014-04-15,0.005170
2014-04-16,0.010627
2014-04-17,0.002272
2014-04-21,0.003484
2014-04-22,0.005567
2014-04-23,-0.002758
2014-04-24,0.000719
2014-04-25,-0.009470
2014-04-28,0.001060
2014-04-29,0.005627
2014-04-30,0.003405
2014-05-01,0.000772
2014-05-02,-0.000260
2014-05-05,0.001302
2014-05-06,-0.008724
2014-05-07,0.004403
2014-05-08,-0.002682
2014-05-09,0.001571
2014-05-12,0.011167
2014-05-13,-0.000666
2014-05-14,-0.004726
2014-05-15,-0.008375
2014-05-16,0.003401
2014-05-19,0.004287
2014-05-20,-0.006933
2014-05-21,0.007421
2014-05-22,0.003498
2014-05-23,0.004761
2014-05-27,0.005896
2014-05-28,-0.001316
2014-05-29,0.004918
2014-05-30,0.000641
2014-06-02,0.000707
2014-06-03,-0.000369
2014-06-04,0.002554
2014-06-05,0.007261
2014-06-06,0.005115
2014-06-09,0.001870
2014-06-10,-0.000362
2014-06-11,-0.003074
2014-06-12,-0.005675
2014-06-13,0.003056
2014-06-16,0.001411
2014-06-17,0.002951
2014-06-18,0.006963
2014-06-19,0.001678
2014-06-20,0.002081
2014-06-23,0.000131
2014-06-24,-0.006979
2014-06-25,0.005115
2014-06-26,-0.000561
2014-06-27,0.002890
2014-06-30,0.001035
2014-07-01,0.006789
2014-07-02,-0.000317
2014-07-03,0.004968
2014-07-07,-0.006110
2014-07-08,-0.007345
2014-07-09,0.004480
2014-07-10,-0.004858
2014-07-11,0.000777
2014-07-14,0.004563
2014-07-15,-0.003284
2014-07-16,0.003751
2014-07-17,-0.010966
2014-07-18,0.010250
2014-07-21,-0.002171
2014-07-22,0.005105
2014-07-23,0.001843
2014-07-24,0.000244
2014-07-25,-0.005025
2014-07-28,-0.000513
2014-07-29,-0.003659
2014-07-30,0.000540
2014-07-31,-0.019359
2014-08-01,-0.003442
2014-08-04,0.007129
2014-08-05,-0.008884
2014-08-06,0.000300
2014-08-07,-0.004897
2014-08-08,0.010292
2014-08-11,0.004768
2014-08-12,-0.002199
2014-08-13,0.006608
2014-08-14,0.004202
2014-08-15,0.000294
2014-08-18,0.008519
2014-08-19,0.004715
2014-08-20,0.001984
2014-08-21,0.002461
2014-08-22,-0.001445
2014-08-25,0.004550
2014-08-26,0.002181
2014-08-27,0.000623
2014-08-28,-0.001806
2014-08-29,0.003800
2014-09-02,0.000031
2014-09-03,-0.000580
2014-09-04,-0.002383
2014-09-05,0.004375
2014-09-08,-0.002774
2014-09-09,-0.006316
2014-09-10,0.003339
2014-09-11,0.001306
2014-09-12,-0.006588
2014-09-15,-0.002888
2014-09-16,0.007016
2014-09-17,0.000797
2014-09-18,0.004516
2014-09-19,-0.002366
2014-09-22,-0.010079
2014-09-23,-0.005993
2014-09-24,0.007097
2014-09-25,-0.015547
2014-09-26,0.008408
2014-09-29,-0.002422
2014-09-30,-0.004091
2014-10-01,-0.012931
2014-10-02,0.000775
2014-10-03,0.009096
2014-10-06,-0.001582
2014-10-07,-0.014990
2014-10-08,0.015855
2014-10-09,-0.021219
2014-10-10,-0.013333
2014-10-13,-0.015501
2014-10-14,0.002321
2014-10-15,-0.004483
2014-10-16,0.003835
2014-10-17,0.010813
2014-10-20,0.009244
2014-10-21,0.019230
2014-10-22,-0.008878
2014-10-23,0.012270
2014-10-24,0.006013
2014-10-27,-0.002172
2014-10-28,0.013743
2014-10-29,-0.002246
2014-10-30,0.004987
2014-10-31,0.011527
2014-11-03,-0.000685
2014-11-04,-0.004628
2014-11-05,0.004889
2014-11-06,0.003815
2014-11-07,0.001998
2014-11-10,0.002723
2014-11-11,0.001120
2014-11-12,0.000555
2014-11-13,-0.000944
2014-11-14,0.001335
2014-11-17,-0.000224
2014-11-18,0.005501
2014-11-19,-0.002373
2014-11-20,0.003302
2014-11-21,0.005330
2014-11-24,0.003182
2014-11-25,-0.000384
2014-11-26,0.002777
2014-11-28,-0.006097
2014-12-01,-0.008988
2014-12-02,0.005867
2014-12-03,0.005232
2014-12-04,-0.002151
2014-12-05,0.001463
2014-12-08,-0.009478
2014-12-09,0.001715
2014-12-10,-0.017439
2014-12-11,0.004078
2014-12-12,-0.015235
2014-12-15,-0.007671
2014-12-16,-0.005842
2014-12-17,0.021789
2014-12-18,0.021547
2014-12-19,0.004613
2014-12-22,0.003242
2014-12-23,0.002198
2014-12-24,0.000579
2014-12-26,0.003668
2014-12-29,0.001242
2014-12-30,-0.004285
2014-12-31,-0.008784
2015-01-02,-0.000242
2015-01-05,-0.018275
2015-01-06,-0.009661
2015-01-07,0.011114
2015-01-08,0.016844
2015-01-09,-0.007545
2015-01-12,-0.007783
2015-01-13,-0.002264
2015-01-14,-0.005222
2015-01-15,-0.009182
2015-01-16,0.013841
2015-01-20,0.000251
2015-01-21,0.004549
2015-01-22,0.014704
2015-01-23,-0.004203
2015-01-26,0.004402
2015-01-27,-0.010008
2015-01-28,-0.014065
2015-01-29,0.008482
2015-01-30,-0.012152
2015-02-02,0.012223
2015-02-03,0.015024
2015-02-04,-0.004439
2015-02-05,0.011508
2015-02-06,-0.003588
2015-02-09,-0.004087
2015-02-10,0.008608
2015-02-11,-0.000366
2015-02-12,0.010427
2015-02-13,0.004733
2015-02-17,0.001747
2015-02-18,0.000119
2015-02-19,-0.001016
2015-02-20,0.005709
2015-02-23,-0.000652
2015-02-24,0.002294
2015-02-25,0.000697
2015-02-26,-0.001540
2015-02-27,-0.002605
2015-03-02,0.005491
2015-03-03,-0.004050
2015-03-04,-0.003780
2015-03-05,0.001631
2015-03-06,-0.013852
2015-03-09,0.002862
2015-03-10,-0.015500
2015-03-11,-0.000191
2015-03-12,0.011981
2015-03-13,-0.005527
2015-03-16,0.011764
2015-03-17,-0.001752
2015-03-18,0.012080
2015-03-19,-0.004553
2015-03-20,0.009388
2015-03-23,-0.000947
2015-03-24,-0.004568
2015-03-25,-0.014691
2015-03-26,-0.002223
2015-03-27,0.002468
2015-03-30,0.011519
2015-03-31,-0.007119
2015-04-01,-0.002676
2015-04-02,0.004004
2015-04-06,0.006577
2015-04-07,-0.002134
2015-04-08,0.003582
2015-04-09,0.003365
2015-04-10,0.004585
2015-04-13,-0.003718
2015-04-14,0.001885
2015-04-15,0.006183
2015-04-16,-0.000422
2015-04-17,-0.011294
2015-04-20,0.008077
2015-04-21,-0.001010
2015-04-22,0.004142
2015-04-23,0.003555
2015-04-24,0.001163
2015-04-27,-0.004791
2015-04-28,0.002456
2015-04-29,-0.003923
2015-04-30,-0.010676
2015-05-01,0.009290
2015-05-04,0.002961
2015-05-05,-0.011551
2015-05-06,-0.003354
2015-05-07,0.003347
2015-05-08,0.012083
2015-05-11,-0.003980
2015-05-12,-0.002240
2015-05-13,0.000185
2015-05-14,0.009713
2015-05-15,0.001057
2015-05-18,0.003342
2015-05-19,-0.001352
2015-05-20,-0.000317
2015-05-21,0.002465
2015-05-22,-0.002200
2015-05-26,-0.010462
2015-05-27,0.008653
2015-05-28,-0.001203
2015-05-29,-0.005829
2015-06-01,0.001528
2015-06-02,0.000372
2015-06-03,0.002647
2015-06-04,-0.008883
2015-06-05,-0.000015
2015-06-08,-0.006516
2015-06-09,-0.000033
2015-06-10,0.011505
2015-06-11,0.001897
2015-06-12,-0.006154
2015-06-15,-0.004048
2015-06-16,0.004953
2015-06-17,0.001723
2015-06-18,0.009278
2015-06-19,-0.004858
2015-06-22,0.005845
2015-06-23,0.001287
2015-06-24,-0.007414
2015-06-25,-0.002654
2015-06-26,-0.000814
2015-06-29,-0.021502
2015-06-30,0.002975
2015-07-01,0.005472
2015-07-02,-0.000554
2015-07-06,-0.004518
2015-07-07,0.004976
2015-07-08,-0.016512
2015-07-09,0.002742
2015-07-10,0.012674
2015-07-13,0.010250
2015-07-14,0.004722
2015-07-15,-0.002478
2015-07-16,0.006972
2015-07-17,-0.000638
2015-07-20,-0.001222
2015-07-21,-0.004063
2015-07-22,-0.002359
2015-07-23,-0.005452
2015-07-24,-0.010027
2015-07-27,-0.007086
2015-07-28,0.012261
2015-07-29,0.007577
2015-07-30,0.000803
2015-07-31,-0.000764
2015-08-03,-0.003671
2015-08-04,-0.001717
2015-08-05,0.002575
2015-08-06,-0.007848
2015-08-07,-0.003275
2015-08-10,0.013132
2015-08-11,-0.009257
2015-08-12,0.000704
2015-08-13,-0.002045
2015-08-14,0.003786
2015-08-17,0.005742
2015-08-18,-0.003505
2015-08-19,-0.008794
2015-08-20,-0.021636
2015-08-21,-0.028014
2015-08-24,-0.038574
2015-08-25,-0.010297
2015-08-26,0.033787
2015-08-27,0.024411
2015-08-28,0.002532
2015-08-31,-0.007265
2015-09-01,-0.028174
2015-09-02,0.016353
2015-09-03,0.001834
2015-09-04,-0.013754
2015-09-08,0.023691
2015-09-09,-0.012783
2015-09-10,0.004395
2015-09-11,0.003428
2015-09-14,-0.004221
2015-09-15,0.011419
2015-09-16,0.009522
2015-09-17,-0.000704
2015-09-18,-0.015322
2015-09-21,0.003336
2015-09-22,-0.013653
2015-09-23,-0.003487
2015-09-24,-0.003706
2015-09-25,-0.002118
2015-09-28,-0.027043
2015-09-29,-0.000916
2015-09-30,0.019430
2015-10-01,0.001947
2015-10-02,0.015168
2015-10-05,0.018766
2015-10-06,-0.003110
2015-10-07,0.009818
2015-10-08,0.008529
2015-10-09,0.001438
2015-10-12,-0.000202
2015-10-13,-0.007799
2015-10-14,-0.004294
2015-10-15,0.014711
2015-10-16,0.003420
2015-10-19,-0.000678
2015-10-20,-0.001171
2015-10-21,-0.008024
2015-10-22,0.013929
2015-10-23,0.009499
2015-10-26,-0.002802
2015-10-27,-0.004495
2015-10-28,0.013657
2015-10-29,-0.002218
2015-10-30,-0.004004
2015-11-02,0.012446
2015-11-03,0.003088
2015-11-04,-0.003380
2015-11-05,-0.001396
2015-11-06,-0.000383
2015-11-09,-0.009594
2015-11-10,0.001286
2015-11-11,-0.004136
2015-11-12,-0.014519
2015-11-13,-0.009781
2015-11-16,0.013738
2015-11-17,-0.001359
2015-11-18,0.015275
2015-11-19,-0.000988
2015-11-20,0.003000
2015-11-23,-0.000666
2015-11-24,0.002343
2015-11-25,0.001177
2015-11-27,0.000779
2015-11-30,-0.003859
2015-12-01,0.009508
2015-12-02,-0.010722
2015-12-03,-0.014317
2015-12-04,0.016454
2015-12-07,-0.009769
2015-12-08,-0.006113
2015-12-09,-0.006630
2015-12-10,0.002053
2015-12-11,-0.019829
2015-12-14,0.001577
2015-12-15,0.011317
2015-12-16,0.014887
2015-12-17,-0.014588
2015-12-18,-0.015037
2015-12-21,0.007163
2015-12-22,0.008827
2015-12-23,0.013678
2015-12-24,-0.000839
2015-12-28,-0.003319
2015-12-29,0.010018
2015-12-30,-0.007358
2015-12-31,-0.008181
2016-01-04,-0.014890
2016-01-05,0.001397
2016-01-06,-0.013799
2016-01-07,-0.023909
2016-01-08,-0.010935
2016-01-11,-0.001736
2016-01-12,0.006081
2016-01-13,-0.025834
2016-01-14,0.015434
2016-01-15,-0.021670
2016-01-19,-0.002414
2016-01-20,-0.010584
2016-01-21,0.005654
2016-01-22,0.022476
2016-01-25,-0.016673
2016-01-26,0.015919
2016-01-27,-0.010546
2016-01-28,0.005035
2016-01-29,0.024547
2016-02-01,-0.000351
2016-02-02,-0.020022
2016-02-03,0.005729
2016-02-04,0.003623
2016-02-05,-0.019591
2016-02-08,-0.016964
2016-02-09,-0.003067
2016-02-10,0.000273
2016-02-11,-0.011979
2016-02-12,0.020132
2016-02-16,0.017684
2016-02-17,0.018099
2016-02-18,-0.004199
2016-02-19,-0.000231
2016-02-22,0.014305
2016-02-23,-0.011789
2016-02-24,0.004963
2016-02-25,0.011044
2016-02-26,0.000283
2016-02-29,-0.005893
2016-03-01,0.022404
2016-03-02,0.005674
2016-03-03,0.005603
2016-03-04,0.004192
2016-03-07,0.003223
2016-03-08,-0.013540
2016-03-09,0.005555
2016-03-10,-0.001281
2016-03-11,0.017442
2016-03-14,-0.001576
2016-03-15,-0.004458
2016-03-16,0.007493
2016-03-17,0.008250
2016-03-18,0.003879
2016-03-21,0.000503
2016-03-22,-0.000372
2016-03-23,-0.009450
2016-03-24,-0.000141
2016-03-28,0.000806
2016-03-29,0.011053
2016-03-30,0.004467
2016-03-31,-0.000868
2016-04-01,0.004664
2016-04-04,-0.004391
2016-04-05,-0.010012
2016-04-06,0.011074
2016-04-07,-0.011653
2016-04-08,0.004327
2016-04-11,-0.001833
2016-04-12,0.010399
2016-04-13,0.011323
2016-04-14,-0.000462
2016-04-15,-0.000565
2016-04-18,0.006766
2016-04-19,0.004490
2016-04-20,0.001225
2016-04-21,-0.005273
2016-04-22,0.001835
2016-04-25,-0.002787
2016-04-26,0.003357
2016-04-27,0.002651
2016-04-28,-0.008569
2016-04-29,-0.004465
2016-05-02,0.006733
2016-05-03,-0.011101
2016-05-04,-0.006171
2016-05-05,-0.000444
2016-05-06,0.003519
2016-05-09,-0.000200
2016-05-10,0.012298
2016-05-11,-0.008295
2016-05-12,-0.000776
2016-05-13,-0.007964
2016-05-16,0.010210
2016-05-17,-0.008591
2016-05-18,-0.000812
2016-05-19,-0.003791
2016-05-20,0.007642
2016-05-23,-0.001790
2016-05-24,0.013114
2016-05-25,0.007321
2016-05-26,-0.000158
2016-05-27,0.004415
2016-05-31,-0.000348
2016-06-01,0.002367
2016-06-02,0.003603
2016-06-03,-0.001949
2016-06-06,0.006131
2016-06-07,0.002122
2016-06-08,0.003565
2016-06-09,-0.002816
2016-06-10,-0.011232
2016-06-13,-0.008135
2016-06-14,-0.002780
2016-06-15,-0.000492
2016-06-16,0.001908
2016-06-17,-0.001748
2016-06-20,0.007279
2016-06-21,0.002334
2016-06-22,-0.001865
2016-06-23,0.014415
2016-06-24,-0.036628
2016-06-27,-0.020320
2016-06-28,0.018043
2016-06-29,0.017600
2016-06-30,0.013181
2016-07-01,0.003010
2016-07-05,-0.008225
2016-07-06,0.005437
2016-07-07,-0.000690
2016-07-08,0.015478
2016-07-11,0.004210
2016-07-12,0.007923
2016-07-13,-0.000232
2016-07-14,0.004685
2016-07-15,-0.000803
2016-07-18,0.002602
2016-07-19,-0.002363
2016-07-20,0.004629
2016-07-21,-0.003322
2016-07-22,0.004500
2016-07-25,-0.003154
2016-07-26,0.001613
2016-07-27,-0.001242
2016-07-28,0.001673
2016-07-29,0.002630
2016-08-01,-0.002254
2016-08-02,-0.007105
2016-08-03,0.004385
2016-08-04,0.000814
2016-08-05,0.008058
2016-08-08,0.000104
2016-08-09,0.001069
2016-08-10,-0.002555
2016-08-11,0.004818
2016-08-12,-0.000494
2016-08-15,0.004008
2016-08-16,-0.005477
2016-08-17,0.001044
2016-08-18,0.003387
2016-08-19,-0.001828
2016-08-22,-0.000427
2016-08-23,0.002825
2016-08-24,-0.006035
2016-08-25,-0.000675
2016-08-26,-0.001829
2016-08-29,0.005225
2016-08-30,-0.001514
2016-08-31,-0.002578
2016-09-01,0.000748
2016-09-02,0.005882
2016-09-06,0.003391
2016-09-07,0.000821
2016-09-08,-0.002078
2016-09-09,-0.025010
2016-09-12,0.013340
2016-09-13,-0.015849
2016-09-14,-0.000526
2016-09-15,0.010099
2016-09-16,-0.003865
2016-09-19,0.001385
2016-09-20,-0.000363
2016-09-21,0.011864
2016-09-22,0.007814
2016-09-23,-0.005940
2016-09-26,-0.008221
2016-09-27,0.005100
2016-09-28,0.006710
2016-09-29,-0.009216
2016-09-30,0.007830
2016-10-03,-0.003050
2016-10-04,-0.005600
2016-10-05,0.004940
2016-10-06,-0.000753
2016-10-07,-0.003829
2016-10-10,0.005594
2016-10-11,-0.012616
2016-10-12,0.000932
2016-10-13,-0.003327
2016-10-14,-0.000324
2016-10-17,-0.002525
2016-10-18,0.006561
2016-10-19,0.003002
2016-10-20,-0.001641
2016-10-21,-0.000113
2016-10-24,0.004434
2016-10-25,-0.004367
2016-10-26,-0.002777
2016-10-27,-0.003986
2016-10-28,-0.002573
2016-10-31,0.000430
2016-11-01,-0.006771
2016-11-02,-0.007680
2016-11-03,-0.003940
2016-11-04,-0.001240
2016-11-07,0.020927
2016-11-08,0.003884
2016-11-09,0.012048
2016-11-10,0.001979
2016-11-11,0.000261
2016-11-14,0.002384
2016-11-15,0.007902
2016-11-16,-0.001517
2016-11-17,0.004607
2016-11-18,-0.001358
2016-11-21,0.007769
2016-11-22,0.003038
2016-11-23,0.000943
2016-11-25,0.003636
2016-11-28,-0.005935
2016-11-29,0.000960
2016-11-30,-0.001561
2016-12-01,-0.004207
2016-12-02,0.000701
2016-12-05,0.007299
2016-12-06,0.004758
2016-12-07,0.012388
2016-12-08,0.003744
2016-12-09,0.003907
2016-12-12,-0.002453
2016-12-13,0.005763
2016-12-14,-0.009619
2016-12-15,0.003588
2016-12-16,-0.001159
2016-12-19,0.002094
2016-12-20,0.004310
2016-12-21,-0.002494
2016-12-22,-0.002734
2016-12-23,0.001844
2016-12-27,0.002518
2016-12-28,-0.007978
2016-12-29,0.000587
2016-12-30,-0.004036
2017-01-03,0.008205
2017-01-04,0.008618
2017-01-05,-0.000945
2017-01-06,0.002310
2017-01-09,-0.003925
2017-01-10,0.001311
2017-01-11,0.003227
2017-01-12,-0.002536
2017-01-13,0.002819
2017-01-17,-0.003693
2017-01-18,0.001415
2017-01-19,-0.003889
2017-01-20,0.003625
2017-01-23,-0.001921
2017-01-24,0.008375
2017-01-25,0.008078
2017-01-26,-0.001150
2017-01-27,-0.001599
2017-01-30,-0.007057
2017-01-31,0.000839
2017-02-01,0.000282
2017-02-02,0.000599
2017-02-03,0.007801
2017-02-06,-0.002713
2017-02-07,-0.000541
2017-02-08,0.001224
2017-02-09,0.006490
2017-02-10,0.004103
2017-02-13,0.004652
2017-02-14,0.003882
2017-02-15,0.004785
2017-02-16,-0.001251
2017-02-17,0.001900
2017-02-21,0.005811
2017-02-22,-0.001741
2017-02-23,-0.000909
2017-02-24,0.000450
2017-02-27,0.001995
2017-02-28,-0.004647
2017-03-01,0.013366
2017-03-02,-0.006862
2017-03-03,0.000944
2017-03-06,-0.003808
2017-03-07,-0.003455
2017-03-08,-0.003233
2017-03-09,-0.000246
2017-03-10,0.003446
2017-03-13,0.001665
2017-03-14,-0.004180
2017-03-15,0.010125
2017-03-16,-0.000614
2017-03-17,-0.000812
2017-03-20,-0.002332
2017-03-21,-0.013602
2017-03-22,0.001795
2017-03-23,0.000156
2017-03-24,-0.000317
2017-03-27,-0.000361
2017-03-28,0.006893
2017-03-29,0.002268
2017-03-30,0.002599
2017-03-31,-0.001095
2017-04-03,-0.002624
2017-04-04,0.000621
2017-04-05,-0.004134
2017-04-06,0.003506
2017-04-07,-0.000717
2017-04-10,0.001468
2017-04-11,-0.000127
2017-04-12,-0.004575
2017-04-13,-0.007191
2017-04-17,0.008654
2017-04-18,-0.002508
2017-04-19,-0.001333
2017-04-20,0.007669
2017-04-21,-0.002842
2017-04-24,0.010754
2017-04-25,0.005960
2017-04-26,-0.000105
2017-04-27,-0.000040
2017-04-28,-0.002611
2017-05-01,0.002001
2017-05-02,0.000255
2017-05-03,-0.002573
2017-05-04,-0.000777
2017-05-05,0.005792
2017-05-08,-0.000820
2017-05-09,-0.000984
2017-05-10,0.002600
2017-05-11,-0.002715
2017-05-12,-0.001539
2017-05-15,0.005603
2017-05-16,-0.000384
2017-05-17,-0.018102
2017-05-18,0.003369
2017-05-19,0.007577
2017-05-22,0.005394
2017-05-23,0.001526
2017-05-24,0.002402
2017-05-25,0.003248
2017-05-26,0.000310
2017-05-30,-0.002267
2017-05-31,-0.000326
2017-06-01,0.009052
2017-06-02,0.003486
2017-06-05,-0.001819
2017-06-06,-0.002150
2017-06-07,0.000725
2017-06-08,0.001597
2017-06-09,-0.000547
2017-06-12,-0.000866
2017-06-13,0.005328
2017-06-14,-0.002289
2017-06-15,-0.002973
2017-06-16,0.000543
2017-06-19,0.007639
2017-06-20,-0.007515
2017-06-21,-0.000752
2017-06-22,0.000802
2017-06-23,0.002916
2017-06-26,0.000940
2017-06-27,-0.007476
2017-06-28,0.010009
2017-06-29,-0.008117
2017-06-30,0.001446
2017-07-03,0.003039
2017-07-05,0.000131
2017-07-06,-0.009231
2017-07-07,0.006444
2017-07-10,0.000501
2017-07-11,0.000236
2017-07-12,0.007693
2017-07-13,0.001729
2017-07-14,0.004849
2017-07-17,0.000014
2017-07-18,0.000459
2017-07-19,0.005964
2017-07-20,0.000033
2017-07-21,-0.000922
2017-07-24,-0.000133
2017-07-25,0.003457
2017-07-26,-0.000085
2017-07-27,-0.002093
2017-07-28,-0.001066
2017-07-31,-0.000859
2017-08-01,0.002360
2017-08-02,-0.000989
2017-08-03,-0.002180
2017-08-04,0.002012
2017-08-07,0.001414
2017-08-08,-0.002772
2017-08-09,-0.001449
2017-08-10,-0.014415
2017-08-11,0.001508
2017-08-14,0.009827
2017-08-15,-0.001450
2017-08-16,0.002153
2017-08-17,-0.014559
2017-08-18,-0.001186
2017-08-21,0.000858
2017-08-22,0.009406
2017-08-23,-0.001918
2017-08-24,-0.001160
2017-08-25,0.002002
2017-08-28,0.000326
2017-08-29,0.000673
2017-08-30,0.004622
2017-08-31,0.006903
2017-09-01,0.002852
2017-09-05,-0.007620
2017-09-06,0.003190
2017-09-07,-0.000032
2017-09-08,-0.001271
2017-09-11,0.010251
2017-09-12,0.003547
2017-09-13,0.000552
2017-09-14,-0.000492
2017-09-15,0.001829
2017-09-18,0.002006
2017-09-19,0.001121
2017-09-20,0.000919
2017-09-21,-0.002543
2017-09-22,0.001100
2017-09-25,-0.001881
2017-09-26,0.000213
2017-09-27,0.004975
2017-09-28,0.001611
2017-09-29,0.003328
2017-10-02,0.004542
2017-10-03,0.002500
2017-10-04,0.000781
2017-10-05,0.004770
2017-10-06,-0.000977
2017-10-09,-0.001988
2017-10-10,0.002717
2017-10-11,0.001950
2017-10-12,-0.001538
2017-10-13,0.000886
2017-10-16,0.001013
2017-10-17,-0.000188
2017-10-18,0.000987
2017-10-19,-0.000131
2017-10-20,0.004204
2017-10-23,-0.004272
2017-10-24,0.001655
2017-10-25,-0.005407
2017-10-26,0.001500
2017-10-27,0.007589
2017-10-30,-0.003392
2017-10-31,0.002030
2017-11-01,0.000748
2017-11-02,0.000340
2017-11-03,0.002852
2017-11-06,0.002097
2017-11-07,-0.001835
2017-11-08,0.001385
2017-11-09,-0.003602
2017-11-10,-0.000272
2017-11-13,0.000195
2017-11-14,-0.002560
2017-11-15,-0.004852
2017-11-16,0.009334
2017-11-17,-0.000921
2017-11-20,0.001805
2017-11-21,0.006542
2017-11-22,-0.000064
2017-11-24,0.002145
2017-11-27,-0.001546
2017-11-28,0.008835
2017-11-29,-0.000731
2017-11-30,0.007237
2017-12-01,-0.001124
2017-12-04,-0.001749
2017-12-05,-0.004180
2017-12-06,-0.001387
2017-12-07,0.004019
2017-12-08,0.005050
2017-12-11,0.002781
2017-12-12,0.000744
2017-12-13,0.000541
2017-12-14,-0.004374
2017-12-15,0.007951
2017-12-18,0.006749
2017-12-19,-0.003411
2017-12-20,-0.000103
2017-12-21,0.002510
2017-12-22,-0.000161
2017-12-26,-0.000171
2017-12-27,0.000848
2017-12-28,0.002503
2017-12-29,-0.004750
2018-01-02,0.008505
2018-01-03,0.005856
2018-01-04,0.004001
2018-01-05,0.005804
2018-01-08,0.001816
2018-01-09,0.000921
2018-01-10,-0.001506
2018-01-11,0.008295
2018-01-12,0.006082
2018-01-16,-0.004432
2018-01-17,0.008575
2018-01-18,-0.002002
2018-01-19,0.005419
2018-01-22,0.007587
2018-01-23,0.002623
2018-01-24,-0.000901
2018-01-25,0.000076
2018-01-26,0.009965
2018-01-29,-0.006914
2018-01-30,-0.010195
2018-01-31,0.000149
2018-02-01,-0.000265
2018-02-02,-0.020867
2018-02-05,-0.038014
2018-02-06,0.015314
2018-02-07,-0.004174
2018-02-08,-0.034694
2018-02-09,0.012281
2018-02-12,0.013221
2018-02-13,0.002897
2018-02-14,0.014362
2018-02-15,0.011112
2018-02-16,0.000368
2018-02-20,-0.006285
2018-02-21,-0.004405
2018-02-22,0.000219
2018-02-23,0.014656
2018-02-26,0.009999
2018-02-27,-0.012554
2018-02-28,-0.011036
2018-03-01,-0.010788
2018-03-02,0.005872
2018-03-05,0.010129
2018-03-06,0.004148
2018-03-07,0.000450
2018-03-08,0.003647
2018-03-09,0.015750
2018-03-12,-0.000151
2018-03-13,-0.006180
2018-03-14,-0.004591
2018-03-15,-0.002203
2018-03-16,0.002435
2018-03-19,-0.012909
2018-03-20,0.001338
2018-03-21,0.000421
2018-03-22,-0.023890
2018-03-23,-0.019286
2018-03-26,0.024231
2018-03-27,-0.016562
2018-03-28,-0.002589
2018-03-29,0.013458
2018-04-02,-0.021354
2018-04-03,0.011507
2018-04-04,0.010361
2018-04-05,0.007405
2018-04-06,-0.019971
2018-04-09,0.002849
2018-04-10,0.016406
2018-04-11,-0.003796
2018-04-12,0.006932
2018-04-13,-0.003070
2018-04-16,0.008002
2018-04-17,0.010291
2018-04-18,0.001626
2018-04-19,-0.005395
2018-04-20,-0.007464
2018-04-23,-0.000446
2018-04-24,-0.011375
2018-04-25,0.000773
2018-04-26,0.009015
2018-04-27,0.000715
2018-04-30,-0.007258
2018-05-01,0.002191
2018-05-02,-0.005574
2018-05-03,-0.002256
2018-05-04,0.012299
2018-05-07,0.004128
2018-05-08,0.000407
2018-05-09,0.008609
2018-05-10,0.008627
2018-05-11,0.001549
2018-05-14,0.000775
2018-05-15,-0.005764
2018-05-16,0.004811
2018-05-17,0.000295
2018-05-18,-0.002228
2018-05-21,0.006987
2018-05-22,-0.003453
2018-05-23,0.002289
2018-05-24,-0.001827
2018-05-25,-0.002208
2018-05-29,-0.009951
2018-05-30,0.013096
2018-05-31,-0.006490
2018-06-01,0.009646
2018-06-04,0.004526
2018-06-05,0.001474
2018-06-06,0.007987
2018-06-07,-0.001115
2018-06-08,0.002985
2018-06-11,0.001520
2018-06-12,0.001944
2018-06-13,-0.003612
2018-06-14,0.002641
2018-06-15,-0.001637
2018-06-18,-0.000751
2018-06-19,-0.004079
2018-06-20,0.002734
2018-06-21,-0.006898
2018-06-22,0.002282
2018-06-25,-0.014414
2018-06-26,0.002922
2018-06-27,-0.009748
2018-06-28,0.005631
2018-06-29,0.001584
2018-07-02,0.002185
2018-07-03,-0.002892
2018-07-05,0.008475
2018-07-06,0.008390
2018-07-09,0.008401
2018-07-10,0.002293
2018-07-11,-0.007407
2018-07-12,0.008241
2018-07-13,0.000713
2018-07-16,-0.001830
2018-07-17,0.003883
2018-07-18,0.002471
2018-07-19,-0.002465
2018-07-20,-0.001024
2018-07-23,0.001025
2018-07-24,0.001977
2018-07-25,0.008264
2018-07-26,-0.001558
2018-07-27,-0.007646
2018-07-30,-0.005580
2018-07-31,0.005536
2018-08-01,-0.001296
2018-08-02,0.005511
2018-08-03,0.003274
2018-08-06,0.003857
2018-08-07,0.002255
2018-08-08,-0.000270
2018-08-09,-0.000291
2018-08-10,-0.006335
2018-08-13,-0.004685
2018-08-14,0.006617
2018-08-15,-0.009080
2018-08-16,0.008016
2018-08-17,0.003866
2018-08-20,0.002833
2018-08-21,0.003128
2018-08-22,0.000730
2018-08-23,-0.002437
2018-08-24,0.006245
2018-08-27,0.007157
2018-08-28,0.000006
2018-08-29,0.005183
2018-08-30,-0.004428
2018-08-31,0.000301
2018-09-04,-0.002248
2018-09-05,-0.003502
2018-09-06,-0.003967
2018-09-07,-0.002371
2018-09-10,0.002274
2018-09-11,0.003230
2018-09-12,0.000829
2018-09-13,0.004324
2018-09-14,0.000904
2018-09-17,-0.005975
2018-09-18,0.005494
2018-09-19,0.000524
2018-09-20,0.007850
2018-09-21,-0.001043
2018-09-24,-0.003703
2018-09-25,-0.000509
2018-09-26,-0.004024
2018-09-27,0.002401
2018-09-28,0.000090
2018-10-01,0.001786
2018-10-02,-0.002262
2018-10-03,0.001625
2018-10-04,-0.009310
2018-10-05,-0.006058
2018-10-08,-0.001348
2018-10-09,-0.001788
2018-10-10,-0.031351
2018-10-11,-0.018802
2018-10-12,0.012278
2018-10-15,-0.003655
2018-10-16,0.021470
2018-10-17,-0.001386
2018-10-18,-0.014622
2018-10-19,-0.001816
2018-10-22,-0.003901
2018-10-23,-0.005977
2018-10-24,-0.030628
2018-10-25,0.017448
2018-10-26,-0.015512
2018-10-29,-0.006987
2018-10-30,0.015604
2018-10-31,0.010455
2018-11-01,0.013011
2018-11-02,-0.004779
2018-11-05,0.004439
2018-11-06,0.005704
2018-11-07,0.019256
2018-11-08,-0.002936
2018-11-09,-0.009721
2018-11-12,-0.018878
2018-11-13,-0.001188
2018-11-14,-0.006557
2018-11-15,0.010788
2018-11-16,0.002082
2018-11-19,-0.016575
2018-11-20,-0.017946
2018-11-21,0.006220
2018-11-23,-0.005560
2018-11-26,0.014598
2018-11-27,0.000513
2018-11-28,0.022306
2018-11-29,-0.001759
2018-11-30,0.006818
2018-12-03,0.011443
2018-12-04,-0.031761
2018-12-06,-0.001887
2018-12-07,-0.021063
2018-12-10,-0.000255
2018-12-11,-0.000717
2018-12-12,0.006327
2018-12-13,-0.002157
2018-12-14,-0.017100
2018-12-17,-0.020886
2018-12-18,-0.000164
2018-12-19,-0.014833
2018-12-20,-0.015372
2018-12-21,-0.020591
2018-12-24,-0.024166
2018-12-26,0.046860
2018-12-27,0.006822
2018-12-28,0.000154
2018-12-31,0.008318
2019-01-02,0.001796
2019-01-03,-0.021043
2019-01-04,0.033410
2019-01-07,0.009202
2019-01-08,0.010269
2019-01-09,0.006199
2019-01-10,0.004474
2019-01-11,-0.000152
2019-01-14,-0.005465
2019-01-15,0.009839
2019-01-16,0.003177
2019-01-17,0.007082
2019-01-18,0.012032
2019-01-22,-0.014150
2019-01-23,0.001313
2019-01-24,0.002789
2019-01-25,0.009553
2019-01-28,-0.006493
2019-01-29,-0.000918
2019-01-30,0.014357
2019-01-31,0.008467
2019-02-01,0.001418
2019-02-04,0.006692
2019-02-05,0.004392
2019-02-06,-0.002529
2019-02-07,-0.008815
2019-02-08,0.000651
2019-02-11,0.001262
2019-02-12,0.012367
2019-02-13,0.002782
2019-02-14,-0.001423
2019-02-15,0.010835
2019-02-19,0.002351
2019-02-20,0.002105
2019-02-21,-0.003534
2019-02-22,0.006367
2019-02-25,0.001355
2019-02-26,-0.001496
2019-02-27,0.000503
2019-02-28,-0.002832
2019-03-01,0.006074
2019-03-04,-0.004235
2019-03-05,-0.001320
2019-03-06,-0.007768
2019-03-07,-0.007494
2019-03-08,-0.001900
2019-03-11,0.014348
2019-03-12,0.002743
2019-03-13,0.006419
2019-03-14,-0.000989
2019-03-15,0.004549
2019-03-18,0.004449
2019-03-19,-0.000676
2019-03-20,-0.003146
2019-03-21,0.010294
2019-03-22,-0.020352
2019-03-25,-0.000328
2019-03-26,0.007719
2019-03-27,-0.004686
2019-03-28,0.004111
2019-03-29,0.006019
2019-04-01,0.011239
2019-04-02,-0.000146
2019-04-03,0.002548
2019-04-04,0.001939
2019-04-05,0.005114
2019-04-08,0.001042
2019-04-09,-0.006282
2019-04-10,0.004781
2019-04-11,-0.000123
2019-04-12,0.006427
2019-04-15,-0.001019
2019-04-16,0.000713
2019-04-17,-0.003057
2019-04-18,0.001078
2019-04-22,0.000550
2019-04-23,0.008919
2019-04-24,-0.002067
2019-04-25,-0.001464
2019-04-26,0.005368
2019-04-29,0.001457
2019-04-30,0.000358
2019-05-01,-0.007552
2019-05-02,-0.001670
2019-05-03,0.010903
2019-05-06,-0.003819
2019-05-07,-0.016138
2019-05-08,-0.001604
2019-05-09,-0.002762
2019-05-10,0.004061
2019-05-13,-0.024490
2019-05-14,0.008972
2019-05-15,0.005735
2019-05-16,0.008466
2019-05-17,-0.006777
2019-05-20,-0.006482
2019-05-21,0.008936
2019-05-22,-0.003791
2019-05-23,-0.012685
2019-05-24,0.002769
2019-05-28,-0.007504
2019-05-29,-0.006890
2019-05-30,0.001395
2019-05-31,-0.011731
2019-06-03,-0.002132
2019-06-04,0.020888
2019-06-05,0.006480
2019-06-06,0.005135
2019-06-07,0.009671
2019-06-10,0.004786
2019-06-11,-0.000587
2019-06-12,-0.001895
2019-06-13,0.004882
2019-06-14,-0.002723
2019-06-17,0.001583
2019-06-18,0.009988
2019-06-19,0.003742
2019-06-20,0.008794
2019-06-21,-0.002480
2019-06-24,-0.002898
2019-06-25,-0.008983
2019-06-26,-0.001030
2019-06-27,0.005851
2019-06-28,0.006661
2019-07-01,0.006666
2019-07-02,0.002012
2019-07-03,0.007696
2019-07-05,-0.001125
2019-07-08,-0.005365
2019-07-09,0.001762
2019-07-10,0.004054
2019-07-11,0.001232
2019-07-12,0.004673
2019-07-15,-0.000159
2019-07-16,-0.002952
2019-07-17,-0.005594
2019-07-18,0.003364
2019-07-19,-0.005612
2019-07-22,0.002286
2019-07-23,0.006250
2019-07-24,0.006008
2019-07-25,-0.006384
2019-07-26,0.007304
2019-07-29,-0.002677
2019-07-30,-0.001279
2019-07-31,-0.009979
2019-08-01,-0.009219
2019-08-02,-0.007805
2019-08-05,-0.028423
2019-08-06,0.011900
2019-08-07,0.001289
2019-08-08,0.018530
2019-08-09,-0.007192
2019-08-12,-0.012019
2019-08-13,0.013317
2019-08-14,-0.027826
2019-08-15,0.001777
2019-08-16,0.014891
2019-08-19,0.010675
2019-08-20,-0.006749
2019-08-21,0.007927
2019-08-22,-0.001010
2019-08-23,-0.024254
2019-08-26,0.009977
2019-08-27,-0.003859
2019-08-28,0.006323
2019-08-29,0.012551
2019-08-30,0.000647
2019-09-03,-0.007200
2019-09-04,0.010731
2019-09-05,0.012384
2019-09-06,0.000270
2019-09-09,0.000597
2019-09-10,0.001209
2019-09-11,0.008121
2019-09-12,0.002394
2019-09-13,-0.000402
2019-09-16,-0.001251
2019-09-17,0.002169
2019-09-18,-0.000724
2019-09-19,-0.000145
2019-09-20,-0.004082
2019-09-23,-0.000094
2019-09-24,-0.009181
2019-09-25,0.005652
2019-09-26,-0.003072
2019-09-27,-0.005689
2019-09-30,0.004452
2019-10-01,-0.012535
2019-10-02,-0.016124
2019-10-03,0.007636
2019-10-04,0.012663
2019-10-07,-0.003916
2019-10-08,-0.015075
2019-10-09,0.008366
2019-10-10,0.005609
2019-10-11,0.011399
2019-10-14,-0.001618
2019-10-15,0.009102
2019-10-16,-0.001892
2019-10-17,0.003690
2019-10-18,-0.003714
2019-10-21,0.006672
2019-10-22,-0.003284
2019-10-23,0.002377
2019-10-24,0.002351
2019-10-25,0.004071
2019-10-28,0.005234
2019-10-29,-0.000574
2019-10-30,0.002780
2019-10-31,-0.003480
2019-11-01,0.010212
2019-11-04,0.003762
2019-11-05,-0.001073
2019-11-06,-0.000325
2019-11-07,0.002842
2019-11-08,0.002642
2019-11-11,-0.001637
2019-11-12,0.001141
2019-11-13,0.000337
2019-11-14,0.000987
2019-11-15,0.007074
2019-11-18,0.000148
2019-11-19,0.000027
2019-11-20,-0.002962
2019-11-21,-0.001708
2019-11-22,0.002020
2019-11-25,0.008560
2019-11-26,0.002218
2019-11-27,0.004320
2019-11-29,-0.004045
2019-12-02,-0.008547
2019-12-03,-0.005643
2019-12-04,0.006030
2019-12-05,0.001102
2019-12-06,0.008432
2019-12-09,-0.002700
2019-12-10,-0.000696
2019-12-11,0.002740
2019-12-12,0.007859
2019-12-13,0.000027
2019-12-16,0.007073
2019-12-17,0.000547
2019-12-18,0.000228
2019-12-19,0.004192
2019-12-20,0.004534
2019-12-23,0.000956
2019-12-24,0.000380
2019-12-26,0.004616
2019-12-27,-0.000643
2019-12-30,-0.005105
2019-12-31,0.002964
2020-01-02,0.007412
2020-01-03,-0.005828
2020-01-06,0.003269
2020-01-07,-0.002147
2020-01-08,0.004028
2020-01-09,0.005831
2020-01-10,-0.002578
2020-01-13,0.007077
2020-01-14,-0.000394
2020-01-15,0.001938
2020-01-16,0.008389
2020-01-17,0.002523
2020-01-21,-0.003027
2020-01-22,0.000376
2020-01-23,0.001000
2020-01-24,-0.008836
2020-01-27,-0.014872
2020-01-28,0.009614
2020-01-29,-0.001160
2020-01-30,0.002780
2020-01-31,-0.016642
2020-02-03,0.007562
2020-02-04,0.014853
2020-02-05,0.009336
2020-02-06,0.002601
2020-02-07,-0.005527
2020-02-10,0.006756
2020-02-11,0.003402
2020-02-12,0.006406
2020-02-13,-0.000773
2020-02-14,0.001660
2020-02-18,-0.001944
2020-02-19,0.005179
2020-02-20,-0.002604
2020-02-21,-0.009789
2020-02-24,-0.031760
2020-02-25,-0.029476
2020-02-26,-0.005395
2020-02-27,-0.040987
2020-02-28,-0.008552
2020-03-02,0.040304
2020-03-03,-0.024635
2020-03-04,0.037552
2020-03-05,-0.031529
2020-03-06,-0.017785
2020-03-09,-0.079317
2020-03-10,0.044398
2020-03-11,-0.049958
2020-03-12,-0.096841
2020-03-13,0.085502
2020-03-16,-0.118168
2020-03-17,0.053074
2020-03-18,-0.059610
2020-03-19,0.014319
2020-03-20,-0.037156
2020-03-23,-0.026878
2020-03-24,0.091556
2020-03-25,0.016379
2020-03-26,0.057470
2020-03-27,-0.033038
2020-03-30,0.029038
2020-03-31,-0.012277
2020-04-01,-0.045015
2020-04-02,0.019501
2020-04-03,-0.015754
2020-04-06,0.067894
2020-04-07,0.000476
2020-04-08,0.033821
2020-04-09,0.018252
2020-04-13,-0.010146
2020-04-14,0.028171
2020-04-15,-0.023057
2020-04-16,0.004197
2020-04-17,0.027687
2020-04-20,-0.015553
2020-04-21,-0.029210
2020-04-22,0.021875
2020-04-23,0.001250
2020-04-24,0.013045
2020-04-27,0.017511
2020-04-28,-0.002298
2020-04-29,0.028865
2020-04-30,-0.013076
2020-05-01,-0.028041
2020-05-04,0.004810
2020-05-05,0.008738
2020-05-06,-0.005853
2020-05-07,0.013322
2020-05-08,0.018605
2020-05-11,-0.000441
2020-05-12,-0.020370
2020-05-13,-0.019027
2020-05-14,0.010302
2020-05-15,0.005234
2020-05-18,0.033368
2020-05-19,-0.009706
2020-05-20,0.017387
2020-05-21,-0.006646
2020-05-22,0.002656
2020-05-26,0.014186
2020-05-27,0.014962
2020-05-28,-0.003516
2020-05-29,0.004678
2020-06-01,0.006645
2020-06-02,0.008413
2020-06-03,0.014862
2020-06-04,-0.003038
2020-06-05,0.025002
2020-06-08,0.014235
2020-06-09,-0.009508
2020-06-10,-0.006659
2020-06-11,-0.058203
2020-06-12,0.014074
2020-06-15,0.010691
2020-06-16,0.017647
2020-06-17,-0.004129
2020-06-18,0.001198
2020-06-19,-0.004599
2020-06-22,0.006682
2020-06-23,0.003905
2020-06-24,-0.025737
2020-06-25,0.011260
2020-06-26,-0.022878
2020-06-29,0.014497
2020-06-30,0.014671
2020-07-01,0.004033
2020-07-02,0.005020
2020-07-06,0.014885
2020-07-07,-0.010264
2020-07-08,0.008437
2020-07-09,-0.005703
2020-07-10,0.010386
2020-07-13,-0.011212
2020-07-14,0.013290
2020-07-15,0.011800
2020-07-16,-0.004003
2020-07-17,0.003636
2020-07-20,0.008567
2020-07-21,0.002298
2020-07-22,0.005138
2020-07-23,-0.010909
2020-07-24,-0.006986
2020-07-27,0.009010
2020-07-28,-0.006926
2020-07-29,0.013428
2020-07-30,-0.003768
2020-07-31,0.004524
2020-08-03,0.008692
2020-08-04,0.004528
2020-08-05,0.007526
2020-08-06,0.004654
2020-08-07,0.000244
2020-08-10,0.002652
2020-08-11,-0.007931
2020-08-12,0.012994
2020-08-13,-0.000593
2020-08-14,-0.000669
2020-08-17,0.005019
2020-08-18,0.001404
2020-08-19,-0.004378
2020-08-20,0.002806
2020-08-21,0.001599
2020-08-24,0.008910
2020-08-25,0.003408
2020-08-26,0.008729
2020-08-27,0.001686
2020-08-28,0.006925
2020-08-31,-0.001560
2020-09-01,0.008490
2020-09-02,0.012122
2020-09-03,-0.033998
2020-09-04,-0.008065
2020-09-08,-0.026800
2020-09-09,0.019843
2020-09-10,-0.015557
2020-09-11,-0.000188
2020-09-14,0.015413
2020-09-15,0.005411
2020-09-16,-0.003147
2020-09-17,-0.007869
2020-09-18,-0.008825
2020-09-21,-0.012511
2020-09-22,0.009333
2020-09-23,-0.024029
2020-09-24,0.002036
2020-09-25,0.015674
2020-09-28,0.016584
2020-09-29,-0.004001
2020-09-30,0.006881
2020-10-01,0.007865
2020-10-02,-0.007735
2020-10-05,0.018302
2020-10-06,-0.011910
2020-10-07,0.017039
2020-10-08,0.008516
2020-10-09,0.008550
2020-10-12,0.013469
2020-10-13,-0.004951
2020-10-14,-0.006017
2020-10-15,-0.000777
2020-10-16,-0.000707
2020-10-19,-0.014167
2020-10-20,0.003821
2020-10-21,-0.003440
2020-10-22,0.006130
2020-10-23,0.003817
2020-10-26,-0.018085
2020-10-27,-0.003025
2020-10-28,-0.032808
2020-10-29,0.010473
2020-10-30,-0.013112
2020-11-02,0.012086
2020-11-03,0.018824
2020-11-04,0.019588
2020-11-05,0.021074
2020-11-06,-0.000045
2020-11-09,0.010634
2020-11-10,-0.000557
2020-11-11,0.008042
2020-11-12,-0.009669
2020-11-13,0.013293
2020-11-16,0.012334
2020-11-17,-0.001528
2020-11-18,-0.009049
2020-11-19,0.005837
2020-11-20,-0.004295
2020-11-23,0.007981
2020-11-24,0.015105
2020-11-25,0.000178
2020-11-27,0.003998
2020-11-30,-0.005743
2020-12-01,0.009645
2020-12-02,0.001192
2020-12-03,0.002272
2020-12-04,0.010477
2020-12-07,-0.000220
2020-12-08,0.004283
2020-12-09,-0.009558
2020-12-10,0.002640
2020-12-11,-0.002252
2020-12-14,-0.003267
2020-12-15,0.013083
2020-12-16,0.001387
2020-12-17,0.007947
2020-12-18,-0.002101
2020-12-21,-0.002928
2020-12-22,0.000602
2020-12-23,0.001445
2020-12-24,0.002330
2020-12-28,0.003847
2020-12-29,-0.003652
2020-12-30,0.003291
2020-12-31,0.003558
2021-01-04,-0.013064
2021-01-05,0.009014
2021-01-06,0.008037
2021-01-07,0.016263
2021-01-08,0.004688
2021-01-11,-0.005645
2021-01-12,0.004197
2021-01-13,0.000912
2021-01-14,-0.000047
2021-01-15,-0.008542
2021-01-19,0.008537
2021-01-20,0.012048
2021-01-21,-0.000935
2021-01-22,-0.001461
2021-01-25,0.002429
2021-01-26,-0.002925
2021-01-27,-0.024763
2021-01-28,0.009276
2021-01-29,-0.017643
2021-02-01,0.017251
2021-02-02,0.014014
2021-02-03,0.001354
2021-02-04,0.011293
2021-02-05,0.006078
2021-02-08,0.009781
2021-02-09,0.000958
2021-02-10,-0.000306
2021-02-11,0.001885
2021-02-12,0.004671
2021-02-16,-0.001123
2021-02-17,-0.002344
2021-02-18,-0.006585
2021-02-19,0.002724
2021-02-22,-0.009646
2021-02-23,-0.001282
2021-02-24,0.011298
2021-02-25,-0.026609
2021-02-26,-0.003846
2021-03-01,0.024765
2021-03-02,-0.009017
2021-03-03,-0.014661
2021-03-04,-0.016690
2021-03-05,0.017372
2021-03-08,-0.005877
2021-03-09,0.016852
2021-03-10,0.006778
2021-03-11,0.014170
2021-03-12,0.001509
2021-03-15,0.007061
2021-03-16,-0.004282
2021-03-17,0.003570
2021-03-18,-0.017954
2021-03-19,0.001804
2021-03-22,0.004791
2021-03-23,-0.011993
2021-03-24,-0.009090
2021-03-25,0.006556
2021-03-26,0.015363
2021-03-29,-0.005260
2021-03-30,0.000023
2021-03-31,0.005605
2021-04-01,0.012802
2021-04-05,0.011451
2021-04-06,0.000329
2021-04-07,-0.001475
2021-04-08,0.005892
2021-04-09,0.005508
2021-04-12,-0.000689
2021-04-13,0.003958
2021-04-14,-0.002872
2021-04-15,0.010050
2021-04-16,0.002625
2021-04-19,-0.006927
2021-04-20,-0.009080
2021-04-21,0.011280
2021-04-22,-0.007251
2021-04-23,0.012026
2021-04-26,0.004392
2021-04-27,-0.000236
2021-04-28,0.000142
2021-04-29,0.003534
2021-04-30,-0.008008
2021-05-03,0.002051
2021-05-04,-0.008437
2021-05-05,-0.000050
2021-05-06,0.004793
2021-05-07,0.008673
2021-05-10,-0.012279
2021-05-11,-0.006579
2021-05-12,-0.022536
2021-05-13,0.009761
2021-05-14,0.017585
2021-05-17,-0.001356
2021-05-18,-0.005975
2021-05-19,-0.003798
2021-05-20,0.011154
2021-05-21,-0.000303
2021-05-24,0.009375
2021-05-25,-0.002731
2021-05-26,0.004533
2021-05-27,0.002905
2021-05-28,0.001006
2021-06-01,0.001667
2021-06-02,0.001731
2021-06-03,-0.005216
2021-06-04,0.008419
2021-06-07,0.001642
2021-06-08,0.001769
2021-06-09,-0.002880
2021-06-10,0.004027
2021-06-11,0.003115
2021-06-14,0.001325
2021-06-15,-0.002962
2021-06-16,-0.004693
2021-06-17,-0.001405
2021-06-18,-0.012535
2021-06-21,0.013561
2021-06-22,0.004926
2021-06-23,-0.000137
2021-06-24,0.006528
2021-06-25,0.003216
2021-06-28,0.001063
2021-06-29,-0.000040
2021-06-30,0.000360
2021-07-01,0.004200
2021-07-02,0.005001
2021-07-06,-0.003010
2021-07-07,0.001100
2021-07-08,-0.009006
2021-07-09,0.012887
2021-07-12,0.002173
2021-07-13,-0.005943
2021-07-14,-0.002375
2021-07-15,-0.003905
2021-07-16,-0.007607
2021-07-19,-0.014629
2021-07-20,0.016902
2021-07-21,0.009672
2021-07-22,0.000285
2021-07-23,0.008915
2021-07-26,0.001649
2021-07-27,-0.005939
2021-07-28,0.002969
2021-07-29,0.004547
2021-07-30,-0.005629
2021-08-02,-0.001350
2021-08-03,0.006796
2021-08-04,-0.003965
2021-08-05,0.007173
2021-08-06,0.000825
2021-08-09,-0.000405
2021-08-10,0.000668
2021-08-11,0.002429
2021-08-12,0.001978
2021-08-13,0.000280
2021-08-16,-0.000843
2021-08-17,-0.007821
2021-08-18,-0.008858
2021-08-19,-0.002259
2021-08-20,0.008679
2021-08-23,0.010518
2021-08-24,0.004232
2021-08-25,0.002593
2021-08-26,-0.006469
2021-08-27,0.010965
2021-08-30,0.003027
2021-08-31,-0.001063
2021-09-01,0.001985
2021-09-02,0.004125
2021-09-03,-0.000078
2021-09-07,-0.004163
2021-09-08,-0.003491
2021-09-09,-0.002862
2021-09-10,-0.007309
2021-09-13,0.001957
2021-09-14,-0.006226
2021-09-15,0.008518
2021-09-16,-0.000877
2021-09-17,-0.007397
2021-09-20,-0.018222
2021-09-21,0.000856
2021-09-22,0.009965
2021-09-23,0.012060
2021-09-24,-0.000111
2021-09-27,-0.000980
2021-09-28,-0.020769
2021-09-29,-0.000069
2021-09-30,-0.009500
2021-10-01,0.010643
2021-10-04,-0.012878
2021-10-05,0.009502
2021-10-06,0.002818
2021-10-07,0.009925
2021-10-08,-0.002520
2021-10-11,-0.006344
2021-10-12,0.000236
2021-10-13,0.004802
2021-10-14,0.015965
2021-10-15,0.005721
2021-10-18,0.003275
2021-10-19,0.006813
2021-10-20,0.003892
2021-10-21,0.002944
2021-10-22,-0.001700
2021-10-25,0.005483
2021-10-26,-0.000059
2021-10-27,-0.007541
2021-10-28,0.011248
2021-10-29,0.000973
2021-11-01,0.005685
2021-11-02,0.002035
2021-11-03,0.007317
2021-11-04,0.002951
2021-11-05,0.004007
2021-11-08,0.001985
2021-11-09,-0.002888
2021-11-10,-0.010458
2021-11-11,0.002449
2021-11-12,0.007136
2021-11-15,-0.000328
2021-11-16,0.004036
2021-11-17,-0.004441
2021-11-18,0.000267
2021-11-19,-0.002866
2021-11-22,-0.006220
2021-11-23,-0.000289
2021-11-24,0.003215
2021-11-26,-0.022333
2021-11-29,0.010084
2021-11-30,-0.019130
2021-12-01,-0.015120
2021-12-02,0.015404
2021-12-03,-0.011375
2021-12-06,0.011801
2021-12-07,0.021576
2021-12-08,0.004299
2021-12-09,-0.010779
2021-12-10,0.006154
2021-12-13,-0.009868
2021-12-14,-0.007689
2021-12-15,0.015057
2021-12-16,-0.010042
2021-12-17,-0.006259
2021-12-20,-0.012320
2021-12-21,0.019936
2021-12-22,0.009573
2021-12-23,0.006854
2021-12-27,0.012046
2021-12-28,-0.002438
2021-12-29,0.000553
2021-12-30,-0.000979
2021-12-31,-0.002389
2022-01-03,0.006155
2022-01-04,-0.002351
2022-01-05,-0.021879
2022-01-06,0.000161
2022-01-07,-0.004164
2022-01-10,-0.001893
2022-01-11,0.010905
2022-01-12,0.001817
2022-01-13,-0.014356
2022-01-14,0.000164
2022-01-18,-0.019346
2022-01-19,-0.009368
2022-01-20,-0.010991
2022-01-21,-0.019931
2022-01-24,0.004196
2022-01-25,-0.012440
2022-01-26,-0.003579
2022-01-27,-0.008106
2022-01-28,0.022473
2022-01-31,0.022431
2022-02-01,0.008548
2022-02-02,0.004746
2022-02-03,-0.023331
2022-02-04,0.007243
2022-02-07,-0.001807
2022-02-08,0.009147
2022-02-09,0.016251
2022-02-10,-0.016293
2022-02-11,-0.017672
2022-02-14,-0.004128
2022-02-15,0.017622
2022-02-16,0.000308
2022-02-17,-0.021239
2022-02-18,-0.008297
2022-02-22,-0.011235
2022-02-23,-0.018075
2022-02-24,0.016083
2022-02-25,0.022121
2022-02-28,-0.000365
2022-03-01,-0.015027
2022-03-02,0.017773
2022-03-03,-0.008077
2022-03-04,-0.010171
2022-03-07,-0.029143
2022-03-08,-0.004392
2022-03-09,0.026287
2022-03-10,-0.004184
2022-03-11,-0.013741
2022-03-14,-0.010539
2022-03-15,0.019118
2022-03-16,0.025417
2022-03-17,0.013941
2022-03-18,0.012298
2022-03-21,-0.001730
2022-03-22,0.011770
2022-03-23,-0.011877
2022-03-24,0.013111
2022-03-25,0.003084
2022-03-28,0.006122
2022-03-29,0.014708
2022-03-30,-0.007642
2022-03-31,-0.014539
2022-04-01,0.004477
2022-04-04,0.008315
2022-04-05,-0.014787
2022-04-06,-0.011276
2022-04-07,0.002480
2022-04-08,-0.003214
2022-04-11,-0.014385
2022-04-12,-0.002728
2022-04-13,0.013356
2022-04-14,-0.011685
2022-04-18,-0.002124
2022-04-19,0.016324
2022-04-20,-0.000861
2022-04-21,-0.016871
2022-04-22,-0.026382
2022-04-25,0.005326
2022-04-26,-0.028338
2022-04-27,0.001297
2022-04-28,0.022979
2022-04-29,-0.033543
2022-05-02,0.005966
2022-05-03,0.005109
2022-05-04,0.027983
2022-05-05,-0.036281
2022-05-06,-0.008396
2022-05-09,-0.035487
2022-05-10,0.001277
2022-05-11,-0.017115
2022-05-12,0.001470
2022-05-13,0.026999
2022-05-16,-0.004679
2022-05-17,0.020557
2022-05-18,-0.037661
2022-05-19,-0.002115
2022-05-20,-0.000026
2022-05-23,0.016398
2022-05-24,-0.010605
2022-05-25,0.011199
2022-05-26,0.019776
2022-05-27,0.024482
2022-05-31,-0.006957
2022-06-01,-0.006968
2022-06-02,0.020266
2022-06-03,-0.015360
2022-06-06,0.002954
2022-06-07,0.009806
2022-06-08,-0.010409
2022-06-09,-0.023580
2022-06-10,-0.028242
2022-06-13,-0.040683
2022-06-14,-0.003455
2022-06-15,0.014988
2022-06-16,-0.034246
2022-06-17,0.004000
2022-06-21,0.022508
2022-06-22,-0.002209
2022-06-23,0.009173
2022-06-24,0.029803
2022-06-27,-0.002129
2022-06-28,-0.018708
2022-06-29,-0.002681
2022-06-30,-0.008945
2022-07-01,0.011007
2022-07-05,0.002031
2022-07-06,0.000678
2022-07-07,0.016903
2022-07-08,-0.000824
2022-07-11,-0.013163
2022-07-12,-0.008058
2022-07-13,-0.003428
2022-07-14,-0.005548
2022-07-15,0.018546
2022-07-18,-0.005552
2022-07-19,0.027381
2022-07-20,0.007873
2022-07-21,0.009349
2022-07-22,-0.010469
2022-07-25,0.001988
2022-07-26,-0.011840
2022-07-27,0.025315
2022-07-28,0.012436
2022-07-29,0.013414
2022-08-01,-0.002154
2022-08-02,-0.005244
2022-08-03,0.014969
2022-08-04,-0.000469
2022-08-05,-0.000378
2022-08-08,0.001213
2022-08-09,-0.006349
2022-08-10,0.022615
2022-08-11,-0.000224
2022-08-12,0.016856
2022-08-15,0.002804
2022-08-16,0.001907
2022-08-17,-0.009190
2022-08-18,0.002709
2022-08-19,-0.014640
2022-08-22,-0.020291
2022-08-23,-0.000707
2022-08-24,0.003947
2022-08-25,0.014208
2022-08-26,-0.031867
2022-08-29,-0.006512
2022-08-30,-0.011447
2022-08-31,-0.007189
2022-09-01,-0.001093
2022-09-02,-0.008552
2022-09-06,-0.004937
2022-09-07,0.018279
2022-09-08,0.007387
2022-09-09,0.016682
2022-09-12,0.010793
2022-09-13,-0.040550
2022-09-14,0.003995
2022-09-15,-0.010278
2022-09-16,-0.009523
2022-09-19,0.006945
2022-09-20,-0.012176
2022-09-21,-0.015952
2022-09-22,-0.011461
2022-09-23,-0.019087
2022-09-26,-0.011469
2022-09-27,-0.000730
2022-09-28,0.021612
2022-09-29,-0.020934
2022-09-30,-0.012297
2022-10-03,0.025437
2022-10-04,0.032369
2022-10-05,-0.003162
2022-10-06,-0.009342
2022-10-07,-0.027375
2022-10-10,-0.008193
2022-10-11,-0.006415
2022-10-12,-0.002909
2022-10-13,0.023430
2022-10-14,-0.023710
2022-10-17,0.026731
2022-10-18,0.011592
2022-10-19,-0.008946
2022-10-20,-0.007498
2022-10-21,0.022119
2022-10-24,0.008700
2022-10-25,0.018290
2022-10-26,-0.004575
2022-10-27,-0.004139
2022-10-28,0.021281
2022-10-31,-0.005972
2022-11-01,-0.002194
2022-11-02,-0.025073
2022-11-03,-0.008895
2022-11-04,0.013226
2022-11-07,0.008101
2022-11-08,0.005273
2022-11-09,-0.021136
2022-11-10,0.055288
2022-11-11,0.010538
2022-11-14,-0.009507
2022-11-15,0.010174
2022-11-16,-0.009704
2022-11-17,-0.004122
2022-11-18,0.004185
2022-11-21,-0.004588
2022-11-22,0.013241
2022-11-23,0.005918
2022-11-25,0.000406
2022-11-28,-0.015647
2022-11-29,-0.000744
2022-11-30,0.029413
2022-12-01,0.000229
2022-12-02,-0.000581
2022-12-05,-0.019456
2022-12-06,-0.014051
2022-12-07,-0.001929
2022-12-08,0.007368
2022-12-09,-0.007468
2022-12-12,0.013023
2022-12-13,0.007299
2022-12-14,-0.005473
2022-12-15,-0.024078
2022-12-16,-0.010349
2022-12-19,-0.009614
2022-12-20,0.001879
2022-12-21,0.014642
2022-12-22,-0.014002
2022-12-23,0.005465
2022-12-27,-0.003930
2022-12-28,-0.012364
2022-12-29,0.018339
2022-12-30,-0.002451
2023-01-03,-0.003934
2023-01-04,0.009553
2023-01-05,-0.010970
2023-01-06,0.022257
2023-01-09,0.001059
2023-01-10,0.007316
2023-01-11,0.012571
2023-01-12,0.005718
2023-01-13,0.004322
2023-01-17,-0.001146
2023-01-18,-0.014241
2023-01-19,-0.007486
2023-01-20,0.018067
2023-01-23,0.011763
2023-01-24,-0.001146
2023-01-25,0.000339
2023-01-26,0.010381
2023-01-27,0.003473
2023-01-30,-0.012975
2023-01-31,0.015550
2023-02-01,0.011137
2023-02-02,0.013799
2023-02-03,-0.010632
2023-02-06,-0.007223
2023-02-07,0.011465
2023-02-08,-0.010374
2023-02-09,-0.008850
2023-02-10,0.001496
2023-02-13,0.010859
2023-02-14,0.000941
2023-02-15,0.004435
2023-02-16,-0.012705
2023-02-17,-0.002933
2023-02-21,-0.020457
2023-02-22,-0.000607
2023-02-23,0.004871
2023-02-24,-0.010160
2023-02-27,0.003327
2023-02-28,-0.002576
2023-03-01,-0.003159
2023-03-02,0.006503
2023-03-03,0.015546
2023-03-06,-0.001750
2023-03-07,-0.014599
2023-03-08,0.001270
2023-03-09,-0.019276
2023-03-10,-0.016483
2023-03-13,-0.003098
2023-03-14,0.015863
2023-03-15,-0.009262
2023-03-16,0.016293
2023-03-17,-0.012043
2023-03-20,0.008716
2023-03-21,0.013857
2023-03-22,-0.016420
2023-03-23,0.001793
2023-03-24,0.004737
2023-03-27,0.003207
2023-03-28,-0.000817
2023-03-29,0.013802
2023-03-30,0.005538
2023-03-31,0.014614
2023-04-03,0.003122
2023-04-04,-0.006606
2023-04-05,-0.004045
2023-04-06,0.003105
2023-04-10,0.002154
2023-04-11,0.001796
2023-04-12,-0.003977
2023-04-13,0.012827
2023-04-14,-0.002720
2023-04-17,0.003645
2023-04-18,0.000652
2023-04-19,-0.000454
2023-04-20,-0.005743
2023-04-21,0.000615
2023-04-24,0.000380
2023-04-25,-0.016696
2023-04-26,-0.004091
2023-04-27,0.017335
2023-04-28,0.008072
2023-05-01,-0.000652
2023-05-02,-0.012260
2023-05-03,-0.005189
2023-05-04,-0.006837
2023-05-05,0.018739
2023-05-08,0.000849
2023-05-09,-0.003907
2023-05-10,0.004086
2023-05-11,-0.002566
2023-05-12,-0.001936
2023-05-15,0.005045
2023-05-16,-0.008106
2023-05-17,0.012329
2023-05-18,0.008474
2023-05-19,-0.001860
2023-05-22,0.001904
2023-05-23,-0.010454
2023-05-24,-0.008000
2023-05-25,0.004950
2023-05-26,0.012610
2023-05-30,-0.000231
2023-05-31,-0.005725
2023-06-01,0.010187
2023-06-02,0.016242
2023-06-05,-0.002792
2023-06-06,0.005193
2023-06-07,-0.002024
2023-06-08,0.005209
2023-06-09,0.000098
2023-06-12,0.008518
2023-06-13,0.007512
2023-06-14,0.000057
2023-06-15,0.011707
2023-06-16,-0.003788
2023-06-20,-0.005432
2023-06-21,-0.004712
2023-06-22,0.001811
2023-06-23,-0.008474
2023-06-26,-0.002689
2023-06-27,0.011635
2023-06-28,0.000528
2023-06-29,0.004747
2023-06-30,0.011089
2023-07-03,0.002105
2023-07-05,-0.003315
2023-07-06,-0.009672
2023-07-07,0.000005
2023-07-10,0.004152
2023-07-11,0.007738
2023-07-12,0.007998
2023-07-13,0.009334
2023-07-14,-0.002944
2023-07-17,0.004496
2023-07-18,0.007299
2023-07-19,0.002571
2023-07-20,-0.007185
2023-07-21,0.000069
2023-07-24,0.003273
2023-07-25,0.002307
2023-07-26,0.000799
2023-07-27,-0.007487
2023-07-28,0.010608
2023-07-31,0.003173
2023-08-01,-0.003671
2023-08-02,-0.014385
2023-08-03,-0.002370
2023-08-04,-0.004195
2023-08-07,0.007546
2023-08-08,-0.004756
2023-08-09,-0.006457
2023-08-10,0.000092
2023-08-11,-0.000907
2023-08-14,0.004055
2023-08-15,-0.011781
2023-08-16,-0.007891
2023-08-17,-0.008395
2023-08-18,0.000602
2023-08-21,0.005540
2023-08-22,-0.001892
2023-08-23,0.011033
2023-08-24,-0.012548
2023-08-25,0.007025
2023-08-28,0.007092
2023-08-29,0.013164
2023-08-30,0.003824
2023-08-31,-0.001065
2023-09-01,0.002776
2023-09-05,-0.006126
2023-09-06,-0.006391
2023-09-07,-0.003839
2023-09-08,0.001012
2023-09-11,0.006483
2023-09-12,-0.004767
2023-09-13,0.000005
2023-09-14,0.008998
2023-09-15,-0.010526
2023-09-18,-0.000425
2023-09-19,-0.002633
2023-09-20,-0.008244
2023-09-21,-0.016903
2023-09-22,-0.001882
2023-09-25,0.003394
2023-09-26,-0.014143
2023-09-27,0.001060
2023-09-28,0.006627
2023-09-29,-0.002633
2023-10-02,-0.003498
2023-10-03,-0.014349
2023-10-04,0.007075
2023-10-05,-0.000735
2023-10-06,0.011483
2023-10-09,0.006120
2023-10-10,0.006470
2023-10-11,0.003842
2023-10-12,-0.008455
2023-10-13,-0.005077
2023-10-16,0.010957
2023-10-17,0.001091
2023-10-18,-0.014619
2023-10-19,-0.009179
2023-10-20,-0.012193
2023-10-23,-0.002426
2023-10-24,0.006950
2023-10-25,-0.014672
2023-10-26,-0.009124
2023-10-27,-0.005494
2023-10-30,0.010716
2023-10-31,0.006299
2023-11-01,0.009644
2023-11-02,0.020161
2023-11-03,0.011695
2023-11-06,-0.000780
2023-11-07,0.002356
2023-11-08,-0.000411
2023-11-09,-0.008442
2023-11-10,0.013967
2023-11-13,-0.000330
2023-11-14,0.022835
2023-11-15,0.001954
2023-11-16,-0.001165
2023-11-17,0.003330
2023-11-20,0.007017
2023-11-21,-0.002977
2023-11-22,0.004067
2023-11-24,0.001708
2023-11-27,-0.001871
2023-11-28,0.000915
2023-11-29,0.001082
2023-11-30,0.003946
2023-12-01,0.009181
2023-12-04,-0.003913
2023-12-05,-0.002322
2023-12-06,-0.003542
2023-12-07,0.007297
2023-12-08,0.004205
2023-12-11,0.003690
2023-12-12,0.003133
2023-12-13,0.016200
2023-12-14,0.006931
2023-12-15,-0.001579
2023-12-18,0.003856
2023-12-19,0.007711
2023-12-20,-0.014802
2023-12-21,0.011213
2023-12-22,0.002434
2023-12-26,0.005223
2023-12-27,0.001989
2023-12-28,-0.000111
2023-12-29,-0.004049
2024-01-02,-0.006546
2024-01-03,-0.010015
2024-01-04,-0.002642
2024-01-05,0.001646
2024-01-08,0.014021
2024-01-09,-0.002547
2024-01-10,0.004685
2024-01-11,-0.001333
2024-01-12,0.000550
2024-01-16,-0.005242
2024-01-17,-0.006324
2024-01-18,0.008049
2024-01-19,0.011554
2024-01-22,0.003822
2024-01-23,0.002103
2024-01-24,-0.000321
2024-01-25,0.005203
2024-01-26,0.000044
2024-01-29,0.008416
2024-01-30,-0.001334
2024-01-31,-0.015799
2024-02-01,0.012365
2024-02-02,0.007568
2024-02-05,-0.004994
2024-02-06,0.003588
2024-02-07,0.006775
2024-02-08,0.002366
2024-02-09,0.006382
2024-02-12,0.000951
2024-02-13,-0.016421
2024-02-14,0.011508
2024-02-15,0.008273
2024-02-16,-0.004713
2024-02-20,-0.006418
2024-02-21,0.000158
2024-02-22,0.018433
2024-02-23,0.000687
2024-02-26,-0.002388
2024-02-27,0.002686
2024-02-28,-0.002149
2024-02-29,0.005377
2024-03-01,0.008189
2024-03-04,-0.001162
2024-03-05,-0.009572
2024-03-06,0.005899
2024-03-07,0.009929
2024-03-08,-0.005701
2024-03-11,-0.001447
2024-03-12,0.009405
2024-03-13,-0.000746
2024-03-14,-0.004847
2024-03-15,-0.005012
2024-03-18,0.004593
2024-03-19,0.005022
2024-03-20,0.010377
2024-03-21,0.003784
2024-03-22,-0.002728
2024-03-25,-0.002195
2024-03-26,-0.002214
2024-03-27,0.009376
2024-03-28,0.001425
2024-04-01,-0.002870
2024-04-02,-0.007896
2024-04-03,0.002158
2024-04-04,-0.011202
2024-04-05,0.009819
2024-04-08,0.000671
2024-04-09,0.001795
2024-04-10,-0.011114
2024-04-11,0.006354
2024-04-12,-0.014894
2024-04-15,-0.012224
2024-04-16,-0.002789
2024-04-17,-0.005513
2024-04-18,-0.002084
2024-04-19,-0.006374
2024-04-22,0.008478
2024-04-23,0.012243
2024-04-24,-0.000467
2024-04-25,-0.003958
2024-04-26,0.009415
2024-04-29,0.003706
2024-04-30,-0.016220
2024-05-01,-0.002178
2024-05-02,0.010178
2024-05-03,0.011428
2024-05-06,0.010648
2024-05-07,0.000938
2024-05-08,-0.001020
2024-05-09,0.005880
2024-05-10,0.000732
2024-05-13,-0.000024
2024-05-14,0.005802
2024-05-15,0.011286
2024-05-16,-0.002303
2024-05-17,0.001631
2024-05-20,0.001426
2024-05-21,0.001352
2024-05-22,-0.003777
2024-05-23,-0.008627
2024-05-24,0.007304
2024-05-28,-0.000542
2024-05-29,-0.008469
2024-05-30,-0.002984
2024-05-31,0.007227
2024-06-03,0.000074
2024-06-04,-0.000910
2024-06-05,0.011596
2024-06-06,-0.000278
2024-06-07,-0.003188
2024-06-10,0.003009
2024-06-11,0.001215
2024-06-12,0.009215
2024-06-13,-0.000227
2024-06-14,-0.001966
2024-06-17,0.007148
2024-06-18,0.002286
2024-06-20,-0.002235
2024-06-21,-0.001147
2024-06-24,-0.001136
2024-06-25,0.002320
2024-06-26,0.000792
2024-06-27,0.002005
2024-06-28,-0.002679
2024-07-01,0.001195
2024-07-02,0.005761
2024-07-03,0.005245
2024-07-05,0.004255
2024-07-08,0.001143
2024-07-09,-0.000210
2024-07-10,0.009825
2024-07-11,-0.003314
2024-07-12,0.006245
2024-07-15,0.003602
2024-07-16,0.009000
2024-07-17,-0.013570
2024-07-18,-0.008876
2024-07-19,-0.006319
2024-07-22,0.010687
2024-07-23,-0.000684
2024-07-24,-0.021922
2024-07-25,-0.003251
2024-07-26,0.011320
2024-07-29,-0.000395
2024-07-30,-0.004022
2024-07-31,0.014456
2024-08-01,-0.015412
2024-08-02,-0.019843
2024-08-05,-0.028567
2024-08-06,0.010137
2024-08-07,-0.007394
2024-08-08,0.022780
2024-08-09,0.004177
2024-08-12,-0.000792
2024-08-13,0.016082
2024-08-14,0.003297
2024-08-15,0.016628
2024-08-16,0.002499
2024-08-19,0.009676
2024-08-20,-0.002907
2024-08-21,0.005503
2024-08-22,-0.008631
2024-08-23,0.013400
2024-08-26,-0.002737
2024-08-27,0.000819
2024-08-28,-0.006305
2024-08-29,0.001292
2024-08-30,0.009298
2024-09-03,-0.021166
2024-09-04,-0.001598
2024-09-05,-0.002862
2024-09-06,-0.016697
2024-09-09,0.010589
2024-09-10,0.003585
2024-09-11,0.009761
2024-09-12,0.008023
2024-09-13,0.007210
2024-09-16,0.002261
2024-09-17,0.000636
2024-09-18,-0.002449
2024-09-19,0.016849
2024-09-20,-0.002509
2024-09-23,0.002728
2024-09-24,0.003021
2024-09-25,-0.003168
2024-09-26,0.004793
2024-09-27,-0.000638
2024-09-30,0.003106
2024-10-01,-0.008476
2024-10-02,0.000172
2024-10-03,-0.002574
2024-10-04,0.009490
2024-10-07,-0.008913
2024-10-08,0.007437
2024-10-09,0.006420
2024-10-10,-0.001710
2024-10-11,0.007488
2024-10-14,0.006791
2024-10-15,-0.006670
2024-10-16,0.005568
2024-10-17,-0.000195
2024-10-18,0.003934
2024-10-21,-0.003560
2024-10-22,-0.000953
2024-10-23,-0.008643
2024-10-24,0.002615
2024-10-25,-0.001133
2024-10-28,0.004072
2024-10-29,0.001117
2024-10-30,-0.003113
2024-10-31,-0.017028
2024-11-01,0.003685
2024-11-04,-0.001724
2024-11-05,0.012631
2024-11-06,0.025795
2024-11-07,0.007115
2024-11-08,0.003842
2024-11-11,0.003150
2024-11-12,-0.004204
2024-11-13,-0.000771
2024-11-14,-0.006546
2024-11-15,-0.012270
2024-11-18,0.004452
2024-11-19,0.004707
2024-11-20,0.000581
2024-11-21,0.007160
2024-11-22,0.005529
2024-11-25,0.004285
2024-11-26,0.003277
2024-11-27,-0.002676
2024-11-29,0.005464
2024-12-02,0.001573
2024-12-03,0.000242
2024-12-04,0.006358
2024-12-05,-0.002458
2024-12-06,0.003013
2024-12-09,-0.006671
2024-12-10,-0.003941
2024-12-11,0.008102
2024-12-12,-0.006180
2024-12-13,-0.000774
2024-12-16,0.003597
2024-12-17,-0.004805
2024-12-18,-0.031161
2024-12-19,-0.001381
2024-12-20,0.010642
2024-12-23,0.005633
2024-12-24,0.010566
2024-12-26,0.000346
2024-12-27,-0.010692
2024-12-30,-0.009878
2024-12-31,-0.003392
